id,status,chance_of_playing_next_round,chance_of_playing_this_round,now_cost,now_cost_rank,now_cost_rank_type,cost_change_event,cost_change_event_fall,cost_change_start,cost_change_start_fall,selected_by_percent,selected_rank,selected_rank_type,total_points,event_points,points_per_game,points_per_game_rank,points_per_game_rank_type,bonus,bps,form,form_rank,form_rank_type,value_form,value_season,dreamteam_count,transfers_in,transfers_in_event,transfers_out,transfers_out_event,ep_next,ep_this,expected_goals,expected_assists,expected_goal_involvements,expected_goals_conceded,expected_goals_per_90,expected_assists_per_90,expected_goal_involvements_per_90,expected_goals_conceded_per_90,influence,influence_rank,influence_rank_type,creativity,creativity_rank,creativity_rank_type,threat,threat_rank,threat_rank_type,ict_index,ict_index_rank,ict_index_rank_type,corners_and_indirect_freekicks_order,direct_freekicks_order,penalties_order,gw,set_piece_threat,first_name,second_name,web_name,news,news_added,minutes,goals_scored,assists,clean_sheets,goals_conceded,own_goals,penalties_saved,penalties_missed,yellow_cards,red_cards,saves,starts,defensive_contribution,corners_and_indirect_freekicks_text,direct_freekicks_text,penalties_text,saves_per_90,clean_sheets_per_90,goals_conceded_per_90,starts_per_90,defensive_contribution_per_90,tackles,clearances_blocks_interceptions,recoveries
259,a,,,4.0,610,171,0,0,0,0,11.9,33,11,14,2,2.3,206,81,0,65,2.3,121,47,0.6,3.5,0,149610,447,608919,3464,2.3,2.3,0.1,0.17,0.27,10.79,0.02,0.03,0.05,1.8,121.6,41,18,24.2,202,66,9.0,258,88,15.5,131,43,,,,6,,Issa,Diop,Diop,,,540,0,0,0,12,0,0,0,0,0,0,6,51,,,,0.0,0.0,2.0,1.0,8.5,4,47,27
666,a,,,4.5,534,280,0,0,0,0,0.0,640,276,0,0,0.0,566,234,0,0,0.0,516,203,0.0,0.0,0,356,17,62,3,0.0,0.0,0.0,0.0,0.0,0.0,0.0,0.0,0.0,0.0,0.0,548,223,0.0,544,229,0.0,505,202,0.0,553,224,,,,6,,Kyran,Thompson,Thompson,,,0,0,0,0,0,0,0,0,0,0,0,0,0,,,,0.0,0.0,0.0,0.0,0.0,0,0,0
267,a,,,4.9,345,209,0,0,-1,1,0.1,422,155,15,4,2.5,193,81,0,84,2.3,127,49,0.5,3.1,0,3813,25,7205,29,2.3,2.3,0.02,0.46,0.48,9.18,0.0,0.08,0.08,1.69,71.0,131,44,81.2,59,48,6.0,287,147,15.8,124,65,1.0,,,6,,Saša,Lukić,Lukić,,,490,0,1,0,11,0,0,0,2,0,0,6,50,,,,0.0,0.0,2.02,1.1,9.18,11,20,19
300,a,,,4.4,539,44,0,0,-1,1,0.4,267,36,4,2,2.0,229,18,0,21,1.3,197,17,0.3,0.9,0,6757,165,16528,50,1.3,1.3,0.0,0.02,0.02,4.05,0.0,0.01,0.01,2.02,12.0,311,24,0.0,458,32,0.0,407,27,1.2,371,24,,,,6,,Christian,Walton,Walton,,,180,0,0,0,2,0,0,0,1,0,4,2,0,,,,2.0,0.0,1.0,1.0,0.0,0,3,23
301,a,,,4.0,597,57,0,0,0,0,3.8,90,15,0,0,0.0,444,33,0,0,0.0,372,30,0.0,0.0,0,84922,195,130679,478,0.0,0.0,0.0,0.0,0.0,0.0,0.0,0.0,0.0,0.0,0.0,421,33,0.0,409,14,0.0,353,9,0.0,425,33,,,,6,,Alex,Palmer,Palmer,,,0,0,0,0,0,0,0,0,0,0,0,0,0,,,,0.0,0.0,0.0,0.0,0.0,0,0,0
302,a,,,4.0,590,52,0,0,0,0,0.6,234,34,0,0,0.0,437,28,0,0,0.0,365,25,0.0,0.0,0,34367,38,16894,49,0.0,0.0,0.0,0.0,0.0,0.0,0.0,0.0,0.0,0.0,0.0,414,28,0.0,402,9,0.0,346,4,0.0,418,28,,,,6,,David,Button,Button,,,0,0,0,0,0,0,0,0,0,0,0,0,0,,,,0.0,0.0,0.0,0.0,0.0,0,0,0
303,a,,,3.9,663,213,0,0,-1,1,0.9,194,75,0,0,0.0,430,153,0,0,0.0,358,126,0.0,0.0,0,53006,241,32653,256,0.0,0.0,0.0,0.0,0.0,0.0,0.0,0.0,0.0,0.0,0.0,407,148,0.0,395,144,0.0,339,129,0.0,411,147,,,,6,,Cédric,Kipré,Kipré,,,0,0,0,0,0,0,0,0,0,0,0,0,0,,,,0.0,0.0,0.0,0.0,0.0,0,0,0
304,a,,,4.0,609,170,0,0,0,0,2.5,109,42,21,11,3.5,113,46,3,50,4.7,46,19,1.2,5.2,0,72431,366,148223,541,4.7,4.7,0.3,0.28,0.58,10.79,0.05,0.05,0.1,1.8,130.0,31,11,71.0,72,12,21.0,177,53,22.1,71,15,,,,6,,Dara,O'Shea,O'Shea,,,540,1,0,0,12,0,0,0,0,0,0,6,57,,,,0.0,0.0,2.0,1.0,9.5,8,49,25
310,a,100.0,100.0,4.9,354,211,0,0,-1,1,0.0,649,284,0,0,0.0,584,245,0,0,0.0,542,219,0.0,0.0,0,137,1,295,1,0.0,0.0,0.0,0.0,0.0,0.0,0.0,0.0,0.0,0.0,0.0,568,235,0.0,566,240,0.0,533,217,0.0,573,236,,,,6,,Azor,Matusiwa,Matusiwa,,,0,0,0,0,0,0,0,0,0,0,0,0,0,,,,0.0,0.0,0.0,0.0,0.0,0,0,0
311,u,0.0,0.0,5.0,247,153,0,0,0,0,0.0,655,289,0,0,0.0,600,255,0,0,0.0,568,238,0.0,0.0,0,0,0,350,0,0.0,0.0,0.0,0.0,0.0,0.0,0.0,0.0,0.0,0.0,0.0,588,249,0.0,589,254,0.0,565,239,0.0,594,251,,,,6,,Wes,Burns,Burns,Has joined Leicester City permanently,,0,0,0,0,0,0,0,0,0,0,0,0,0,,,,0.0,0.0,0.0,0.0,0.0,0,0,0
312,a,100.0,100.0,4.4,553,287,0,0,-1,1,0.0,532,214,0,0,0.0,493,206,0,0,0.0,434,173,0.0,0.0,0,1405,68,2900,16,0.0,0.0,0.0,0.0,0.0,0.0,0.0,0.0,0.0,0.0,0.0,472,195,0.0,464,201,0.0,414,173,0.0,477,196,,,,6,,Jack,Taylor,Taylor,,,0,0,0,0,0,0,0,0,0,0,0,0,0,,,,0.0,0.0,0.0,0.0,0.0,0,0,0
313,a,,,5.3,219,138,0,0,-2,2,0.2,348,122,15,4,3.0,152,64,1,65,2.3,138,58,0.4,2.8,0,5983,34,16837,69,2.3,2.3,0.3,0.4,0.7,2.18,0.14,0.18,0.32,1.0,52.0,187,76,55.4,104,70,45.0,106,60,15.2,139,72,4.0,3.0,1.0,6,,Jack,Clarke,Clarke,,,197,1,1,0,2,0,0,0,1,0,0,2,12,,,,0.0,0.0,0.91,0.91,5.48,2,4,6
314,u,0.0,0.0,4.9,353,210,0,0,-1,1,0.0,633,270,0,0,0.0,583,244,0,0,0.0,541,218,0.0,0.0,0,104,0,1255,3,0.0,0.0,0.0,0.0,0.0,0.0,0.0,0.0,0.0,0.0,0.0,567,234,0.0,565,239,0.0,532,216,0.0,572,235,,,,6,,Chiedozie,Ogbene,Ogbene,Has joined Lincoln City on loan until January,,0,0,0,0,0,0,0,0,0,0,0,0,0,,,,0.0,0.0,0.0,0.0,0.0,0,0,0
315,a,100.0,0.0,5.4,198,124,0,0,-1,1,0.1,377,135,8,0,1.6,269,120,0,71,0.0,625,273,0.0,1.5,0,5397,5,15726,121,0.0,0.0,0.17,1.11,1.28,7.79,0.04,0.28,0.32,1.99,64.8,148,53,133.7,23,22,41.0,120,67,24.0,56,37,2.0,,,6,,Abdul,Fatawu,Fatawu,,,352,0,1,0,10,0,0,0,2,1,0,5,28,,,,0.0,0.0,2.56,1.28,7.16,9,8,11
316,a,100.0,100.0,5.6,123,32,0,0,1,-1,4.0,85,13,28,2,4.7,64,6,6,118,5.3,30,4,0.9,5.0,0,381391,1957,165476,3850,5.3,5.3,2.05,0.13,2.18,5.89,0.48,0.03,0.51,1.37,98.8,80,6,50.4,117,10,104.0,32,13,25.3,52,9,,,2.0,6,,Emersonn,Correia da Silva,Emersonn,,,387,2,1,0,7,0,0,0,0,0,0,6,14,,,,0.0,0.0,1.63,1.4,3.26,4,5,5
317,u,0.0,0.0,5.0,265,52,0,0,0,0,0.1,457,66,0,0,0.0,606,65,0,0,0.0,574,56,0.0,0.0,0,0,0,17739,41,0.0,0.0,0.0,0.0,0.0,0.0,0.0,0.0,0.0,0.0,0.0,594,60,0.0,596,64,0.0,573,59,0.0,600,64,,,,6,,George,Hirst,Hirst,Has joined Stoke City permanently,,0,0,0,0,0,0,0,0,0,0,0,0,0,,,,0.0,0.0,0.0,0.0,0.0,0,0,0
618,i,0.0,0.0,5.9,80,53,0,0,-1,1,0.0,557,230,0,0,0.0,655,290,0,0,0.0,645,287,0.0,0.0,0,4669,4,4883,17,0.0,0.0,0.0,0.0,0.0,0.0,0.0,0.0,0.0,0.0,0.0,650,289,0.0,655,290,0.0,648,288,0.0,655,290,,,,6,,Leon,Goretzka,Goretzka,Knee injury - Expected back 17 Oct,,0,0,0,0,0,0,0,0,0,0,0,0,0,,,,0.0,0.0,0.0,0.0,0.0,0,0,0
218,a,,,4.8,409,249,0,0,-2,2,0.0,504,198,0,0,0.0,572,238,0,0,0.0,524,208,0.0,0.0,0,2201,11,4715,18,0.0,0.0,0.0,0.0,0.0,0.0,0.0,0.0,0.0,0.0,0.0,556,228,0.0,551,233,0.0,514,207,0.0,561,229,,,,6,,Cheick,Doucouré,Doucouré,,,0,0,0,0,0,0,0,0,0,0,0,0,0,,,,0.0,0.0,0.0,0.0,0.0,0,0,0
297,i,0.0,0.0,4.4,559,289,0,0,-1,1,0.0,580,239,0,0,0.0,495,207,0,0,0.0,438,175,0.0,0.0,0,523,4,1709,7,0.0,0.0,0.0,0.0,0.0,0.0,0.0,0.0,0.0,0.0,0.0,474,196,0.0,466,202,0.0,416,174,0.0,479,197,,,,6,,Darko,Gyabi,Gyabi,Thigh injury - Unknown return date,,0,0,0,0,0,0,0,0,0,0,0,0,0,,,,0.0,0.0,0.0,0.0,0.0,0,0,0
298,u,0.0,0.0,4.5,487,68,0,0,0,0,0.2,364,56,0,0,0.0,532,54,0,0,0.0,480,45,0.0,0.0,0,0,0,23477,86,0.0,0.0,0.0,0.0,0.0,0.0,0.0,0.0,0.0,0.0,0.0,512,47,0.0,509,52,0.0,466,46,0.0,517,51,,,,6,,Enis,Destan,Destan,Has joined Konyaspor permanently,,0,0,0,0,0,0,0,0,0,0,0,0,0,,,,0.0,0.0,0.0,0.0,0.0,0,0,0
299,u,0.0,0.0,4.5,493,69,0,0,0,0,0.0,542,72,0,0,0.0,536,55,0,0,0.0,484,46,0.0,0.0,0,0,0,3205,10,0.0,0.0,0.0,0.0,0.0,0.0,0.0,0.0,0.0,0.0,0.0,517,48,0.0,514,53,0.0,471,47,0.0,522,52,,,,6,,Mason,Burstow,Burstow,Has joined Sheffield Wednesday on loan for the rest of the season,,0,0,0,0,0,0,0,0,0,0,0,0,0,,,,0.0,0.0,0.0,0.0,0.0,0,0,0
340,a,100.0,100.0,5.0,280,171,0,0,0,0,0.0,598,250,1,0,1.0,365,165,0,5,0.3,324,148,0.1,0.2,0,758,5,1093,8,0.3,0.3,0.1,0.02,0.12,0.13,1.29,0.26,1.55,1.67,1.6,389,181,1.3,353,176,12.0,238,124,1.5,362,173,,,,6,,Joe,Gelhardt,Gelhardt,,,7,0,0,0,0,0,0,0,0,0,0,0,1,,,,0.0,0.0,0.0,0.0,12.86,0,0,1
556,i,0.0,0.0,4.0,602,165,0,0,0,0,1.5,145,58,1,0,1.0,309,110,0,3,0.0,377,133,0.0,0.2,0,24900,5,101432,1158,0.0,0.0,0.0,0.0,0.0,0.07,0.0,0.0,0.0,1.26,0.4,402,146,0.0,414,151,0.0,358,136,0.0,429,153,,,,6,,Matt,Targett,Targett,Ankle injury - Unknown return date,,5,0,0,0,0,0,0,0,0,0,0,0,0,,,,0.0,0.0,0.0,0.0,0.0,0,0,1
305,a,,,4.0,622,178,0,0,0,0,7.7,47,16,26,1,4.3,77,35,1,57,5.7,21,7,1.4,6.5,0,491639,2521,224488,2533,5.7,5.7,1.64,0.47,2.11,10.79,0.27,0.08,0.35,1.8,144.8,25,7,61.9,91,20,117.0,24,2,32.5,24,2,,2.0,,6,,Leif,Davis,Davis,,,540,2,2,0,12,0,0,0,1,0,0,6,28,,,,0.0,0.0,2.0,1.0,4.67,4,24,11
306,a,,,3.9,665,215,0,0,-1,1,1.1,166,67,3,0,0.8,408,142,0,12,0.3,292,99,0.1,0.8,0,23273,814,46632,298,0.3,0.3,0.0,0.06,0.06,6.74,0.0,0.02,0.02,1.7,68.6,136,62,16.9,230,78,4.0,301,106,9.0,223,81,,,,6,,Jacob,Greaves,Greaves,,,357,0,0,0,10,1,0,0,1,0,0,4,30,,,,0.0,0.0,2.52,1.01,7.56,5,25,12
307,u,0.0,0.0,4.0,611,172,0,0,0,0,0.1,489,174,0,0,0.0,451,160,0,0,0.0,381,135,0.0,0.0,0,1137,0,6772,30,0.0,0.0,0.0,0.0,0.0,0.0,0.0,0.0,0.0,0.0,0.0,428,155,0.0,419,154,0.0,363,139,0.0,433,155,,,,6,,Ben,Johnson,Johnson,Has joined Stoke City on loan for the rest of the season,,0,0,0,0,0,0,0,0,0,0,0,0,0,,,,0.0,0.0,0.0,0.0,0.0,0,0,0
308,a,,,3.9,662,212,0,0,-1,1,0.6,232,89,1,0,1.0,307,108,0,-1,0.0,357,125,0.0,0.3,0,22087,154,22752,164,0.0,0.0,0.0,0.0,0.0,0.86,0.0,0.0,0.0,4.55,5.0,359,134,0.5,370,138,0.0,338,128,0.6,386,138,,,,6,,Darnell,Furlong,Furlong,,,17,0,0,0,1,0,0,0,0,0,0,0,3,,,,0.0,0.0,5.29,0.0,15.88,1,2,0
309,a,,,4.9,376,222,0,0,-1,1,0.1,418,152,6,0,3.0,146,59,0,32,0.0,553,226,0.0,1.2,0,3179,4,8254,35,0.0,0.0,0.03,0.05,0.08,3.48,0.02,0.03,0.05,2.24,24.6,269,113,19.4,220,120,6.0,288,148,5.0,291,130,3.0,1.0,,6,,Marcelino,Núñez,Núñez,,,140,0,0,0,4,0,0,0,0,0,0,2,21,,,,0.0,0.0,2.57,1.29,13.5,3,8,10
320,a,,,5.0,246,51,0,0,0,0,1.1,169,26,8,1,2.0,236,23,0,42,0.7,266,28,0.1,1.6,0,134571,382,82137,741,0.7,0.7,1.3,0.0,1.3,4.41,1.21,0.0,1.21,4.09,34.6,238,20,2.5,326,42,24.0,171,29,6.1,267,28,,,,6,,Chuba,Akpom,Akpom,,,97,1,0,0,4,0,0,0,0,0,0,0,4,,,,0.0,0.0,3.71,0.0,3.71,1,0,3
321,a,,,4.5,500,71,0,0,0,0,3.5,97,15,2,1,1.0,333,36,0,8,0.3,308,36,0.1,0.4,0,356270,1658,238714,1759,0.3,0.3,0.1,0.0,0.1,0.24,0.47,0.0,0.47,1.14,0.0,523,50,0.1,390,49,0.0,477,49,0.0,528,54,,,,6,,Sindre,Walle Egeli,Walle Egeli,,,19,0,0,0,0,0,0,0,0,0,0,0,1,,,,0.0,0.0,0.0,0.0,4.74,0,0,1
322,u,0.0,0.0,5.0,279,55,0,0,0,0,0.0,501,71,0,0,0.0,610,67,0,0,0.0,579,58,0.0,0.0,0,755,0,10267,23,0.0,0.0,0.0,0.0,0.0,0.0,0.0,0.0,0.0,0.0,0.0,598,62,0.0,603,66,0.0,580,61,0.0,604,66,,,,6,,Ali,Al-Hamadi,Al-Hamadi,Has joined Sheffield Wednesday on loan for the rest of the season,,0,0,0,0,0,0,0,0,0,0,0,0,0,,,,0.0,0.0,0.0,0.0,0.0,0,0,0
323,a,,,4.4,558,288,0,0,-1,1,1.0,178,57,3,0,1.0,325,144,0,12,0.0,437,174,0.0,0.7,0,31444,233,70083,379,0.0,0.0,0.05,0.0,0.05,0.21,0.11,0.0,0.11,0.45,4.6,363,169,1.8,337,169,7.0,275,141,1.4,366,175,,,,6,,Kasey,McAteer,McAteer,,,42,0,0,0,0,0,0,0,0,0,0,0,5,,,,0.0,0.0,0.0,0.0,10.71,1,0,4
324,a,,,4.8,407,247,0,0,-2,2,0.0,535,217,0,0,0.0,571,237,0,0,0.0,522,206,0.0,0.0,0,444,3,2654,7,0.0,0.0,0.0,0.0,0.0,0.0,0.0,0.0,0.0,0.0,0.0,555,227,0.0,550,232,0.0,513,206,0.0,560,228,,,,6,,Anis,Mehmeti,Mehmeti,,,0,0,0,0,0,0,0,0,0,0,0,0,0,,,,0.0,0.0,0.0,0.0,0.0,0,0,0
554,u,0.0,0.0,4.5,494,42,0,0,0,0,0.0,587,70,0,0,0.0,537,66,0,0,0.0,485,64,0.0,0.0,0,54,0,2052,4,0.0,0.0,0.0,0.0,0.0,0.0,0.0,0.0,0.0,0.0,0.0,518,66,0.0,515,53,0.0,472,51,0.0,523,66,,,,6,,Kayne,van Oevelen,Van Oevelen,Has joined Valencia on loan for the rest of the season,,0,0,0,0,0,0,0,0,0,0,0,0,0,,,,0.0,0.0,0.0,0.0,0.0,0,0,0
327,a,,,5.0,275,41,0,0,0,0,0.7,221,85,13,1,3.2,135,56,2,32,0.3,322,116,0.1,2.6,0,69731,51,63632,429,0.3,0.3,0.11,0.0,0.11,3.44,0.06,0.0,0.06,1.84,38.2,223,90,0.6,369,137,15.0,220,71,5.4,285,107,,,,6,,Jaka,Bijol,Bijol,,,168,0,0,1,2,0,0,0,0,0,0,2,23,,,,0.0,0.54,1.07,1.07,12.32,3,20,7
329,i,0.0,0.0,4.3,579,154,0,0,-2,2,0.6,229,87,7,0,3.5,114,47,0,25,0.0,423,166,0.0,1.6,0,26998,3,312147,454,0.0,0.0,0.03,0.06,0.09,1.01,0.02,0.04,0.06,0.74,23.0,274,112,14.7,241,84,7.0,274,96,4.5,299,112,,,,6,,Joe,Rodon,Rodon,Hamstring injury - Expected back 21 Nov,,123,0,0,1,0,0,0,0,0,0,0,2,11,,,,0.0,0.73,0.0,1.46,8.05,1,10,2
330,a,,,4.6,426,82,0,0,1,-1,8.3,43,14,43,1,7.2,9,4,6,123,7.0,8,4,1.5,9.3,0,805545,9791,129546,2365,7.0,7.0,1.57,0.11,1.68,5.19,0.31,0.02,0.33,1.04,108.8,59,25,34.6,171,51,119.0,23,1,26.2,46,5,,,,6,,Jayden,Bogle,Bogle,,,450,2,0,4,3,0,0,0,2,0,0,6,17,,,,0.0,0.8,0.6,1.2,3.4,5,12,16
331,a,100.0,100.0,4.5,463,106,0,0,0,0,0.1,439,161,18,4,4.5,68,30,0,82,5.3,27,10,1.2,4.0,0,5780,303,3303,15,5.3,5.3,0.07,0.26,0.33,6.41,0.02,0.07,0.09,1.69,38.6,222,89,29.5,188,59,8.0,268,94,7.7,238,88,,,,6,,Gabriel,Gudmundsson,Gudmundsson,,,342,0,1,2,3,0,0,0,0,0,0,4,18,,,,0.0,0.53,0.79,1.05,4.74,10,8,15
332,a,,,4.5,453,100,0,0,0,0,1.5,148,61,32,6,5.3,44,18,4,103,5.3,26,9,1.2,7.1,0,133554,1982,80685,265,5.3,5.3,0.39,0.42,0.81,7.95,0.07,0.07,0.14,1.36,103.6,74,34,56.1,102,25,41.0,118,29,20.0,88,27,,,,6,,James,Justin,Justin,,,528,1,0,2,5,0,0,0,1,0,0,6,49,,,,0.0,0.34,0.85,1.02,8.35,17,32,17
333,u,0.0,0.0,4.5,470,112,0,0,0,0,0.0,656,216,0,0,0.0,524,195,0,0,0.0,471,184,0.0,0.0,0,0,0,304,0,0.0,0.0,0.0,0.0,0.0,0.0,0.0,0.0,0.0,0.0,0.0,504,193,0.0,500,192,0.0,453,184,0.0,509,193,,,,6,,Sebastiaan,Bornauw,Bornauw,Has joined Hamburg SV on loan for the rest of the season,,0,0,0,0,0,0,0,0,0,0,0,0,0,,,,0.0,0.0,0.0,0.0,0.0,0,0,0
334,a,,,5.0,308,51,0,0,0,0,4.6,79,30,27,0,4.5,69,31,0,105,4.3,61,26,0.9,5.4,0,372438,831,220465,1617,4.3,4.3,0.49,0.05,0.54,9.04,0.08,0.01,0.09,1.51,147.4,19,4,13.6,255,92,41.0,119,30,20.2,86,25,,,,6,,Tarik,Muharemović,Muharemović,,,540,0,1,2,5,0,0,0,1,0,0,6,67,,,,0.0,0.33,0.83,1.0,11.17,5,62,19
335,a,,,6.0,72,48,0,0,0,0,2.4,115,36,29,2,4.8,63,26,3,99,3.3,91,33,0.6,4.8,0,208576,835,184609,1061,3.3,3.3,1.07,0.48,1.55,8.75,0.18,0.08,0.26,1.47,116.4,47,17,93.3,45,38,55.0,87,52,26.5,45,34,1.0,1.0,,6,,Anton,Stach,Stach,,,537,1,0,3,4,0,0,0,0,0,0,6,68,,,,0.0,0.5,0.67,1.01,11.4,16,28,24
336,a,,,5.8,102,64,0,0,-2,2,0.4,274,90,20,2,3.3,128,49,1,86,4.7,55,19,0.8,3.4,0,30170,558,40953,240,4.7,4.7,0.22,0.28,0.5,3.77,0.05,0.07,0.12,0.92,67.0,140,47,41.4,152,97,40.0,124,69,14.8,148,75,,,,6,,Noah,Okafor,Okafor,,,369,1,0,3,3,0,0,0,0,0,0,5,20,,,,0.0,0.73,0.73,1.22,4.88,7,3,10
337,a,,,5.3,215,134,0,0,-2,2,0.4,262,85,8,1,1.3,291,132,0,37,1.0,234,108,0.2,1.5,0,6992,20,51985,165,1.0,1.0,0.01,0.02,0.03,4.95,0.0,0.01,0.01,2.09,11.8,313,139,3.7,318,161,9.0,264,136,2.5,337,158,,4.0,,6,,Brenden,Aaronson,Aaronson,,,213,0,0,1,3,0,0,0,0,0,0,2,18,,,,0.0,0.42,1.27,0.85,7.61,4,2,12
338,a,,,5.4,172,109,0,0,-1,1,0.9,191,59,22,1,3.7,108,43,0,99,4.3,64,21,0.8,4.1,0,21205,284,68273,319,4.3,4.3,0.09,0.29,0.38,9.04,0.02,0.05,0.07,1.51,88.6,100,28,67.1,85,62,5.0,295,153,16.1,122,64,,,,6,,Ethan,Ampadu,Ampadu,,,540,0,1,2,5,0,0,0,1,0,0,6,66,,,,0.0,0.33,0.83,1.0,11.0,13,27,26
339,a,,,4.8,403,244,0,0,-2,2,0.1,442,167,2,0,1.0,338,147,0,7,0.3,312,142,0.1,0.4,0,2777,44,8754,38,0.3,0.3,0.0,0.0,0.0,0.35,0.0,0.0,0.0,3.15,0.0,553,226,0.2,387,194,0.0,511,205,0.0,558,227,3.0,3.0,,6,,Sean,Longstaff,Longstaff,,,10,0,0,0,1,0,0,0,0,0,0,0,0,,,,0.0,0.0,9.0,0.0,0.0,0,0,0
341,u,0.0,0.0,5.0,298,181,0,0,0,0,0.0,628,267,0,0,0.0,619,266,0,0,0.0,588,250,0.0,0.0,0,244,0,1860,3,0.0,0.0,0.0,0.0,0.0,0.0,0.0,0.0,0.0,0.0,0.0,607,260,0.0,613,265,0.0,590,251,0.0,613,262,,,,6,,Wilfried,Gnonto,Gnonto,Has joined ACF Fiorentina on loan for the rest of the season,,0,0,0,0,0,0,0,0,0,0,0,0,0,,,,0.0,0.0,0.0,0.0,0.0,0,0,0
342,u,0.0,0.0,5.0,263,165,0,0,0,0,0.0,665,297,0,0,0.0,604,259,0,0,0.0,572,242,0.0,0.0,0,0,0,81,0,0.0,0.0,0.0,0.0,0.0,0.0,0.0,0.0,0.0,0.0,0.0,592,253,0.0,594,258,0.0,571,244,0.0,598,255,,,,6,,Jack,Harrison,Harrison,Has joined New England Revolution permanently,,0,0,0,0,0,0,0,0,0,0,0,0,0,,,,0.0,0.0,0.0,0.0,0.0,0,0,0
343,i,0.0,0.0,4.9,341,206,0,0,-1,1,0.1,440,165,3,0,1.0,347,152,0,9,0.7,260,121,0.1,0.6,0,4231,2,9274,119,0.0,0.0,0.35,0.01,0.36,1.61,0.61,0.02,0.63,2.79,1.2,394,184,1.3,352,175,19.0,191,104,1.9,351,167,,,,6,,Daniel,James,James,Back injury - Expected back 18 Oct,,52,0,0,0,1,0,0,0,0,0,0,0,5,,,,0.0,0.0,1.73,0.0,8.65,0,1,4
344,a,100.0,100.0,5.0,289,175,0,0,0,0,0.0,646,281,0,0,0.0,613,262,0,0,0.0,582,246,0.0,0.0,0,160,3,332,1,0.0,0.0,0.0,0.0,0.0,0.0,0.0,0.0,0.0,0.0,0.0,601,256,0.0,607,261,0.0,584,247,0.0,607,258,,,,6,,Ilia,Gruev,Gruev,,,0,0,0,0,0,0,0,0,0,0,0,0,0,,,,0.0,0.0,0.0,0.0,0.0,0,0,0
348,u,0.0,0.0,5.0,271,54,0,0,0,0,0.1,492,68,0,0,0.0,609,66,0,0,0.0,578,57,0.0,0.0,0,0,0,11540,22,0.0,0.0,0.0,0.0,0.0,0.0,0.0,0.0,0.0,0.0,0.0,597,61,0.0,599,65,0.0,576,60,0.0,603,65,,,3.0,6,,Joël,Piroe,Piroe,Has joined West Ham United on loan for the rest of the season,,0,0,0,0,0,0,0,0,0,0,0,0,0,,,,0.0,0.0,0.0,0.0,0.0,0,0,0
349,i,0.0,0.0,4.5,501,72,0,0,0,0,0.1,496,69,0,0,0.0,542,57,0,0,0.0,491,48,0.0,0.0,0,3506,26,4867,40,0.0,0.0,0.0,0.0,0.0,0.0,0.0,0.0,0.0,0.0,0.0,524,51,0.0,520,55,0.0,478,50,0.0,529,55,,,,6,,Mateo,Joseph Fernández-Regatillo,Mateo Joseph,Knee injury - Unknown return date,,0,0,0,0,0,0,0,0,0,0,0,0,0,,,,0.0,0.0,0.0,0.0,0.0,0,0,0
385,a,,,5.0,273,10,0,0,0,0,5.6,69,10,30,2,5.0,51,5,5,132,5.0,38,4,1.0,6.0,0,289547,1434,178767,799,5.0,5.0,0.0,0.01,0.01,9.04,0.0,0.0,0.0,1.51,148.6,18,3,0.0,600,67,0.0,577,66,14.9,143,4,,,,6,,James,Trafford,Trafford,,,540,0,0,2,5,0,0,0,0,0,24,6,0,,,,4.0,0.33,0.83,1.0,0.0,0,7,69
598,a,,,4.5,444,93,0,0,0,0,0.1,483,171,14,1,2.8,163,65,0,56,3.0,96,41,0.7,3.1,0,6153,20,3132,16,3.0,3.0,0.12,0.58,0.7,7.75,0.03,0.13,0.16,1.7,83.0,110,49,25.4,196,63,39.0,126,34,14.8,145,50,,,,6,,Nico,Elvedi,Elvedi,,,411,0,0,1,5,0,0,0,0,0,0,4,34,,,,0.0,0.22,1.09,0.88,7.45,3,31,10
355,a,,,4.0,624,68,0,0,0,0,0.2,366,41,0,0,0.0,459,44,0,0,0.0,391,41,0.0,0.0,0,5085,25,4555,24,0.0,0.0,0.0,0.0,0.0,0.0,0.0,0.0,0.0,0.0,0.0,436,44,0.0,427,25,0.0,371,20,0.0,441,44,,,,6,,Harvey,Davies,Davies,,,0,0,0,0,0,0,0,0,0,0,0,0,0,,,,0.0,0.0,0.0,0.0,0.0,0,0,0
356,a,,,6.5,34,2,0,0,0,0,16.0,27,9,25,0,5.0,54,22,0,96,5.3,33,13,0.8,3.8,0,306282,2480,672399,2397,5.3,5.3,0.25,0.08,0.33,6.12,0.05,0.02,0.07,1.22,125.0,36,15,22.3,214,71,26.0,164,49,17.4,114,37,,,,6,,Virgil,van Dijk,Virgil,,,450,0,0,3,4,0,0,0,1,0,0,5,48,,,,0.0,0.6,0.8,1.0,9.6,5,43,18
357,a,,,5.3,209,28,0,0,-2,2,1.7,134,53,2,0,0.7,420,147,0,24,0.3,334,119,0.1,0.4,0,59940,177,257804,599,0.3,0.3,0.01,0.23,0.24,3.91,0.01,0.12,0.13,1.98,39.4,219,87,76.5,65,10,16.0,211,65,13.2,168,59,,,,6,,Jeremie,Frimpong,Frimpong,,,178,0,0,0,4,0,0,0,1,0,0,2,12,,,,0.0,0.0,2.02,1.01,6.07,4,8,7
358,a,,,5.3,229,32,0,0,-2,2,2.1,123,49,13,0,2.6,188,74,0,63,2.3,139,54,0.4,2.5,0,49635,204,203255,581,2.3,2.3,0.07,0.08,0.15,5.65,0.02,0.02,0.04,1.32,75.4,122,55,47.3,129,34,14.0,227,74,13.7,160,56,,,,6,,Milos,Kerkez,Kerkez,,,385,0,0,2,4,0,0,0,2,0,0,4,30,,,,0.0,0.47,0.94,0.94,7.01,8,22,10
359,a,100.0,100.0,4.9,338,56,0,0,-1,1,0.0,558,190,0,0,0.0,579,206,0,0,0.0,535,199,0.0,0.0,0,939,27,1229,12,0.0,0.0,0.0,0.0,0.0,0.0,0.0,0.0,0.0,0.0,0.0,563,205,0.0,559,204,0.0,526,201,0.0,568,205,,,,6,,Joe,Gomez,Gomez,,,0,0,0,0,0,0,0,0,0,0,0,0,0,,,,0.0,0.0,0.0,0.0,0.0,0,0,0
360,i,0.0,0.0,5.0,297,49,0,0,0,0,0.0,610,206,0,0,0.0,618,213,0,0,0.0,587,207,0.0,0.0,0,402,4,852,9,0.0,0.0,0.0,0.0,0.0,0.0,0.0,0.0,0.0,0.0,0.0,606,212,0.0,612,212,0.0,589,209,0.0,612,212,,,,6,,Conor,Bradley,Bradley,Knee injury - Unknown return date,,0,0,0,0,0,0,0,0,0,0,0,0,0,,,,0.0,0.0,0.0,0.0,0.0,0,0,0
361,a,,,4.0,634,185,0,0,0,0,0.1,394,148,0,0,0.0,468,167,0,0,0.0,401,145,0.0,0.0,0,4021,24,6152,27,0.0,0.0,0.0,0.0,0.0,0.0,0.0,0.0,0.0,0.0,0.0,445,162,0.0,436,161,0.0,380,146,0.0,450,162,,,,6,,Wellity,Lucky,Lucky,,,0,0,0,0,0,0,0,0,0,0,0,0,0,,,,0.0,0.0,0.0,0.0,0.0,0,0,0
362,a,100.0,100.0,5.0,319,53,0,0,0,0,3.6,95,35,24,0,4.8,60,26,3,112,5.0,39,17,1.0,4.8,0,267460,3194,151831,648,5.0,5.0,0.0,0.14,0.14,5.51,0.0,0.03,0.03,1.19,106.2,65,29,44.5,139,37,4.0,310,114,15.5,134,45,,,,6,,Jeremy,Jacquet,Jacquet,,,415,0,0,3,4,0,0,0,1,0,0,5,36,,,,0.0,0.65,0.87,1.08,7.81,11,25,21
363,i,0.0,0.0,4.0,658,208,0,0,0,0,0.0,538,186,0,0,0.0,486,184,0,0,0.0,421,164,0.0,0.0,0,908,4,2268,8,0.0,0.0,0.0,0.0,0.0,0.0,0.0,0.0,0.0,0.0,0.0,464,180,0.0,455,179,0.0,400,165,0.0,469,180,,,,6,,Giovanni,Leoni,Leoni,Knee injury - Unknown return date,,0,0,0,0,0,0,0,0,0,0,0,0,0,,,,0.0,0.0,0.0,0.0,0.0,0,0,0
377,a,,,6.5,43,29,0,0,0,0,0.8,196,60,15,0,3.0,160,69,0,60,0.7,289,137,0.1,2.3,0,120247,313,111440,450,0.7,0.7,0.52,0.31,0.83,4.63,0.18,0.11,0.29,1.62,56.2,173,68,42.4,147,93,86.0,42,25,18.5,103,55,,,,6,,Victor,Munoz,Munoz,,,257,1,1,1,2,0,0,0,1,0,0,3,16,,,,0.0,0.35,0.7,1.05,5.6,3,5,8
378,a,,,4.4,563,290,0,0,-1,1,0.2,314,108,0,0,0.0,496,208,0,0,0.0,440,176,0.0,0.0,0,7235,40,13792,75,0.0,0.0,0.0,0.0,0.0,0.0,0.0,0.0,0.0,0.0,0.0,475,197,0.0,467,203,0.0,417,175,0.0,480,198,,,,6,,James,McConnell,McConnell,,,0,0,0,0,0,0,0,0,0,0,0,0,0,,,,0.0,0.0,0.0,0.0,0.0,0,0,0
379,i,0.0,0.0,9.1,5,2,0,0,1,-1,16.3,25,5,33,0,6.6,17,3,8,133,3.3,94,11,0.4,3.6,0,1260531,511,1416483,58406,0.0,0.0,3.54,0.08,3.62,5.82,0.77,0.02,0.79,1.27,146.2,21,3,47.5,128,11,207.0,4,3,40.0,12,2,,,2.0,6,,Alexander,Isak,Isak,Thigh injury - Unknown return date,,413,4,0,3,4,0,0,0,1,0,0,5,7,,,,0.0,0.65,0.87,1.09,1.53,1,3,3
382,a,100.0,100.0,4.5,485,67,0,0,0,0,0.2,309,50,0,0,0.0,530,53,0,0,0.0,478,44,0.0,0.0,0,26790,384,11306,148,0.0,0.0,0.0,0.0,0.0,0.0,0.0,0.0,0.0,0.0,0.0,510,46,0.0,507,51,0.0,464,45,0.0,515,50,,,,6,,Jayden,Danns,Danns,,,0,0,0,0,0,0,0,0,0,0,0,0,0,,,,0.0,0.0,0.0,0.0,0.0,0,0,0
387,d,75.0,75.0,6.3,49,4,0,0,-2,2,9.6,35,12,6,0,1.5,281,101,0,22,0.7,287,97,0.1,1.0,0,193245,81,1350264,7517,0.5,0.5,0.87,0.43,1.3,2.1,0.48,0.24,0.72,1.16,17.8,290,115,39.5,158,42,33.0,145,40,9.0,224,82,,,,6,,Nico,O'Reilly,O'Reilly,Unspecified injury - 75% chance of playing,,163,0,0,0,2,0,0,0,0,0,0,2,5,,,,0.0,0.0,1.1,1.1,2.76,3,2,9
388,a,,,6.0,67,6,0,0,0,0,17.9,21,7,30,0,6.0,28,13,4,114,3.3,89,39,0.6,5.0,0,526649,2297,522433,2942,3.3,3.3,0.95,0.39,1.34,7.25,0.19,0.08,0.27,1.45,146.0,22,5,56.6,101,24,41.0,121,31,24.3,55,9,,,,6,,Marc,Guéhi,Guéhi,,,450,1,1,2,5,0,0,0,0,0,0,5,29,,,,0.0,0.4,1.0,1.0,5.8,3,26,19
389,a,100.0,100.0,5.9,90,9,0,0,-1,1,1.0,179,68,11,0,3.7,109,45,1,38,3.3,88,38,0.6,1.9,0,16606,238,76675,168,3.3,3.3,0.0,0.06,0.06,4.67,0.0,0.03,0.03,1.97,60.0,165,70,6.3,293,106,4.0,312,116,7.0,253,96,,,4.0,6,,Matheus,Nunes,Matheus N.,,,213,0,0,1,3,0,0,0,0,0,0,2,21,,,,0.0,0.42,1.27,0.85,8.87,3,18,10
390,a,,,5.5,131,13,0,0,0,0,1.9,129,50,17,0,3.4,122,52,0,72,2.3,140,55,0.4,3.1,0,70990,490,81574,400,2.3,2.3,0.29,0.74,1.03,7.25,0.06,0.15,0.21,1.45,94.2,87,39,47.3,130,35,46.0,104,23,18.7,101,32,,,,6,,Rúben,dos Santos Gato Alves Dias,Rúben,,,450,0,0,2,5,0,0,0,0,0,0,5,26,,,,0.0,0.4,1.0,1.0,5.2,1,25,16
391,a,,,5.7,114,12,0,0,2,-2,27.6,11,3,37,0,7.4,8,3,6,135,5.0,41,18,0.9,6.5,0,1999661,11260,508102,2032,5.0,5.0,0.22,0.74,0.96,7.25,0.05,0.15,0.2,1.5,144.4,26,8,63.5,88,17,32.0,148,43,24.0,57,10,,,,6,,Joško,Gvardiol,Gvardiol,,,434,1,3,2,5,0,0,0,1,0,0,5,31,,,,0.0,0.41,1.04,1.04,6.43,11,20,21
392,a,,,5.2,238,35,0,0,-3,3,0.4,271,102,0,0,0.0,634,215,0,0,0.0,604,209,0.0,0.0,0,8244,52,63169,113,0.0,0.0,0.0,0.0,0.0,0.0,0.0,0.0,0.0,0.0,0.0,622,214,0.0,628,214,0.0,607,211,0.0,628,214,,,,6,,Rayan,Aït-Nouri,Aït-Nouri,,,0,0,0,0,0,0,0,0,0,0,0,0,0,,,,0.0,0.0,0.0,0.0,0.0,0,0,0
393,a,,,5.4,202,27,0,0,-1,1,1.3,157,64,9,0,3.0,156,62,0,53,0.0,626,213,0.0,1.7,0,27736,135,86168,354,0.0,0.0,0.0,0.06,0.06,2.68,0.0,0.02,0.02,0.9,51.6,188,78,12.6,260,95,4.0,311,115,6.8,256,97,,,,6,,Abdukodir,Khusanov,Khusanov,,,268,0,0,1,2,0,0,0,1,0,0,3,17,,,,0.0,0.34,0.67,1.01,5.71,8,9,13
394,u,0.0,0.0,5.0,299,50,0,0,0,0,0.0,641,214,0,0,0.0,620,214,0,0,0.0,589,208,0.0,0.0,0,0,0,622,0,0.0,0.0,0.0,0.0,0.0,0.0,0.0,0.0,0.0,0.0,0.0,608,213,0.0,614,213,0.0,591,210,0.0,614,213,,,,6,,Max,Alleyne,Alleyne,Has joined Burnley on loan for the rest of the season,,0,0,0,0,0,0,0,0,0,0,0,0,0,,,,0.0,0.0,0.0,0.0,0.0,0,0,0
395,a,,,4.4,561,148,0,0,-1,1,0.2,337,126,1,0,1.0,327,125,0,-1,0.0,439,174,0.0,0.2,0,8540,25,17054,53,0.0,0.0,0.17,0.02,0.19,0.55,0.27,0.03,0.3,0.88,3.8,371,138,3.8,316,113,39.0,125,33,4.7,297,110,,,,6,,Rico,Lewis,Lewis,,,56,0,0,0,1,0,0,0,0,0,0,1,2,,,,0.0,0.0,1.61,1.61,3.21,0,2,0
396,a,,,4.5,521,131,0,0,0,0,0.0,528,184,1,0,1.0,335,130,0,3,0.0,505,193,0.0,0.2,0,589,5,1264,15,0.0,0.0,0.0,0.0,0.0,0.0,0.0,0.0,0.0,0.0,1.2,393,144,0.9,359,132,0.0,493,194,0.2,398,143,,,,6,,Vitor,de Oliveira Nunes dos Reis,Vitor Reis,,,1,0,0,0,0,0,0,0,0,0,0,0,0,,,,0.0,0.0,0.0,0.0,0.0,0,0,0
397,d,75.0,75.0,8.4,6,4,0,0,-1,1,13.5,31,12,33,0,6.6,16,6,2,147,6.7,14,6,0.8,3.9,0,344829,2901,1429606,8404,5.0,5.0,0.33,1.16,1.49,7.25,0.07,0.23,0.3,1.45,155.4,14,9,148.1,15,14,130.0,16,9,43.4,10,9,,,2.0,6,,Antoine,Semenyo,Semenyo,Ankle injury - 75% chance of playing,,450,2,3,2,5,0,0,0,0,0,0,5,22,,,,0.0,0.4,1.0,1.0,4.4,6,2,14
398,s,0.0,0.0,6.9,28,17,0,0,-1,1,1.5,142,43,9,0,2.2,228,101,1,52,-0.7,666,298,-0.1,1.3,0,303576,29,596926,1202,0.0,0.0,1.61,0.88,2.49,1.91,0.67,0.36,1.03,0.79,57.6,170,66,122.3,29,25,45.0,107,61,22.3,69,43,2.0,2.0,,6,,Phil,Foden,Foden,Suspended until 17 Oct,,217,0,2,0,2,0,0,0,1,1,0,3,14,,,,0.0,0.0,0.83,1.24,5.81,4,2,8
399,a,,,7.8,14,10,0,0,3,-3,28.8,10,5,34,0,6.8,13,4,5,150,3.0,106,43,0.4,4.4,0,2857567,18778,1101799,3189,3.0,3.0,0.72,1.54,2.26,5.0,0.21,0.46,0.67,1.49,165.8,6,3,199.0,4,4,108.0,30,17,47.3,4,4,1.0,1.0,,6,,Rayan,Cherki,Cherki,,,302,3,2,1,4,0,0,0,1,0,0,4,12,,,,0.0,0.3,1.19,1.19,3.58,0,3,9
400,a,100.0,100.0,7.4,19,12,0,0,-1,1,0.7,209,64,1,0,1.0,407,195,0,7,0.3,354,169,0.0,0.1,0,12695,764,129874,123,0.3,0.3,0.23,0.32,0.55,0.42,1.38,1.92,3.3,2.52,3.6,373,175,13.8,252,132,5.0,299,156,2.2,345,163,,,3.0,6,,Jérémy,Doku,Doku,,,15,0,0,0,0,0,0,0,0,0,0,0,2,,,,0.0,0.0,0.0,0.0,12.0,0,1,1
402,u,0.0,0.0,6.5,36,24,0,0,0,0,0.0,608,256,0,0,0.0,663,296,0,0,0.0,659,295,0.0,0.0,0,0,0,1235,1,0.0,0.0,0.0,0.0,0.0,0.0,0.0,0.0,0.0,0.0,0.0,662,296,0.0,663,296,0.0,661,296,0.0,663,296,,,,6,,Rodrigo 'Rodri',Hernandez Cascante,Rodrigo,Has joined Barcelona permanently,,0,0,0,0,0,0,0,0,0,0,0,0,0,,,,0.0,0.0,0.0,0.0,0.0,0,0,0
404,u,0.0,0.0,6.0,70,47,0,0,0,0,0.0,529,213,0,0,0.0,660,293,0,0,0.0,654,291,0.0,0.0,0,0,0,8223,3,0.0,0.0,0.0,0.0,0.0,0.0,0.0,0.0,0.0,0.0,0.0,657,292,0.0,660,293,0.0,654,291,0.0,660,293,,,,6,,Tijjani,Reijnders,Reijnders,Has joined Al Qadsiah permanently,,0,0,0,0,0,0,0,0,0,0,0,0,0,,,,0.0,0.0,0.0,0.0,0.0,0,0,0
406,a,,,5.3,205,127,0,0,-2,2,0.1,450,170,2,0,1.0,374,170,0,12,0.0,605,260,0.0,0.4,0,2331,20,6546,15,0.0,0.0,0.0,0.02,0.02,0.1,0.0,0.04,0.04,0.21,4.2,369,173,5.2,302,153,0.0,608,261,0.9,378,178,,,,6,,Mateo,Kovačić,Kovačić,,,42,0,0,0,0,0,0,0,0,0,0,0,2,,,,0.0,0.0,0.0,0.0,4.29,0,0,2
407,u,0.0,0.0,4.9,389,234,0,0,-1,1,0.0,618,262,0,0,0.0,596,253,0,0,0.0,563,235,0.0,0.0,0,250,0,1375,0,0.0,0.0,0.0,0.0,0.0,0.0,0.0,0.0,0.0,0.0,0.0,583,246,0.0,583,251,0.0,554,232,0.0,589,248,,,,6,,Claudio,Echeverri,Echeverri,Has joined Benfica on loan for the rest of the season,,0,0,0,0,0,0,0,0,0,0,0,0,0,,,,0.0,0.0,0.0,0.0,0.0,0,0,0
408,u,0.0,0.0,5.0,248,154,0,0,0,0,0.0,639,275,0,0,0.0,601,256,0,0,0.0,569,239,0.0,0.0,0,0,0,582,1,0.0,0.0,0.0,0.0,0.0,0.0,0.0,0.0,0.0,0.0,0.0,589,250,0.0,590,255,0.0,566,240,0.0,595,252,,,,6,,Kalvin,Phillips,Phillips,Has joined Sheffield United on loan for the rest of the season,,0,0,0,0,0,0,0,0,0,0,0,0,0,,,,0.0,0.0,0.0,0.0,0.0,0,0,0
409,u,0.0,0.0,4.5,509,266,0,0,0,0,0.1,441,166,0,0,0.0,547,222,0,0,0.0,496,191,0.0,0.0,0,1621,0,12657,26,0.0,0.0,0.0,0.0,0.0,0.0,0.0,0.0,0.0,0.0,0.0,529,211,0.0,525,217,0.0,483,189,0.0,534,212,,,,6,,Divine,Mukasa,Mukasa,has joined West Ham on loan for the rest of the seaon.,,0,0,0,0,0,0,0,0,0,0,0,0,0,,,,0.0,0.0,0.0,0.0,0.0,0,0,0
411,a,,,15.6,1,1,0,0,1,-1,74.5,1,1,39,0,7.8,7,2,9,167,5.0,45,6,0.3,2.5,0,1034582,8056,360970,1027,5.0,5.0,4.42,0.53,4.95,7.25,0.88,0.11,0.99,1.45,184.2,3,1,22.5,209,23,258.0,1,1,46.5,5,1,,,1.0,6,,Erling,Haaland,Haaland,,,450,5,0,2,5,0,0,0,0,0,0,5,20,,,,0.0,0.4,1.0,1.0,4.0,0,10,10
481,a,100.0,100.0,6.3,45,31,0,0,-2,2,3.8,88,29,15,0,3.0,159,68,0,95,2.3,145,63,0.4,2.4,0,113715,1310,472862,1070,2.3,2.3,0.11,0.67,0.78,7.15,0.02,0.15,0.17,1.56,87.4,102,30,77.1,64,53,19.0,199,110,18.4,105,56,3.0,,,6,,Elliot,Anderson,Anderson,,,413,0,0,2,5,0,0,0,1,0,0,5,54,,,,0.0,0.44,1.09,1.09,11.77,13,18,23
587,a,,,5.0,243,7,0,0,0,0,0.0,564,65,0,0,0.0,599,71,0,0,0.0,567,71,0.0,0.0,0,641,3,1181,3,0.0,0.0,0.0,0.0,0.0,0.0,0.0,0.0,0.0,0.0,0.0,587,71,0.0,588,64,0.0,564,63,0.0,593,71,,,,6,,Gerónimo,Rulli,Rulli,,,0,0,0,0,0,0,0,0,0,0,0,0,0,,,,0.0,0.0,0.0,0.0,0.0,0,0,0
616,a,,,5.5,164,104,0,0,0,0,0.2,352,125,2,0,1.0,395,186,0,8,0.0,639,282,0.0,0.4,0,21480,95,14536,114,0.0,0.0,0.0,0.12,0.12,0.37,0.0,0.49,0.49,1.51,13.0,305,133,4.8,306,157,0.0,641,282,1.8,354,169,,,,6,,Ayyoub,Bouaddi,Bouaddi,,,22,0,0,0,0,0,0,0,0,0,0,0,6,,,,0.0,0.0,0.0,0.0,24.55,0,3,3
621,a,,,4.4,574,296,0,0,-1,1,0.1,403,146,2,0,1.0,329,145,0,8,0.0,450,182,0.0,0.5,0,12282,164,7644,62,0.0,0.0,0.1,0.0,0.1,0.02,0.82,0.0,0.82,0.16,5.2,358,166,0.5,371,184,3.0,314,158,0.8,380,179,,,,6,,Ryan,McAidoo,McAidoo,,,11,0,0,0,0,0,0,0,0,0,0,0,4,,,,0.0,0.0,0.0,0.0,32.73,2,0,2
622,a,,,4.0,642,193,0,0,0,0,0.2,356,133,1,0,1.0,313,114,0,3,0.0,409,153,0.0,0.2,0,17126,39,9687,79,0.0,0.0,0.0,0.0,0.0,0.0,0.0,0.0,0.0,0.0,0.6,399,145,0.8,361,133,0.0,387,153,0.1,403,145,,,,6,,Kaden,Braithwaite,Braithwaite,,,1,0,0,0,0,0,0,0,0,0,0,0,0,,,,0.0,0.0,0.0,0.0,0.0,0,0,1
628,a,,,6.0,75,49,0,0,0,0,0.0,604,254,0,0,0.0,661,294,0,0,0.0,655,292,0.0,0.0,0,1300,19,758,5,0.0,0.0,0.0,0.0,0.0,0.0,0.0,0.0,0.0,0.0,0.0,659,293,0.0,661,294,0.0,656,292,0.0,661,294,,,,6,,Allan,Andrade Elias,Allan,,,0,0,0,0,0,0,0,0,0,0,0,0,0,,,,0.0,0.0,0.0,0.0,0.0,0,0,0
415,i,0.0,0.0,5.8,110,70,0,0,-2,2,0.4,258,83,10,0,2.0,241,105,0,27,2.7,118,46,0.5,1.7,0,14056,2,105182,758,0.0,0.0,0.78,0.09,0.87,3.38,0.41,0.05,0.46,1.78,49.2,197,84,44.1,141,89,72.0,60,37,15.6,129,69,,,,6,,Patrick,Dorgu,Dorgu,Hamstring injury - Expected back 25 Oct,,171,0,1,0,6,0,0,0,1,0,0,2,20,,,,0.0,0.0,3.16,1.05,10.53,8,8,4
416,i,0.0,0.0,4.9,344,57,0,0,-1,1,0.0,559,191,0,0,0.0,582,207,0,0,0.0,539,200,0.0,0.0,0,502,8,1619,13,0.0,0.0,0.0,0.0,0.0,0.0,0.0,0.0,0.0,0.0,0.0,566,206,0.0,563,205,0.0,530,202,0.0,571,206,,,,6,,Matthijs,de Ligt,De Ligt,Back injury - Unknown return date,,0,0,0,0,0,0,0,0,0,0,0,0,0,,,,0.0,0.0,0.0,0.0,0.0,0,0,0
417,a,,,4.9,348,59,0,0,-1,1,1.6,137,54,9,1,1.5,273,99,0,52,1.7,176,66,0.3,1.8,0,29141,168,145346,687,1.7,1.7,0.24,0.23,0.47,4.8,0.06,0.06,0.12,1.17,43.6,206,82,107.7,38,6,49.0,95,20,20.2,85,24,,,,6,,Diogo,Dalot Teixeira,Dalot,,,369,0,0,0,4,0,0,0,1,0,0,4,18,,,,0.0,0.0,0.98,0.98,4.39,7,11,21
418,a,,,4.8,399,73,0,0,-2,2,7.8,46,15,17,7,2.8,166,68,1,77,3.3,83,34,0.7,3.5,0,147425,363,1104608,3055,3.3,3.3,0.22,0.46,0.68,8.13,0.04,0.08,0.12,1.38,86.0,104,47,50.1,119,30,50.0,92,18,18.6,102,33,,,,6,,Harry,Maguire,Maguire,,,532,0,1,1,8,0,0,0,2,0,0,6,39,,,,0.0,0.17,1.35,1.02,6.6,4,35,24
419,a,100.0,100.0,4.9,350,60,0,0,-1,1,1.3,159,65,14,8,2.8,168,69,0,55,3.3,84,35,0.7,2.9,0,39723,239,71375,338,3.3,3.3,0.21,0.18,0.39,7.12,0.04,0.04,0.08,1.45,66.4,142,64,18.8,221,75,32.0,147,42,11.8,184,66,,,,6,,Lisandro,Martínez,Martinez,,,442,0,0,1,6,1,0,0,0,0,0,5,30,,,,0.0,0.2,1.22,1.02,6.11,4,26,14
420,a,,,4.8,418,78,0,0,-2,2,0.4,257,98,5,3,1.7,261,95,0,10,1.0,228,81,0.2,1.0,0,5927,108,37231,93,1.0,1.0,0.0,0.03,0.03,2.32,0.0,0.03,0.03,2.61,7.8,341,126,2.4,327,117,2.0,324,123,1.3,368,129,,,,6,,Leny,Yoro,Yoro,,,80,0,0,0,2,0,0,0,0,0,0,1,17,,,,0.0,0.0,2.25,1.12,19.12,5,12,7
421,a,,,4.3,583,158,0,0,-2,2,0.3,306,114,1,0,1.0,318,119,0,5,0.0,426,169,0.0,0.2,0,6251,37,25328,97,0.0,0.0,0.12,0.04,0.16,1.01,0.12,0.04,0.16,1.01,6.8,348,128,2.6,325,116,11.0,245,83,2.0,348,122,,,,6,,Ayden,Heaven,Heaven,,,90,0,0,0,2,0,0,0,0,0,0,1,2,,,,0.0,0.0,2.0,1.0,2.0,1,1,4
422,d,75.0,75.0,4.4,551,141,0,0,-1,1,0.5,255,97,3,0,1.0,323,122,0,6,0.0,433,171,0.0,0.7,0,14435,10,45558,502,0.0,0.0,0.22,0.06,0.28,2.08,0.2,0.06,0.26,1.93,21.0,283,114,31.2,183,57,11.0,246,84,6.4,264,100,,,,6,,Noussair,Mazraoui,Mazraoui,Back injury - 75% chance of playing,,97,0,0,0,4,0,0,0,0,0,0,1,6,,,,0.0,0.0,3.71,0.93,5.57,2,4,3
427,a,,,7.9,11,8,0,0,-1,1,19.9,18,8,36,11,6.0,31,14,6,141,5.0,43,16,0.6,4.6,0,570818,3205,2191233,6383,5.0,5.0,3.17,0.82,3.99,8.13,0.54,0.14,0.68,1.38,120.8,42,15,164.2,11,10,156.0,9,5,44.2,7,6,2.0,2.0,2.0,6,,Bryan,Mbeumo,Mbeumo,,,532,3,1,1,8,0,0,0,1,0,0,6,28,,,,0.0,0.17,1.35,1.02,4.74,5,8,15
428,a,,,7.9,10,7,0,0,-1,1,6.0,66,21,35,9,5.8,33,16,5,122,7.0,11,4,0.9,4.4,0,145577,2219,533354,1547,7.0,7.0,0.63,0.94,1.57,6.77,0.12,0.17,0.29,1.25,73.0,126,41,111.5,35,30,114.0,27,14,30.0,34,24,,,,6,,Matheus,Santos Carneiro da Cunha,Cunha,,,489,1,3,2,5,0,0,0,0,0,0,6,25,,,,0.0,0.37,0.92,1.1,4.6,7,3,15
429,a,100.0,75.0,6.9,27,16,0,0,-1,1,1.3,158,48,10,0,2.0,246,108,0,58,1.3,220,103,0.2,1.4,0,86795,160,146033,1344,1.3,1.0,0.78,0.43,1.21,4.5,0.2,0.11,0.31,1.15,53.4,179,71,163.2,12,11,157.0,8,4,37.3,14,12,,3.0,,6,,Marcus,Rashford,Rashford,,,351,0,0,1,3,0,0,0,0,0,0,4,18,,,,0.0,0.26,0.77,1.03,4.62,4,4,10
430,a,100.0,100.0,5.4,170,108,0,0,-1,1,0.0,527,212,1,0,1.0,386,180,0,3,0.3,342,160,0.1,0.2,0,1029,17,2072,19,0.3,0.3,0.09,0.01,0.1,0.0,0.81,0.09,0.9,0.0,0.6,401,188,1.1,355,178,5.0,294,152,0.7,384,180,,4.0,,6,,Mason,Mount,Mount,,,10,0,0,0,0,0,0,0,0,0,0,0,1,,,,0.0,0.0,0.0,0.0,9.0,0,0,1
431,a,100.0,0.0,5.7,116,74,0,0,-3,3,0.3,299,103,1,1,1.0,396,187,0,7,0.3,348,164,0.1,0.2,0,2600,251,125321,80,0.3,0.0,0.06,0.03,0.09,1.23,0.09,0.05,0.14,1.91,0.0,646,285,0.0,652,287,0.0,642,283,0.0,651,286,4.0,,,6,,Amad,Diallo,Amad,,,58,0,0,0,0,0,0,0,0,0,0,1,4,,,,0.0,0.0,0.0,1.55,6.21,1,1,2
663,a,,,4.0,649,200,0,0,0,0,0.0,621,210,0,0,0.0,478,177,0,0,0.0,413,157,0.0,0.0,0,654,27,107,8,0.0,0.0,0.0,0.0,0.0,0.0,0.0,0.0,0.0,0.0,0.0,456,173,0.0,447,172,0.0,392,158,0.0,461,173,,,,6,,Miodrag,Pivas,Pivas,,,0,0,0,0,0,0,0,0,0,0,0,0,0,,,,0.0,0.0,0.0,0.0,0.0,0,0,0
664,a,,,4.5,516,77,0,0,0,0,0.2,336,53,0,0,0.0,554,62,0,0,0.0,503,53,0.0,0.0,0,19432,1296,3450,204,0.0,0.0,0.0,0.0,0.0,0.0,0.0,0.0,0.0,0.0,0.0,536,56,0.0,532,60,0.0,490,55,0.0,541,60,,,,6,,Vakhtang,Salia,Salia,,,0,0,0,0,0,0,0,0,0,0,0,0,0,,,,0.0,0.0,0.0,0.0,0.0,0,0,0
432,a,100.0,75.0,5.5,156,97,0,0,0,0,1.5,149,44,25,3,4.2,82,34,2,119,3.7,78,28,0.7,4.5,0,97461,492,82666,1291,3.7,2.8,0.3,0.55,0.85,6.1,0.06,0.11,0.17,1.26,83.2,109,34,88.8,53,43,21.0,186,99,19.3,95,51,,,,6,,Kobbie,Mainoo,Mainoo,,,436,0,1,1,4,0,0,0,0,0,0,5,67,,,,0.0,0.21,0.83,1.03,13.83,10,12,45
433,i,0.0,0.0,5.0,269,167,0,0,0,0,0.0,645,280,0,0,0.0,608,260,0,0,0.0,576,243,0.0,0.0,0,131,0,278,4,0.0,0.0,0.0,0.0,0.0,0.0,0.0,0.0,0.0,0.0,0.0,596,254,0.0,598,259,0.0,575,245,0.0,602,256,,,,6,,Manuel,Ugarte Ribeiro,Ugarte,Knee injury - Unknown return date,,0,0,0,0,0,0,0,0,0,0,0,0,0,,,,0.0,0.0,0.0,0.0,0.0,0,0,0
434,a,,,4.9,384,229,0,0,-1,1,0.0,606,255,0,0,0.0,595,252,0,0,0.0,560,232,0.0,0.0,0,346,1,749,3,0.0,0.0,0.0,0.0,0.0,0.0,0.0,0.0,0.0,0.0,0.0,580,243,0.0,581,249,0.0,550,228,0.0,586,245,,,,6,,Jack,Fletcher,J.Fletcher,,,0,0,0,0,0,0,0,0,0,0,0,0,0,,,,0.0,0.0,0.0,0.0,0.0,0,0,0
435,a,,,4.9,390,235,0,0,-1,1,0.1,487,190,1,0,1.0,358,161,0,3,0.0,564,236,0.0,0.2,0,1936,26,3562,22,0.0,0.0,0.0,0.0,0.0,0.0,0.0,0.0,0.0,0.0,0.2,405,191,0.6,368,183,0.0,555,233,0.1,404,189,,,,6,,Shea,Lacey,Lacey,,,10,0,0,0,0,0,0,0,0,0,0,0,1,,,,0.0,0.0,0.0,0.0,9.0,0,0,1
436,u,0.0,0.0,5.0,294,179,0,0,0,0,0.0,609,257,0,0,0.0,617,265,0,0,0.0,586,249,0.0,0.0,0,150,0,1078,1,0.0,0.0,0.0,0.0,0.0,0.0,0.0,0.0,0.0,0.0,0.0,605,259,0.0,611,264,0.0,588,250,0.0,611,261,,,,6,,Toby,Collyer,Collyer,Has joined West Brom permanently,,0,0,0,0,0,0,0,0,0,0,0,0,0,,,,0.0,0.0,0.0,0.0,0.0,0,0,0
437,a,,,4.4,572,294,0,0,-1,1,0.2,354,127,0,0,0.0,504,212,0,0,0.0,448,180,0.0,0.0,0,5700,87,10306,62,0.0,0.0,0.0,0.0,0.0,0.0,0.0,0.0,0.0,0.0,0.0,484,201,0.0,476,207,0.0,426,179,0.0,489,202,,,,6,,Bendito,Mantato,Bendito Mantato,,,0,0,0,0,0,0,0,0,0,0,0,0,0,,,,0.0,0.0,0.0,0.0,0.0,0,0,0
438,a,,,4.4,567,292,0,0,-1,1,0.3,287,97,0,0,0.0,499,210,0,0,0.0,443,178,0.0,0.0,0,11251,79,18289,128,0.0,0.0,0.0,0.0,0.0,0.0,0.0,0.0,0.0,0.0,0.0,479,199,0.0,471,205,0.0,421,177,0.0,484,200,,,,6,,Tyler,Fletcher,Fletcher,,,0,0,0,0,0,0,0,0,0,0,0,0,0,,,,0.0,0.0,0.0,0.0,0.0,0,0,0
439,i,0.0,0.0,7.0,26,10,0,0,0,0,1.4,153,23,8,0,2.0,247,27,0,39,0.3,353,42,0.0,1.1,0,104690,46,156416,3161,0.0,0.0,0.39,0.01,0.4,2.0,0.46,0.01,0.47,2.37,34.6,239,21,11.9,266,33,36.0,137,27,8.2,235,24,,,,6,,Benjamin,Sesko,Šeško,Shin injury - Expected back 18 Oct,,76,1,0,0,3,0,0,0,0,0,0,0,5,,,,0.0,0.0,3.55,0.0,5.92,0,0,5
440,a,,,5.3,220,49,0,0,-2,2,0.4,266,45,3,1,1.0,377,41,0,15,1.0,235,25,0.2,0.6,0,17939,295,45496,211,1.0,1.0,0.12,0.02,0.14,0.12,0.25,0.04,0.29,0.25,7.6,343,35,14.9,239,27,0.0,613,69,2.2,343,39,,,,6,,Joshua,Zirkzee,Zirkzee,,,43,0,0,0,0,0,0,0,0,0,0,0,5,,,,0.0,0.0,0.0,0.0,10.47,0,2,3
441,u,0.0,0.0,4.5,513,75,0,0,0,0,0.9,190,30,0,0,0.0,551,60,0,0,0.0,500,51,0.0,0.0,0,45543,0,80282,679,0.0,0.0,0.0,0.0,0.0,0.0,0.0,0.0,0.0,0.0,0.0,533,54,0.0,529,58,0.0,487,53,0.0,538,58,,,,6,,Chido,Obi,Obi,Has joined Willem II on loan for the rest of the season,,0,0,0,0,0,0,0,0,0,0,0,0,0,,,,0.0,0.0,0.0,0.0,0.0,0,0,0
405,a,100.0,100.0,5.5,149,91,0,0,0,0,0.2,333,118,5,0,1.7,265,117,0,23,0.3,347,163,0.1,0.9,0,19060,97,17715,52,0.3,0.3,0.0,0.21,0.21,2.34,0.0,0.12,0.12,1.28,13.4,304,132,42.0,149,95,2.0,334,167,5.8,276,123,,,,6,,Nico,González Iglesias,N.Gonzalez,,,164,0,0,1,2,0,0,0,1,0,0,3,12,,,,0.0,0.55,1.1,1.65,6.59,0,3,9
442,a,,,4.9,333,14,0,0,-1,1,0.9,181,28,0,0,0.0,576,68,0,0,0.0,532,66,0.0,0.0,0,14292,50,55974,130,0.0,0.0,0.0,0.0,0.0,0.0,0.0,0.0,0.0,0.0,0.0,560,68,0.0,556,56,0.0,522,54,0.0,565,68,,,,6,,Nick,Pope,Pope,,,0,0,0,0,0,0,0,0,0,0,0,0,0,,,,0.0,0.0,0.0,0.0,0.0,0,0,0
443,a,,,4.5,432,26,0,0,0,0,0.0,531,62,0,0,0.0,509,56,0,0,0.0,455,54,0.0,0.0,0,806,3,1299,6,0.0,0.0,0.0,0.0,0.0,0.0,0.0,0.0,0.0,0.0,0.0,489,56,0.0,483,40,0.0,433,35,0.0,494,56,,,,6,,Mark,Gillespie,Gillespie,,,0,0,0,0,0,0,0,0,0,0,0,0,0,,,,0.0,0.0,0.0,0.0,0.0,0,0,0
444,i,0.0,0.0,4.4,569,48,0,0,-1,1,0.0,573,68,0,0,0.0,501,54,0,0,0.0,445,51,0.0,0.0,0,480,3,1651,6,0.0,0.0,0.0,0.0,0.0,0.0,0.0,0.0,0.0,0.0,0.0,481,54,0.0,473,36,0.0,423,31,0.0,486,54,,,,6,,Ewen,Jaouen,Jaouen,Hamstring injury - Unknown return date,,0,0,0,0,0,0,0,0,0,0,0,0,0,,,,0.0,0.0,0.0,0.0,0.0,0,0,0
445,a,,,5.0,282,44,0,0,0,0,2.2,118,46,14,0,2.8,172,72,0,32,2.0,154,59,0.4,2.8,0,195321,210,136872,879,2.0,2.0,0.0,0.08,0.08,9.14,0.0,0.02,0.02,1.83,106.2,64,28,16.3,233,81,4.0,309,113,12.7,174,62,,,,6,,Malick,Thiaw,Thiaw,,,450,0,0,1,9,1,0,0,0,0,0,5,45,,,,0.0,0.2,1.8,1.0,9.0,0,45,10
446,a,100.0,100.0,4.9,335,55,0,0,-1,1,0.2,323,122,2,0,1.0,346,134,0,0,0.3,314,113,0.1,0.4,0,8096,48,14530,45,0.3,0.3,0.0,0.01,0.01,1.87,0.0,0.04,0.04,6.73,25.0,266,108,10.5,273,98,0.0,524,200,3.6,314,117,,2.0,,6,,Fabian,Schär,Schär,,,25,0,0,0,2,0,0,0,0,0,0,0,7,,,,0.0,0.0,7.2,0.0,25.2,0,7,0
447,a,,,5.0,262,39,0,0,0,0,0.8,206,79,15,0,3.0,147,60,0,43,2.0,151,58,0.4,3.0,0,55734,147,31913,222,2.0,2.0,0.06,0.17,0.23,9.14,0.01,0.03,0.04,1.83,136.0,27,9,4.1,315,112,23.0,174,52,16.4,118,39,,,,6,,Sven,Botman,Botman,,,450,0,0,1,9,0,0,0,1,0,0,5,59,,,,0.0,0.2,1.8,1.0,11.8,5,54,14
318,a,100.0,100.0,5.4,189,117,0,0,-1,1,0.1,455,174,4,2,1.3,292,133,0,20,1.3,211,97,0.2,0.7,0,351,3,9455,8,1.3,1.3,0.11,0.03,0.13,2.57,0.09,0.02,0.11,2.03,4.8,362,168,4.6,309,159,13.0,235,122,2.2,344,162,5.0,,3.0,6,,Jaden,Philogene,Philogene,,,114,0,0,0,2,0,0,0,0,0,0,1,7,,,,0.0,0.0,1.58,0.79,5.53,1,1,5
147,a,,,4.4,540,134,0,0,-1,1,0.1,372,143,1,0,1.0,321,120,0,5,0.3,298,103,0.1,0.2,0,2097,12,8370,26,0.3,0.3,0.0,0.0,0.0,0.03,0.0,0.0,0.0,0.54,9.0,330,124,0.2,386,142,0.0,408,169,0.9,377,134,,,,6,,Tosin,Adarabioyo,Tosin,,,5,0,0,0,0,0,0,0,0,0,0,0,4,,,,0.0,0.0,0.0,0.0,72.0,2,2,1
401,a,,,7.0,25,9,0,0,0,0,2.2,121,19,9,1,1.8,260,30,0,41,1.7,194,21,0.2,1.3,0,257035,2755,184401,1530,1.7,1.7,0.38,0.15,0.53,3.95,0.1,0.04,0.14,1.0,18.0,289,29,55.5,103,9,58.0,77,20,12.9,170,21,8.0,4.0,2.0,6,,Omar,Marmoush,Marmoush,,,355,0,0,2,6,0,0,0,0,0,0,4,14,,,,0.0,0.51,1.52,1.01,3.55,2,0,12
403,a,100.0,100.0,6.5,41,28,0,0,0,0,0.6,228,73,10,2,2.5,197,83,0,81,2.3,146,64,0.4,1.5,0,105353,841,88550,230,2.3,2.3,0.54,0.95,1.49,3.11,0.15,0.27,0.42,0.87,51.4,191,79,130.0,25,23,96.0,40,23,27.8,41,30,2.0,,,6,,Sávio,Moreira de Oliveira,Sávio,,,322,0,0,2,4,0,0,0,0,0,0,4,15,,,,0.0,0.56,1.12,1.12,4.19,0,3,12
551,a,,,5.0,311,189,0,0,0,0,0.1,395,144,18,2,3.0,150,62,0,74,2.7,114,45,0.5,3.6,0,13345,41,11299,67,2.7,2.7,0.6,0.13,0.73,5.4,0.14,0.03,0.17,1.26,72.2,128,43,38.3,162,102,47.0,101,56,15.7,126,67,,1.0,,6,,Nilson,Angulo,N.Angulo,,,385,1,1,1,8,0,0,0,1,0,0,6,27,,,,0.0,0.23,1.87,1.4,6.31,7,6,14
552,i,0.0,0.0,5.7,113,29,0,0,-3,3,5.6,68,11,24,0,4.8,62,5,3,113,6.0,18,3,1.1,4.2,0,297424,612,1077674,16379,0.0,0.0,2.94,0.11,3.05,8.18,0.66,0.02,0.68,1.85,108.4,62,4,69.0,77,6,142.0,14,7,31.7,26,6,,,,6,,Brian,Brobbey,Brobbey,Hamstring injury - Expected back 25 Oct,,399,3,0,1,9,0,0,0,1,0,0,5,11,,,,0.0,0.23,2.03,1.13,2.48,0,1,10
553,a,,,5.5,144,39,0,0,0,0,1.3,160,24,17,2,2.8,174,16,3,58,1.3,214,23,0.2,3.1,0,106290,781,95640,649,1.3,1.3,1.67,0.01,1.68,4.9,0.73,0.0,0.73,2.13,30.8,253,23,1.0,358,45,35.0,140,28,6.7,259,27,,,,6,,Wilson,Isidor,Isidor,,,207,1,1,0,5,0,0,0,0,0,0,1,8,,,,0.0,0.0,2.17,0.43,3.48,2,0,6
319,u,0.0,0.0,5.0,251,157,0,0,0,0,0.0,652,287,0,0,0.0,602,257,0,0,0.0,570,240,0.0,0.0,0,0,0,777,0,0.0,0.0,0.0,0.0,0.0,0.0,0.0,0.0,0.0,0.0,0.0,590,251,0.0,591,256,0.0,568,242,0.0,596,253,,,,6,,Sam,Szmodics,Szmodics,Has joined Derby County on loan for the rest of the season,,0,0,0,0,0,0,0,0,0,0,0,0,0,,,,0.0,0.0,0.0,0.0,0.0,0,0,0
562,a,,,5.3,218,137,0,0,-2,2,0.2,328,116,10,2,1.7,264,116,0,42,1.3,208,95,0.2,1.9,0,3020,9,22099,72,1.3,1.3,0.71,0.04,0.75,7.65,0.19,0.01,0.2,2.03,31.0,251,103,5.5,300,151,47.0,102,57,8.1,236,107,,,,6,,Daizen,Maeda,Maeda,,,339,0,0,0,9,0,0,0,0,0,0,4,24,,,,0.0,0.0,2.39,1.06,6.37,10,8,6
564,a,,,4.5,460,34,0,0,0,0,0.5,242,35,7,0,1.8,250,21,0,40,0.3,306,21,0.1,1.6,0,16429,16,26174,146,0.3,0.3,0.0,0.01,0.01,6.74,0.0,0.0,0.0,1.68,103.6,75,14,0.0,495,48,0.0,446,43,10.3,205,14,,,,6,,Kjell,Scherpen,Scherpen,,,360,0,0,0,10,0,0,0,0,0,15,4,0,,,,3.75,0.0,2.5,1.0,0.0,0,8,39
571,a,100.0,100.0,4.8,406,246,0,0,-2,2,0.1,451,171,4,2,1.3,287,129,0,29,1.3,201,92,0.3,0.8,0,1173,14,7615,16,1.3,1.3,0.0,0.14,0.14,2.35,0.0,0.14,0.14,2.3,9.0,331,151,22.3,213,118,2.0,323,160,3.2,317,145,,,,6,,Florentino Ibrain,Morris Luís,Florentino,,,92,0,0,0,1,0,0,0,0,0,0,1,11,,,,0.0,0.0,0.98,0.98,10.76,4,4,3
591,a,100.0,100.0,5.5,151,93,0,0,0,0,0.8,203,62,17,2,2.8,175,71,0,98,2.0,162,71,0.4,3.1,0,100628,146,60176,627,2.0,2.0,1.33,1.61,2.94,10.07,0.25,0.3,0.55,1.88,60.2,164,63,75.6,66,54,100.0,35,20,23.6,59,39,,,,6,,Julio,Enciso,Enciso,,,483,0,2,0,12,0,0,0,1,0,0,6,33,,,,0.0,0.0,2.24,1.12,6.15,3,5,25
592,a,,,4.0,645,196,0,0,0,0,0.8,197,77,16,10,2.7,179,73,2,54,4.3,59,24,1.1,4.0,0,14542,180,28647,137,4.3,4.3,0.04,0.08,0.12,4.94,0.02,0.03,0.05,2.01,31.6,249,104,36.2,167,47,9.0,260,90,7.6,240,90,,,,6,,Abdoul,Ouattara,Ouattara,,,221,1,0,0,3,0,0,0,0,0,0,2,15,,,,0.0,0.0,1.22,0.81,6.11,5,10,19
1,a,,,6.1,60,1,0,0,1,-1,43.7,4,1,33,3,5.5,39,2,3,122,6.0,20,2,1.0,5.4,0,1188873,3862,699570,3051,6.0,6.0,0.0,0.01,0.01,4.71,0.0,0.0,0.0,0.78,104.6,70,13,0.2,389,5,0.0,657,73,10.6,202,13,,,,6,,David,Raya Martín,Raya,,,540,0,0,3,5,0,1,0,0,0,13,6,0,,,,2.17,0.5,0.83,1.0,0.0,1,7,71
2,a,,,4.9,334,15,0,0,-1,1,0.1,460,52,0,0,0.0,577,69,0,0,0.0,533,67,0.0,0.0,0,1584,10,4404,13,0.0,0.0,0.0,0.0,0.0,0.0,0.0,0.0,0.0,0.0,0.0,561,69,0.0,557,57,0.0,523,55,0.0,566,69,,,,6,,Kepa,Arrizabalaga Revuelta,Arrizabalaga,,,0,0,0,0,0,0,0,0,0,0,0,0,0,,,,0.0,0.0,0.0,0.0,0.0,0,0,0
3,a,,,4.9,360,18,0,0,-1,1,0.0,547,63,0,0,0.0,586,70,0,0,0.0,545,70,0.0,0.0,0,553,3,1639,8,0.0,0.0,0.0,0.0,0.0,0.0,0.0,0.0,0.0,0.0,0.0,570,70,0.0,569,60,0.0,536,58,0.0,576,70,,,,6,,Illan,Meslier,Meslier,,,0,0,0,0,0,0,0,0,0,0,0,0,0,,,,0.0,0.0,0.0,0.0,0.0,0,0,0
4,a,,,8.0,8,1,0,0,0,0,22.3,14,4,27,2,4.5,72,32,2,97,4.0,69,30,0.5,3.4,0,281526,1159,997164,12940,4.0,4.0,0.51,0.21,0.72,4.71,0.08,0.04,0.12,0.78,94.8,86,38,22.0,216,72,84.0,44,3,20.0,89,28,,,,6,,Gabriel,dos Santos Magalhães,Gabriel,,,540,0,0,3,5,0,0,0,2,0,0,6,46,,,,0.0,0.5,0.83,1.0,7.67,6,40,18
5,a,100.0,100.0,6.5,39,3,0,0,0,0,0.6,233,90,2,1,0.7,421,148,0,0,0.7,288,98,0.1,0.3,0,58759,633,21003,875,0.7,0.7,0.0,0.08,0.08,2.2,0.0,0.05,0.05,1.51,10.2,323,122,4.2,314,111,0.0,663,217,1.5,364,127,,,,6,,Jurriën,Timber,J.Timber,,,131,0,0,0,3,0,0,0,0,0,0,1,6,,,,0.0,0.0,2.06,0.69,4.12,3,3,8
6,i,0.0,0.0,5.9,89,8,0,0,-1,1,0.2,330,124,0,0,0.0,658,217,0,0,0.0,649,215,0.0,0.0,0,3694,26,19162,93,0.0,0.0,0.0,0.0,0.0,0.0,0.0,0.0,0.0,0.0,0.0,654,217,0.0,658,217,0.0,652,216,0.0,658,217,,,,6,,William,Saliba,Saliba,Back injury - Unknown return date,,0,0,0,0,0,0,0,0,0,0,0,0,0,,,,0.0,0.0,0.0,0.0,0.0,0,0,0
7,a,,,5.4,194,120,0,0,-1,1,0.6,240,75,11,2,2.2,224,98,0,52,1.0,239,110,0.2,2.0,0,31498,224,52945,252,1.0,1.0,0.18,0.35,0.53,1.68,0.05,0.09,0.14,0.45,21.6,279,119,40.2,157,100,16.0,213,116,7.0,252,112,,,,6,,Myles,Lewis-Skelly,Lewis-Skelly,,,333,0,0,2,2,0,0,0,0,0,0,5,18,,,,0.0,0.54,0.54,1.35,4.86,1,8,9
8,a,,,5.9,91,10,0,0,4,-4,51.6,3,1,38,9,6.3,19,8,3,98,5.3,32,12,0.9,6.4,0,1834203,19461,449156,1090,5.3,5.3,1.41,0.68,2.09,4.44,0.26,0.12,0.38,0.8,71.6,129,57,52.7,110,29,66.0,67,8,19.1,97,30,,,,6,,Riccardo,Calafiori,Calafiori,,,497,1,2,3,5,0,0,0,0,0,0,6,22,,,,0.0,0.54,0.91,1.09,3.98,8,14,14
9,a,,,5.2,237,34,0,0,-3,3,0.9,193,74,3,1,1.0,373,140,0,10,0.3,332,118,0.1,0.6,0,17672,108,120700,408,0.3,0.3,0.0,0.0,0.0,0.28,0.0,0.0,0.0,0.63,6.4,353,131,1.0,356,130,2.0,329,124,1.0,376,133,,,,6,,Piero,Hincapié,Hincapie,,,40,0,0,0,0,0,0,0,0,0,0,0,6,,,,0.0,0.0,0.0,0.0,13.5,1,5,0
10,a,100.0,100.0,5.4,171,18,0,0,-1,1,4.4,80,31,26,5,5.2,49,20,3,98,2.0,156,61,0.4,4.8,0,462094,924,629589,1585,2.0,2.0,0.18,0.57,0.75,1.81,0.04,0.14,0.18,0.43,69.6,135,61,53.0,106,27,29.0,156,46,15.2,140,48,,,,6,,Benjamin,White,White,,,377,0,2,2,2,0,0,0,0,0,0,5,22,,,,0.0,0.48,0.48,1.19,5.25,9,13,13
11,a,100.0,100.0,5.3,228,31,0,0,-2,2,1.5,138,55,12,0,6.0,27,12,0,52,0.0,611,210,0.0,2.3,0,35493,62,481526,1415,0.0,0.0,0.0,0.01,0.01,0.53,0.0,0.01,0.01,0.28,24.6,270,110,2.0,334,120,0.0,615,212,2.7,332,119,,,,6,,Cristhian,Mosquera,Mosquera,,,168,0,0,2,0,0,0,0,0,0,0,2,10,,,,0.0,1.07,0.0,1.07,5.36,0,10,3
12,a,,,9.6,4,3,0,0,1,-1,17.1,23,9,34,2,5.7,34,17,4,146,4.0,70,25,0.4,3.5,0,1230816,3905,454274,12482,4.0,4.0,3.52,1.04,4.56,4.26,0.63,0.18,0.81,0.76,155.6,13,8,125.6,26,24,240.0,2,1,52.1,2,2,2.0,2.0,1.0,6,,Bukayo,Saka,Saka,,,506,3,0,3,5,0,0,0,0,0,0,6,39,,,,0.0,0.53,0.89,1.07,6.94,7,11,21
13,a,100.0,75.0,7.4,18,11,0,0,-1,1,10.7,34,13,27,7,4.5,71,28,2,119,4.7,58,20,0.6,3.6,0,125459,3969,837227,2088,4.7,3.5,0.12,0.77,0.89,4.18,0.02,0.14,0.16,0.75,120.2,43,16,108.4,37,32,5.0,298,155,23.4,61,40,1.0,1.0,,6,,Declan,Rice,Rice,,,501,0,3,3,5,0,0,0,1,0,0,6,52,,,,0.0,0.54,0.9,1.08,9.34,9,23,20
14,a,,,6.2,57,39,0,0,-3,3,1.1,171,53,4,0,1.0,403,192,0,18,0.7,285,135,0.1,0.6,0,34824,304,144338,876,0.7,0.7,0.04,0.09,0.13,1.33,0.04,0.1,0.14,1.41,3.0,381,177,5.9,296,149,9.0,265,137,1.6,359,172,,3.0,,6,,Eberechi,Eze,Eze,,,85,0,0,0,0,0,0,0,0,0,0,0,5,,,,0.0,0.0,0.0,0.0,5.29,0,0,5
15,a,,,6.8,31,20,0,0,3,-3,20.3,17,7,30,1,5.0,55,24,6,147,2.0,171,76,0.3,4.4,0,1813178,6159,671942,16099,2.0,2.0,2.02,1.41,3.43,3.91,0.39,0.27,0.66,0.76,121.8,40,14,166.9,10,9,73.0,57,35,36.2,17,13,,4.0,3.0,6,,Martin,Ødegaard,Ødegaard,,,466,2,0,3,5,0,0,0,1,0,0,6,29,,,,0.0,0.58,0.97,1.16,5.6,6,6,17
16,a,,,6.2,58,40,0,0,-3,3,0.2,324,113,4,2,1.3,297,137,0,31,0.7,286,136,0.1,0.6,0,6906,272,26697,92,0.7,0.7,0.22,0.35,0.57,0.83,0.18,0.28,0.46,0.66,11.6,315,141,43.9,143,91,0.0,659,294,5.6,279,125,5.0,,,6,,Noni,Madueke,Madueke,,,113,0,0,0,1,0,0,0,0,0,0,1,7,,,,0.0,0.0,0.8,0.8,5.58,1,1,5
17,a,,,5.7,112,72,0,0,-3,3,0.4,270,87,5,1,0.8,417,198,0,22,1.0,243,114,0.2,0.9,0,12950,170,49662,231,1.0,1.0,0.14,0.15,0.29,0.96,0.15,0.16,0.31,1.05,10.0,325,147,4.2,313,160,16.0,214,117,3.0,322,149,,,,6,,Mikel,Merino Zazón,Merino,,,82,0,0,0,0,0,0,0,1,0,0,0,10,,,,0.0,0.0,0.0,0.0,10.98,0,1,9
18,u,0.0,0.0,6.3,48,33,0,0,-2,2,0.1,473,184,0,0,0.0,662,295,0,0,0.0,658,294,0.0,0.0,0,2483,0,22100,24,0.0,0.0,0.0,0.0,0.0,0.0,0.0,0.0,0.0,0.0,0.0,661,295,0.0,662,295,0.0,660,295,0.0,662,295,,,,6,,Gabriel,Martinelli Silva,Martinelli,Has joined Al Hilal permanently,,0,0,0,0,0,0,0,0,0,0,0,0,0,,,,0.0,0.0,0.0,0.0,0.0,0,0,0
19,a,,,5.3,224,141,0,0,-2,2,0.5,241,76,5,0,1.0,379,174,0,16,0.7,271,127,0.1,0.9,0,8887,53,69157,285,0.7,0.7,0.21,0.04,0.25,1.38,0.21,0.04,0.25,1.4,13.4,303,131,5.0,304,155,29.0,155,82,4.8,295,133,,,,6,,Martín,Zubimendi Ibáñez,Zubimendi,,,89,0,0,0,0,0,0,0,0,0,0,0,12,,,,0.0,0.0,0.0,0.0,12.13,4,5,3
20,a,100.0,100.0,5.3,235,149,0,0,-2,2,0.1,464,179,1,0,1.0,384,179,0,4,0.3,340,159,0.1,0.2,0,3220,25,7722,50,0.3,0.3,0.0,0.08,0.08,0.31,0.0,0.8,0.8,3.1,2.0,386,179,14.8,240,129,0.0,617,267,1.7,357,171,,,,6,,Max,Dowman,Dowman,,,9,0,0,0,0,0,0,0,0,0,0,0,0,,,,0.0,0.0,0.0,0.0,0.0,0,0,0
22,u,0.0,0.0,5.4,195,121,0,0,-1,1,0.0,631,269,0,0,0.0,640,279,0,0,0.0,623,271,0.0,0.0,0,233,0,1270,2,0.0,0.0,0.0,0.0,0.0,0.0,0.0,0.0,0.0,0.0,0.0,633,276,0.0,636,278,0.0,623,271,0.0,638,277,,,,6,,Ethan,Nwaneri,Nwaneri,Has joined Borussia Dortmund on loan for the rest of the season,,0,0,0,0,0,0,0,0,0,0,0,0,0,,,,0.0,0.0,0.0,0.0,0.0,0,0,0
23,u,0.0,0.0,5.5,145,88,0,0,0,0,0.0,634,271,0,0,0.0,649,284,0,0,0.0,634,277,0.0,0.0,0,255,0,928,0,0.0,0.0,0.0,0.0,0.0,0.0,0.0,0.0,0.0,0.0,0.0,642,281,0.0,648,283,0.0,635,276,0.0,647,282,,,,6,,Fábio,Ferreira Vieira,Fábio Vieira,Has joined Hamburger SV permanently,,0,0,0,0,0,0,0,0,0,0,0,0,0,,,,0.0,0.0,0.0,0.0,0.0,0,0,0
24,u,0.0,0.0,5.5,134,81,0,0,0,0,0.0,642,277,0,0,0.0,646,281,0,0,0.0,631,274,0.0,0.0,0,68,0,684,0,0.0,0.0,0.0,0.0,0.0,0.0,0.0,0.0,0.0,0.0,0.0,639,278,0.0,644,280,0.0,631,273,0.0,644,279,,,,6,,Reiss,Nelson,Nelson,has departed the club as a free agent.,,0,0,0,0,0,0,0,0,0,0,0,0,0,,,,0.0,0.0,0.0,0.0,0.0,0,0,0
25,a,,,7.1,24,8,0,0,-4,4,3.8,89,14,3,1,1.0,406,47,0,17,0.7,290,35,0.1,0.4,0,133886,963,631182,4646,0.7,0.7,0.0,0.24,0.24,0.67,0.0,0.39,0.39,1.08,0.0,664,77,14.7,242,28,0.0,664,77,1.4,367,41,,,2.0,6,,Viktor,Gyökeres,Gyökeres,,,56,0,0,0,0,0,0,0,0,0,0,0,5,,,,0.0,0.0,0.0,0.0,8.04,1,0,4
26,a,100.0,75.0,7.6,17,6,0,0,1,-1,6.7,58,10,21,2,3.5,119,13,2,85,1.7,195,22,0.2,2.8,0,663115,3883,603552,8481,1.7,1.3,1.93,0.39,2.32,4.57,0.35,0.07,0.42,0.82,89.4,99,8,71.3,71,4,165.0,6,4,32.6,23,5,,,,6,,Kai,Havertz,Havertz,,,499,2,0,3,5,0,0,0,1,0,0,6,13,,,,0.0,0.54,0.9,1.08,2.34,0,6,7
27,u,0.0,0.0,5.9,82,21,0,0,-1,1,0.1,374,57,0,0,0.0,656,77,0,0,0.0,646,72,0.0,0.0,0,4164,0,29650,47,0.0,0.0,0.0,0.0,0.0,0.0,0.0,0.0,0.0,0.0,0.0,651,73,0.0,656,77,0.0,649,74,0.0,656,77,,,,6,,Gabriel,Fernando de Jesus,G.Jesus,Has joined FC Barcelona permanently,,0,0,0,0,0,0,0,0,0,0,0,0,0,,,,0.0,0.0,0.0,0.0,0.0,0,0,0
31,a,100.0,75.0,4.6,424,80,0,0,1,-1,17.3,22,8,16,4,3.2,132,55,0,53,3.7,74,32,0.8,3.5,0,1511196,3248,909716,4201,3.7,2.8,0.23,0.02,0.25,4.18,0.06,0.0,0.06,1.01,45.0,204,80,14.0,250,90,14.0,225,73,7.3,244,93,,,,6,,Ezri,Konsa Ngoyo,Konsa,,,371,0,0,1,5,0,0,0,0,0,0,4,33,,,,0.0,0.24,1.21,0.97,8.01,8,25,12
452,a,100.0,100.0,6.7,32,21,0,0,-3,3,1.9,128,39,18,9,4.5,70,27,4,74,5.7,25,11,0.9,2.7,0,48474,6775,251101,408,5.7,5.7,0.19,0.23,0.42,2.2,0.11,0.14,0.25,1.32,41.0,213,91,6.5,290,145,19.0,200,111,6.6,261,116,4.0,,4.0,6,,Bruno,Guimarães Rodriguez Moura,Bruno G.,,,150,2,0,0,3,0,0,0,0,0,0,1,18,,,,0.0,0.0,1.8,0.6,10.8,1,4,13
557,i,0.0,0.0,6.3,47,32,0,0,-2,2,7.4,51,17,16,0,3.2,139,54,1,81,1.7,191,88,0.3,2.5,0,463509,39,2126238,28965,0.0,0.0,0.19,0.55,0.74,2.73,0.05,0.14,0.19,0.68,56.4,171,67,115.1,33,28,46.0,105,59,21.8,76,45,3.0,,,6,,Christos,Tzolis,Tzolis,Hamstring injury - Expected back 24 Oct,,362,0,2,2,4,0,0,0,2,0,0,5,23,,,,0.0,0.5,0.99,1.24,5.72,4,7,12
29,a,100.0,75.0,4.5,430,24,0,0,0,0,0.1,405,47,1,0,1.0,330,24,0,1,0.0,454,53,0.0,0.2,0,4725,18,8087,25,0.0,0.0,0.0,0.0,0.0,3.77,0.0,0.0,0.0,3.77,28.2,259,22,0.0,481,38,0.0,431,33,2.8,326,22,,,,6,,Marco,Bizot,M.Bizot,,,90,0,0,0,4,0,0,0,0,0,3,1,0,,,,3.0,0.0,4.0,1.0,0.0,0,2,6
30,u,0.0,0.0,4.5,435,87,0,0,0,0,0.0,502,177,0,0,0.0,510,188,0,0,0.0,456,176,0.0,0.0,0,0,0,8759,5,0.0,0.0,0.0,0.0,0.0,0.0,0.0,0.0,0.0,0.0,0.0,490,186,0.0,484,185,0.0,434,174,0.0,495,186,,,,6,,Lucas,Digne,Digne,Has joined Paris Saint-Germain permanently,,0,0,0,0,0,0,0,0,0,0,0,0,0,,,,0.0,0.0,0.0,0.0,0.0,0,0,0
32,a,100.0,100.0,4.4,548,139,0,0,-1,1,4.6,78,29,6,0,1.2,299,104,0,18,-0.3,664,216,-0.1,1.4,0,99221,214,452652,2321,-0.3,-0.3,0.15,0.05,0.2,7.2,0.03,0.01,0.04,1.68,36.4,232,93,22.3,212,70,13.0,230,76,7.2,246,94,3.0,,,6,,Matty,Cash,Cash,,,386,0,0,1,9,0,0,0,3,0,0,4,25,,,,0.0,0.23,2.1,0.93,5.83,11,14,4
33,a,,,4.5,439,88,0,0,0,0,0.4,268,101,11,1,2.2,215,87,0,42,1.3,198,69,0.3,2.4,0,19849,82,19251,114,1.3,1.3,0.2,0.02,0.22,5.68,0.05,0.01,0.06,1.46,59.8,166,71,5.6,297,107,17.0,207,63,8.2,232,85,,,,6,,Tyrone,Mings,Mings,,,351,0,0,1,6,0,0,0,1,0,0,3,30,,,,0.0,0.26,1.54,0.77,7.69,4,26,10
34,a,100.0,75.0,4.4,554,143,0,0,-1,1,0.3,301,111,3,0,1.0,324,123,0,-4,0.3,301,106,0.1,0.7,0,11305,19,30091,101,0.3,0.2,0.0,0.01,0.01,4.79,0.0,0.0,0.0,2.31,11.2,318,121,1.9,335,121,2.0,318,118,1.5,360,125,,,,6,,Pau,Torres,Pau,,,187,0,0,0,5,0,0,0,0,0,0,3,9,,,,0.0,0.0,2.41,1.44,4.33,1,8,9
35,a,,,4.9,380,225,0,0,-1,1,0.1,480,188,1,0,1.0,353,156,0,3,0.0,557,229,0.0,0.2,0,3019,16,5023,18,0.0,0.0,0.0,0.0,0.0,0.22,0.0,0.0,0.0,1.24,2.2,385,178,0.5,372,185,0.0,546,224,0.3,394,183,,,,6,,Lamare,Bogarde,Bogarde,,,16,0,0,0,0,0,0,0,0,0,0,0,1,,,,0.0,0.0,0.0,0.0,5.62,0,1,0
36,i,0.0,0.0,4.4,557,146,0,0,-1,1,0.4,264,99,9,0,2.2,213,85,1,22,0.3,302,107,0.1,2.0,0,31934,2,70580,393,0.0,0.0,0.28,0.45,0.73,6.54,0.08,0.12,0.2,1.76,34.8,236,95,24.5,200,65,43.0,109,24,10.2,207,74,,,,6,,Ian,Maatsen,Maatsen,Ankle injury - Unknown return date,,335,0,0,1,7,0,0,0,1,0,0,4,24,,,,0.0,0.27,1.88,1.07,6.45,7,17,10
37,a,,,4.5,446,94,0,0,0,0,0.3,284,105,11,3,1.8,249,94,0,35,1.7,173,64,0.4,2.4,0,16769,70,16081,86,1.7,1.7,0.44,0.17,0.61,10.47,0.07,0.03,0.1,1.74,74.4,123,56,37.3,163,44,37.0,132,37,14.9,142,49,,,,6,,Victor,Lindelöf,Lindelöf,,,540,0,0,1,11,1,0,0,0,0,0,6,36,,,,0.0,0.17,1.83,1.0,6.0,1,35,10
38,a,,,4.0,653,203,0,0,0,0,1.5,147,60,0,0,0.0,481,179,0,0,0.0,416,159,0.0,0.0,0,46586,136,73630,398,0.0,0.0,0.0,0.0,0.0,0.0,0.0,0.0,0.0,0.0,0.0,459,175,0.0,450,174,0.0,395,160,0.0,464,175,,,,6,,Andrés,García,A.García,,,0,0,0,0,0,0,0,0,0,0,0,0,0,,,,0.0,0.0,0.0,0.0,0.0,0,0,0
39,u,0.0,0.0,4.0,650,201,0,0,0,0,0.1,387,146,0,0,0.0,479,178,0,0,0.0,414,158,0.0,0.0,0,0,0,15757,29,0.0,0.0,0.0,0.0,0.0,0.0,0.0,0.0,0.0,0.0,0.0,457,174,0.0,448,173,0.0,393,159,0.0,462,174,,,,6,,Kosta,Nedeljkovic,Nedeljkovic,Has joined Rangers on loan for the rest of the season,,0,0,0,0,0,0,0,0,0,0,0,0,0,,,,0.0,0.0,0.0,0.0,0.0,0,0,0
41,a,,,5.9,81,54,0,0,-1,1,1.2,165,50,25,4,4.2,83,35,3,94,6.0,19,9,1.0,4.2,0,84381,1656,103862,469,6.0,6.0,1.23,0.33,1.56,8.62,0.24,0.06,0.3,1.67,66.0,143,48,80.5,63,52,59.0,74,45,19.6,91,48,2.0,1.0,1.0,6,,Emiliano,Buendía Stati,Buendía,,,464,1,1,1,9,0,0,0,1,0,0,6,44,,,,0.0,0.19,1.75,1.16,8.53,12,5,27
44,u,0.0,0.0,5.4,176,111,0,0,-1,1,0.0,500,197,0,0,0.0,638,277,0,0,0.0,616,268,0.0,0.0,0,2096,0,13531,23,0.0,0.0,0.0,0.0,0.0,0.0,0.0,0.0,0.0,0.0,0.0,630,274,0.0,633,276,0.0,620,269,0.0,635,275,,,,6,,Leon,Bailey,Bailey,Has joined Olympiakos permanently,,0,0,0,0,0,0,0,0,0,0,0,0,0,,,,0.0,0.0,0.0,0.0,0.0,0,0,0
45,a,,,5.4,166,105,0,0,-1,1,2.2,119,37,26,9,4.3,78,31,3,100,7.0,9,3,1.3,4.8,0,86770,3241,170435,601,7.0,7.0,1.44,0.32,1.76,9.54,0.25,0.05,0.3,1.64,52.4,184,74,84.9,56,46,15.0,221,119,14.8,147,74,1.0,,,6,,John,McGinn,McGinn,,,524,1,2,2,9,0,0,0,2,0,0,6,36,,,,0.0,0.34,1.55,1.03,6.18,6,9,21
46,a,,,5.0,241,151,0,0,0,0,0.2,310,107,11,1,1.8,253,111,0,70,1.3,205,94,0.3,2.2,0,16589,50,18191,135,1.3,1.3,0.38,0.15,0.53,7.43,0.11,0.04,0.15,2.14,42.4,211,89,82.3,58,47,31.0,150,78,15.6,128,68,4.0,,,6,,Ross,Barkley,Barkley,,,312,0,0,1,8,0,0,0,0,0,0,4,30,,,,0.0,0.29,2.31,1.15,8.65,7,5,18
47,a,100.0,100.0,5.0,266,166,0,0,0,0,0.3,291,99,19,4,3.2,134,51,0,106,4.0,66,22,0.8,3.8,0,15939,142,23324,126,4.0,4.0,0.18,0.24,0.42,9.69,0.03,0.04,0.07,1.64,68.0,138,46,68.8,78,58,6.0,289,149,14.3,156,81,,,,6,,Boubacar,Kamara,Kamara,,,533,0,1,2,9,0,0,0,0,0,0,6,49,,,,0.0,0.34,1.52,1.01,8.27,10,18,21
48,i,0.0,0.0,4.9,364,216,0,0,-1,1,0.0,588,244,0,0,0.0,588,246,0,0,0.0,548,222,0.0,0.0,0,578,4,1728,7,0.0,0.0,0.0,0.0,0.0,0.0,0.0,0.0,0.0,0.0,0.0,572,236,0.0,571,242,0.0,539,220,0.0,578,238,,,,6,,Amadou,Onana,Onana,Knee injury - Unknown return date,,0,0,0,0,0,0,0,0,0,0,0,0,0,,,,0.0,0.0,0.0,0.0,0.0,0,0,0
49,u,0.0,0.0,5.0,284,173,0,0,0,0,0.0,661,294,0,0,0.0,611,261,0,0,0.0,580,245,0.0,0.0,0,0,0,238,0,0.0,0.0,0.0,0.0,0.0,0.0,0.0,0.0,0.0,0.0,0.0,599,255,0.0,604,260,0.0,581,246,0.0,605,257,,,,6,,Samuel,Iling-Junior,Iling Jr,Has joined Bolton Wanderers on loan for the rest of the season,,0,0,0,0,0,0,0,0,0,0,0,0,0,,,,0.0,0.0,0.0,0.0,0.0,0,0,0
50,a,,,4.5,529,276,0,0,0,0,0.5,245,78,0,0,0.0,562,230,0,0,0.0,512,199,0.0,0.0,0,21852,63,38026,210,0.0,0.0,0.0,0.0,0.0,0.0,0.0,0.0,0.0,0.0,0.0,543,219,0.0,539,225,0.0,500,198,0.0,548,220,,,,6,,Bradley,Burrowes,Burrowes,,,0,0,0,0,0,0,0,0,0,0,0,0,0,,,,0.0,0.0,0.0,0.0,0.0,0,0,0
51,d,75.0,,4.5,507,265,0,0,0,0,1.1,170,52,9,0,1.8,251,109,0,34,0.7,257,119,0.2,2.0,0,118650,207,82095,695,0.5,0.7,0.07,0.16,0.23,6.26,0.02,0.05,0.07,1.9,25.2,265,111,42.1,148,94,25.0,166,89,9.1,222,102,,,,6,,George,Hemmings,George Hemmings,Knee injury - 75% chance of playing,,297,0,0,1,7,0,0,0,0,0,0,4,19,,,,0.0,0.3,2.12,1.21,5.76,6,3,10
52,a,100.0,75.0,5.0,329,200,0,0,0,0,0.0,507,200,9,1,1.8,256,113,0,37,2.3,136,56,0.5,1.8,0,3374,3,4198,38,2.3,1.7,0.06,0.0,0.06,2.47,0.06,0.0,0.06,2.44,39.8,218,94,4.9,305,156,25.0,168,91,7.0,249,111,,,,6,,Alysson Edward Franco,da Rocha dos Santos,Alysson,,,91,1,0,0,2,0,0,0,1,0,0,0,8,,,,0.0,0.0,1.98,0.0,7.91,2,2,4
53,a,100.0,100.0,5.9,96,61,0,0,-1,1,0.8,202,61,19,5,6.3,20,8,2,71,6.3,15,7,1.1,3.2,0,75578,2645,26137,344,6.3,6.3,0.88,0.38,1.26,2.72,0.43,0.19,0.62,1.34,65.8,145,50,29.8,186,107,60.0,72,44,15.6,130,70,,,,6,,Johan,Manzambi,Manzambi,,,183,1,2,1,3,0,0,0,0,0,0,2,13,,,,0.0,0.49,1.48,0.98,6.39,2,2,9
54,a,100.0,100.0,5.5,146,89,0,0,0,0,0.0,505,199,4,2,1.3,294,135,0,29,2.0,161,70,0.4,0.7,0,1673,31,4270,20,2.0,2.0,0.0,0.04,0.04,5.32,0.0,0.02,0.02,2.24,23.6,273,115,24.8,199,113,0.0,636,277,4.8,296,134,,,,6,,Joao,Gomes,Gomes,,,214,0,0,0,8,0,0,0,0,1,0,3,25,,,,0.0,0.0,3.36,1.26,10.51,10,9,6
55,u,0.0,0.0,7.8,12,3,0,0,-2,2,2.4,114,18,0,0,0.0,667,79,0,0,0.0,663,78,0.0,0.0,0,14882,0,767239,602,0.0,0.0,0.0,0.0,0.0,0.0,0.0,0.0,0.0,0.0,0.0,667,79,0.0,667,79,0.0,667,79,0.0,667,79,,,,6,,Ollie,Watkins,Watkins,Has joined Al Hilal permanently,,0,0,0,0,0,0,0,0,0,0,0,0,0,,,,0.0,0.0,0.0,0.0,0.0,0,0,0
56,a,100.0,100.0,5.5,132,36,0,0,0,0,0.2,334,52,4,0,1.0,392,44,0,13,0.7,277,31,0.1,0.7,0,17729,202,14450,172,0.7,0.7,0.0,0.0,0.0,2.69,0.0,0.0,0.0,3.41,3.2,377,39,6.2,294,38,2.0,333,43,1.1,375,42,,,,6,,Tammy,Abraham,Abraham,,,71,0,0,0,3,0,0,0,0,0,0,0,2,,,,0.0,0.0,3.8,0.0,2.54,1,0,1
160,a,,,5.8,107,68,0,0,-2,2,0.3,293,100,3,0,1.0,399,189,0,9,0.0,642,285,0.0,0.5,0,7947,57,42842,155,0.0,0.0,0.0,0.0,0.0,0.49,0.0,0.0,0.0,1.42,1.2,396,185,3.6,320,162,0.0,646,286,0.5,388,182,,,,6,,Alejandro,Garnacho Ferreyra,Garnacho,,,31,0,0,0,0,0,0,0,0,0,0,0,2,,,,0.0,0.0,0.0,0.0,5.81,0,0,2
166,a,,,6.5,42,11,0,0,0,0,2.0,126,21,19,9,3.8,106,12,4,88,5.0,42,5,0.8,2.9,0,253443,9851,97190,783,5.0,5.0,0.97,0.73,1.7,4.0,0.23,0.17,0.4,0.96,42.8,210,17,36.8,165,18,76.0,53,17,15.4,136,18,,,2.0,6,,Nicolas,Jackson,N.Jackson,,,376,2,0,1,4,0,0,0,2,0,0,5,11,,,,0.0,0.24,0.96,1.2,2.63,2,1,8
582,d,75.0,75.0,5.4,204,47,0,0,-1,1,0.2,339,54,0,0,0.0,643,75,0,0,0.0,628,69,0.0,0.0,0,3853,72,32276,77,0.0,0.0,0.0,0.0,0.0,0.0,0.0,0.0,0.0,0.0,0.0,636,71,0.0,639,75,0.0,626,72,0.0,641,75,,,,6,,Brian,Madjo,Madjo,Unspecified injury - 75% chance of playing,,0,0,0,0,0,0,0,0,0,0,0,0,0,,,,0.0,0.0,0.0,0.0,0.0,0,0,0
596,d,75.0,,4.5,480,117,0,0,0,0,0.1,417,154,6,1,1.5,272,98,0,17,1.3,200,70,0.3,1.3,0,4669,21,6151,34,1.0,1.3,0.03,0.02,0.05,2.58,0.02,0.01,0.03,1.47,26.0,262,107,14.1,249,89,1.0,336,126,4.1,303,113,,,,6,,Matteo,Ruggeri,Ruggeri,Hamstring injury - 75% chance of playing,,158,0,0,0,3,0,0,0,0,0,0,2,21,,,,0.0,0.0,1.71,1.14,11.96,2,19,12
597,a,,,5.0,274,11,0,0,0,0,1.9,127,19,18,2,3.6,110,10,3,90,2.0,153,15,0.4,3.6,0,162668,352,70886,657,2.0,2.0,0.0,0.01,0.01,6.7,0.0,0.0,0.0,1.34,115.6,50,9,0.0,601,68,0.0,578,67,11.6,188,10,,,,6,,Zion,Suzuki,Suzuki,,,450,0,0,1,7,0,0,0,0,0,18,5,0,,,,3.6,0.2,1.4,1.0,0.0,0,13,51
606,a,,,4.0,644,195,0,0,0,0,0.2,362,136,0,0,0.0,475,174,0,0,0.0,410,154,0.0,0.0,0,13242,27,6492,47,0.0,0.0,0.0,0.0,0.0,0.0,0.0,0.0,0.0,0.0,0.0,452,169,0.0,443,168,0.0,388,154,0.0,457,169,,,,6,,Triston,Rowe,Rowe,,,0,0,0,0,0,0,0,0,0,0,0,0,0,,,,0.0,0.0,0.0,0.0,0.0,0,0,0
607,u,0.0,0.0,4.5,503,264,0,0,0,0,0.1,477,186,0,0,0.0,544,221,0,0,0.0,493,190,0.0,0.0,0,7103,0,8382,29,0.0,0.0,0.0,0.0,0.0,0.0,0.0,0.0,0.0,0.0,0.0,526,210,0.0,522,216,0.0,480,188,0.0,531,211,,,,6,,Luka,Lynch,Lynch,Has joined Oxford United on loan until January,,0,0,0,0,0,0,0,0,0,0,0,0,0,,,,0.0,0.0,0.0,0.0,0.0,0,0,0
611,a,,,4.5,450,97,0,0,0,0,0.2,312,117,7,1,1.4,283,102,0,27,1.7,174,65,0.4,1.6,0,20089,107,8856,112,1.7,1.7,0.0,0.08,0.08,3.99,0.0,0.04,0.04,1.82,42.8,209,85,16.4,232,80,0.0,440,175,5.9,273,103,,,,6,,Aaron,Wan-Bissaka,Wan-Bissaka,,,197,0,0,0,3,0,0,0,0,0,0,2,26,,,,0.0,0.0,1.37,0.91,11.88,11,15,2
630,a,,,4.5,466,109,0,0,0,0,0.0,575,196,0,0,0.0,522,194,0,0,0.0,468,182,0.0,0.0,0,2368,5,1148,15,0.0,0.0,0.0,0.0,0.0,0.0,0.0,0.0,0.0,0.0,0.0,502,192,0.0,498,191,0.0,449,181,0.0,507,192,,,,6,,Taylor,Harwood-Bellis,Harwood-Bellis,,,0,0,0,0,0,0,0,0,0,0,0,0,0,,,,0.0,0.0,0.0,0.0,0.0,0,0,0
631,a,,,6.0,76,50,0,0,0,0,0.1,453,173,3,1,1.0,401,190,0,14,1.0,245,115,0.2,0.5,0,11368,117,5800,124,1.0,1.0,0.05,0.18,0.23,2.13,0.08,0.27,0.35,3.25,9.0,332,152,15.2,238,128,19.0,197,108,4.3,301,136,,,,6,,Ibrahim,Mbaye,Mbaye,,,59,0,0,0,4,0,0,0,0,0,0,0,5,,,,0.0,0.0,6.1,0.0,7.63,2,1,2
667,a,,,4.0,626,69,0,0,0,0,0.2,332,40,0,0,0.0,461,45,0,0,0.0,393,42,0.0,0.0,0,18408,581,2995,71,0.0,0.0,0.0,0.0,0.0,0.0,0.0,0.0,0.0,0.0,0.0,438,45,0.0,429,26,0.0,373,21,0.0,443,45,,,,6,,James,Wright,Wright,,,0,0,0,0,0,0,0,0,0,0,0,0,0,,,,0.0,0.0,0.0,0.0,0.0,0,0,0
57,a,,,4.5,474,37,0,0,0,0,2.9,107,17,9,0,1.5,271,23,0,36,1.0,224,19,0.2,2.0,0,122267,163,140139,658,1.0,1.0,0.0,0.0,0.0,8.03,0.0,0.0,0.0,1.34,92.2,92,17,0.0,502,51,0.0,456,46,9.2,219,18,,,,6,,Đorđe,Petrović,Petrović,,,540,0,0,0,13,0,0,0,0,0,12,6,0,,,,2.0,0.0,2.17,1.0,0.0,0,7,50
58,a,,,4.0,588,50,0,0,0,0,3.5,98,16,0,0,0.0,435,26,0,0,0.0,363,23,0.0,0.0,0,130064,447,88458,343,0.0,0.0,0.0,0.0,0.0,0.0,0.0,0.0,0.0,0.0,0.0,412,26,0.0,400,7,0.0,344,2,0.0,416,26,,,,6,,Fraser,Forster,Forster,,,0,0,0,0,0,0,0,0,0,0,0,0,0,,,,0.0,0.0,0.0,0.0,0.0,0,0,0
59,u,0.0,0.0,4.0,618,66,0,0,0,0,0.1,398,46,0,0,0.0,456,42,0,0,0.0,387,39,0.0,0.0,0,1133,0,8185,21,0.0,0.0,0.0,0.0,0.0,0.0,0.0,0.0,0.0,0.0,0.0,433,42,0.0,424,23,0.0,368,18,0.0,438,42,,,,6,,Will,Dennis,Dennis,Has joined MK Dons permanently,,0,0,0,0,0,0,0,0,0,0,0,0,0,,,,0.0,0.0,0.0,0.0,0.0,0,0,0
60,a,,,5.5,148,15,0,0,0,0,0.8,207,80,14,2,2.3,209,83,0,37,2.7,115,46,0.5,2.5,0,35097,265,47265,341,2.7,2.7,0.0,0.81,0.81,8.03,0.0,0.14,0.14,1.34,119.6,44,19,69.3,75,14,6.0,291,104,19.5,92,29,,,,6,,James,Hill,Hill,,,540,0,0,0,13,0,0,0,1,0,0,6,61,,,,0.0,0.0,2.17,1.0,10.17,13,48,16
61,a,,,5.4,192,25,0,0,-1,1,2.9,106,40,9,-1,1.5,279,100,2,52,1.3,212,75,0.2,1.7,0,62920,358,176261,1676,1.3,1.3,0.11,0.59,0.7,8.03,0.02,0.1,0.12,1.36,104.6,69,31,70.5,73,13,39.0,127,35,21.5,78,19,,,,6,,Adrien,Truffert,Truffert,,,533,0,0,0,13,0,0,0,2,0,0,6,53,,,,0.0,0.0,2.2,1.01,8.95,21,32,26
62,a,,,4.9,355,63,0,0,-1,1,0.2,369,141,0,0,0.0,585,208,0,0,0.0,543,201,0.0,0.0,0,7412,35,12541,53,0.0,0.0,0.0,0.0,0.0,0.0,0.0,0.0,0.0,0.0,0.0,569,207,0.0,567,206,0.0,534,203,0.0,574,207,,,,6,,Bafodé,Diakité,Diakité,,,0,0,0,0,0,0,0,0,0,0,0,0,0,,,,0.0,0.0,0.0,0.0,0.0,0,0,0
63,i,0.0,0.0,4.9,393,71,0,0,-1,1,0.0,623,211,0,0,0.0,597,210,0,0,0.0,565,204,0.0,0.0,0,384,4,909,4,0.0,0.0,0.0,0.0,0.0,0.0,0.0,0.0,0.0,0.0,0.0,584,209,0.0,584,208,0.0,557,205,0.0,590,209,,,,6,,Veljko,Milosavljevic,Milosavljević,Thigh injury - Unknown return date,,0,0,0,0,0,0,0,0,0,0,0,0,0,,,,0.0,0.0,0.0,0.0,0.0,0,0,0
64,a,,,4.5,428,84,0,0,0,0,0.1,391,147,4,0,0.7,418,146,0,0,0.7,255,90,0.2,0.9,0,7877,26,7982,48,0.7,0.7,0.01,0.14,0.15,7.78,0.0,0.02,0.02,1.39,43.6,205,81,44.4,140,38,4.0,304,109,9.1,221,80,,,,6,,Adam,Smith,Smith,,,505,0,0,0,13,0,0,0,3,0,0,6,23,,,,0.0,0.0,2.32,1.07,4.1,5,18,16
65,i,0.0,0.0,4.4,556,145,0,0,-1,1,0.0,602,203,0,0,0.0,494,186,0,0,0.0,436,173,0.0,0.0,0,467,0,1362,3,0.0,0.0,0.0,0.0,0.0,0.0,0.0,0.0,0.0,0.0,0.0,473,183,0.0,465,182,0.0,415,171,0.0,478,183,,,,6,,Julián,Araujo Zúñiga,J.Araujo,Thigh injury - Unknown return date,,0,0,0,0,0,0,0,0,0,0,0,0,0,,,,0.0,0.0,0.0,0.0,0.0,0,0,0
66,a,100.0,100.0,4.0,646,197,0,0,0,0,0.3,304,113,1,1,1.0,314,115,0,4,0.3,294,101,0.1,0.2,0,14435,50,11879,64,0.3,0.3,0.0,0.0,0.0,0.0,0.0,0.0,0.0,0.0,0.0,453,170,0.0,444,169,0.0,389,155,0.0,458,170,,,,6,,Julio,Soler Barreto,Soler,,,6,0,0,0,0,0,0,0,0,0,0,0,1,,,,0.0,0.0,0.0,0.0,15.0,1,0,2
67,a,,,6.3,50,34,0,0,-2,2,1.5,140,42,12,2,2.0,244,106,0,53,2.0,170,75,0.3,1.9,0,60117,714,180190,711,2.0,2.0,1.14,0.46,1.6,7.43,0.2,0.08,0.28,1.28,30.4,254,104,50.4,118,79,99.0,38,21,18.0,108,58,,,,6,,Rayan Vitor,Simplício Rocha,Rayan,,,524,0,0,0,12,0,0,0,0,0,0,6,18,,,,0.0,0.0,2.06,1.03,3.09,6,8,4
68,a,,,6.1,61,42,0,0,1,-1,7.3,54,18,32,1,5.3,46,21,8,158,3.7,79,29,0.6,5.2,0,811124,5588,282461,4892,3.7,3.7,1.7,0.96,2.66,7.62,0.31,0.17,0.48,1.38,161.8,8,5,146.1,18,17,147.0,11,6,45.5,6,5,1.0,1.0,3.0,6,,Marcus,Tavernier,Tavernier,,,496,3,0,0,13,0,0,0,3,0,0,6,47,,,,0.0,0.0,2.36,1.09,8.53,12,6,29
69,i,0.0,0.0,6.1,64,45,0,0,1,-1,4.2,83,27,30,0,6.0,30,13,5,129,2.0,168,74,0.3,4.9,0,550824,56,385918,17939,0.0,0.0,0.64,0.42,1.06,6.82,0.13,0.08,0.21,1.38,102.8,76,23,146.4,17,16,56.0,84,50,30.5,32,23,2.0,4.0,,6,,Alex,Scott,Scott,Thigh injury - Unknown return date,,446,1,2,1,7,0,0,0,1,0,0,5,60,,,,0.0,0.2,1.41,1.01,12.11,9,15,36
70,i,0.0,0.0,5.9,84,55,0,0,-1,1,0.7,219,69,15,0,3.8,105,42,1,64,2.7,119,47,0.5,2.5,0,52766,2,105980,1777,0.0,0.0,0.99,0.08,1.07,4.48,0.3,0.02,0.32,1.37,62.2,159,61,46.5,134,86,120.0,22,12,22.5,67,42,3.0,2.0,2.0,6,,Justin,Kluivert,Kluivert,Unspecified injury - Unknown return date,,294,1,0,2,3,0,0,0,1,0,0,4,22,,,,0.0,0.61,0.92,1.22,6.73,4,2,16
71,a,,,5.0,249,155,0,0,0,0,0.2,361,131,9,1,1.5,274,121,0,28,0.7,267,124,0.1,1.8,0,13323,20,14946,79,0.7,0.7,0.0,0.01,0.01,4.2,0.0,0.0,0.0,1.92,11.8,312,138,15.8,234,126,0.0,567,241,2.8,327,153,,,,6,,Lewis,Cook,Cook,,,197,0,0,2,1,0,0,0,1,0,0,2,18,,,,0.0,0.91,0.46,0.91,8.22,1,9,8
72,a,,,4.9,373,221,0,0,-1,1,0.1,488,191,5,1,1.0,352,155,0,24,1.0,230,105,0.2,1.0,0,1764,22,5043,29,1.0,1.0,0.12,0.1,0.22,1.22,0.19,0.16,0.35,1.93,4.0,370,174,2.9,324,164,16.0,210,115,2.3,341,161,,,,6,,Ben,Gannon-Doak,Gannon-Doak,,,57,0,0,0,4,0,0,0,0,0,0,0,12,,,,0.0,0.0,6.32,0.0,18.95,3,0,9
73,a,100.0,100.0,5.0,255,159,0,0,0,0,0.3,302,104,13,1,2.2,220,95,0,58,2.3,132,52,0.5,2.6,0,19686,138,17878,121,2.3,2.3,0.03,0.08,0.11,3.82,0.01,0.02,0.03,0.93,45.8,202,87,32.2,180,105,7.0,280,144,8.5,228,105,,,,6,,Tyler,Adams,Adams,,,369,0,0,0,12,0,0,0,1,0,0,4,47,,,,0.0,0.0,2.93,0.98,11.46,7,15,25
74,a,100.0,100.0,5.0,244,152,0,0,0,0,0.1,495,194,4,1,0.8,411,196,0,13,0.7,264,123,0.1,0.8,0,3586,21,4098,20,0.7,0.7,0.0,0.08,0.08,1.21,0.0,0.08,0.08,1.21,9.2,328,149,23.6,205,116,2.0,326,162,3.5,315,143,4.0,3.0,,6,,David,Brooks,Brooks,,,90,0,0,0,4,0,0,0,1,0,0,1,8,,,,0.0,0.0,4.0,1.0,8.0,1,2,5
75,a,100.0,100.0,5.0,250,156,0,0,0,0,0.0,516,206,8,3,1.6,267,119,0,36,2.0,150,66,0.4,1.6,0,4219,53,2459,26,2.0,2.0,0.52,0.53,1.05,2.72,0.27,0.27,0.54,1.41,9.4,327,148,17.1,229,125,31.0,151,79,5.2,286,128,,,,6,,Ryan,Christie,Christie,,,174,0,0,0,7,0,0,0,1,0,0,2,27,,,,0.0,0.0,3.62,1.03,13.97,2,5,20
76,a,,,4.9,392,237,0,0,-1,1,0.0,594,247,2,0,1.0,359,162,0,8,0.3,319,146,0.1,0.4,0,407,1,833,5,0.3,0.3,0.0,0.0,0.0,0.56,0.0,0.0,0.0,2.96,3.0,379,176,0.7,365,182,0.0,556,234,0.3,396,185,,,,6,,Alex,Tóth,Tóth.A,,,17,0,0,0,2,0,0,0,0,0,0,0,2,,,,0.0,0.0,10.59,0.0,10.59,1,0,1
77,i,0.0,0.0,4.9,372,220,0,0,-1,1,0.0,596,249,0,0,0.0,591,249,0,0,0.0,552,225,0.0,0.0,0,322,4,2269,4,0.0,0.0,0.0,0.0,0.0,0.0,0.0,0.0,0.0,0.0,0.0,575,239,0.0,575,245,0.0,543,223,0.0,581,241,,,,6,,Amine,Adli,Adli,Calf injury - Unknown return date,,0,0,0,0,0,0,0,0,0,0,0,0,0,,,,0.0,0.0,0.0,0.0,0.0,0,0,0
78,i,0.0,0.0,7.4,21,13,0,0,-1,1,0.2,350,124,0,0,0.0,666,298,0,0,0.0,662,297,0.0,0.0,0,1374,15,27874,58,0.0,0.0,0.0,0.0,0.0,0.0,0.0,0.0,0.0,0.0,0.0,666,298,0.0,666,298,0.0,666,298,0.0,666,298,,,1.0,6,,Junior,Kroupi,Kroupi.Jr,Foot injury - Expected back 7 Nov,,0,0,0,0,0,0,0,0,0,0,0,0,0,,,,0.0,0.0,0.0,0.0,0.0,0,0,0
79,a,,,6.0,71,17,0,0,0,0,3.3,102,16,25,7,4.2,84,7,1,107,4.7,57,8,0.8,4.2,0,286700,4396,197682,1334,4.7,4.7,1.5,0.64,2.14,7.53,0.26,0.11,0.37,1.32,71.4,130,10,82.6,57,2,99.0,37,15,25.2,53,10,,,,6,,Francisco Evanilson,de Lima Barbosa,Evanilson,,,514,1,3,2,10,0,0,0,1,0,0,6,35,,,,0.0,0.35,1.75,1.05,6.13,4,13,18
80,u,0.0,0.0,5.5,129,34,0,0,0,0,0.0,589,76,0,0,0.0,644,76,0,0,0.0,629,70,0.0,0.0,0,0,0,2016,6,0.0,0.0,0.0,0.0,0.0,0.0,0.0,0.0,0.0,0.0,0.0,637,72,0.0,642,76,0.0,629,73,0.0,642,76,,,,6,,Enes,Ünal,Enes Ünal,Has joined Getafe permanently,,0,0,0,0,0,0,0,0,0,0,0,0,0,,,,0.0,0.0,0.0,0.0,0.0,0,0,0
81,a,100.0,100.0,6.0,73,18,0,0,0,0,0.1,383,59,3,1,1.0,400,46,0,10,0.7,282,33,0.1,0.5,0,6260,71,7277,58,0.7,0.7,0.02,0.03,0.05,0.18,0.06,0.1,0.16,0.58,0.0,658,76,0.5,374,46,0.0,655,76,0.1,408,48,,,,6,,Álvaro,Rodríguez,Rodríguez,,,28,0,0,0,1,0,0,0,0,0,0,0,4,,,,0.0,0.0,3.21,0.0,12.86,0,1,3
566,a,,,5.0,287,46,0,0,0,0,0.6,238,93,13,0,2.2,221,88,0,18,2.0,155,60,0.4,2.6,0,62260,176,37079,214,2.0,2.0,1.38,0.32,1.7,8.03,0.23,0.05,0.28,1.34,124.6,37,16,10.1,280,101,43.0,111,26,17.7,111,36,,,,6,,António João,Pereira de Albuquerque Tavares da Silva,Silva,,,540,0,0,0,13,0,0,0,2,0,0,6,61,,,,0.0,0.0,2.17,1.0,10.17,7,54,21
573,a,,,4.4,564,150,0,0,-1,1,0.2,363,137,1,1,1.0,328,126,0,4,0.3,304,109,0.1,0.2,0,1675,13,7498,30,0.3,0.3,0.0,0.0,0.0,0.0,0.0,0.0,0.0,0.0,0.0,476,184,0.0,468,183,0.0,418,172,0.0,481,184,,,,6,,Juanlu,Sánchez,Sanchez,,,18,0,0,0,0,0,0,0,0,0,0,0,1,,,,0.0,0.0,0.0,0.0,5.0,1,0,1
608,a,,,5.0,309,58,0,0,0,0,0.1,399,60,3,0,1.0,367,38,0,13,0.3,328,39,0.1,0.6,0,13980,77,7871,67,0.3,0.3,0.1,0.0,0.1,0.61,0.29,0.0,0.29,1.77,3.6,372,36,1.6,342,44,21.0,184,30,2.6,334,36,,,,6,,Daniel,Jebbison,Jebbison,,,31,0,0,0,2,0,0,0,0,0,0,0,1,,,,0.0,0.0,5.81,0.0,2.9,0,0,1
615,a,,,4.5,456,33,0,0,0,0,0.0,521,61,0,0,0.0,518,62,0,0,0.0,464,60,0.0,0.0,0,3042,13,1863,17,0.0,0.0,0.0,0.0,0.0,0.0,0.0,0.0,0.0,0.0,0.0,498,62,0.0,493,47,0.0,444,42,0.0,503,62,,,,6,,Michele,Di Gregorio,Di Gregorio,,,0,0,0,0,0,0,0,0,0,0,0,0,0,,,,0.0,0.0,0.0,0.0,0.0,0,0,0
82,a,,,5.0,254,8,0,0,0,0,6.1,63,9,22,2,3.7,107,9,0,114,3.7,76,10,0.7,4.4,0,273188,553,234665,1147,3.7,3.7,0.0,0.01,0.01,8.08,0.0,0.0,0.0,1.35,118.0,46,8,0.0,592,65,0.0,569,64,11.7,186,9,,,,6,,Caoimhín,Kelleher,Kelleher,,,540,0,0,2,6,0,0,0,0,0,22,6,0,,,,3.67,0.33,1.0,1.0,0.0,0,9,44
83,a,,,4.5,488,41,0,0,0,0,0.1,421,49,0,0,0.0,533,65,0,0,0.0,481,63,0.0,0.0,0,3117,18,4961,15,0.0,0.0,0.0,0.0,0.0,0.0,0.0,0.0,0.0,0.0,0.0,513,65,0.0,510,52,0.0,467,50,0.0,518,65,,,,6,,Hákon Rafn,Valdimarsson,Valdimarsson,,,0,0,0,0,0,0,0,0,0,0,0,0,0,,,,0.0,0.0,0.0,0.0,0.0,0,0,0
84,i,0.0,0.0,5.4,183,22,0,0,-1,1,0.9,192,73,10,0,3.3,126,53,0,39,0.0,618,212,0.0,1.9,0,58804,3,166333,610,0.0,0.0,0.51,0.05,0.56,2.13,0.23,0.02,0.25,0.98,40.6,214,86,22.4,211,69,51.0,91,17,11.4,193,70,,,,6,,Nathan,Collins,Collins,Calf injury - Unknown return date,,196,0,0,1,1,0,0,0,1,0,0,3,17,,,,0.0,0.46,0.46,1.38,7.81,2,15,11
85,a,100.0,0.0,4.9,362,66,0,0,-1,1,0.1,484,172,0,0,0.0,587,209,0,0,0.0,546,202,0.0,0.0,0,469,24,9186,10,0.0,0.0,0.0,0.0,0.0,0.0,0.0,0.0,0.0,0.0,0.0,571,208,0.0,570,207,0.0,537,204,0.0,577,208,,,,6,,Sepp,van den Berg,Van den Berg,,,0,0,0,0,0,0,0,0,0,0,0,0,0,,,,0.0,0.0,0.0,0.0,0.0,0,0,0
86,a,,,5.5,141,86,0,0,0,0,1.6,136,41,24,2,4.0,91,36,3,92,2.0,159,69,0.4,4.4,0,194621,263,133889,939,2.0,2.0,1.24,0.83,2.07,7.17,0.24,0.16,0.4,1.37,113.6,53,18,109.3,36,31,73.0,55,34,29.5,35,25,5.0,1.0,,6,,Keane,Lewis-Potter,Lewis-Potter,,,472,1,1,2,5,0,0,0,0,0,0,6,43,,,,0.0,0.38,0.95,1.14,8.2,6,18,19
87,a,,,4.5,447,95,0,0,0,0,3.7,93,34,27,6,4.5,67,29,1,93,4.7,49,21,1.0,6.0,0,337574,933,316116,1081,4.7,4.7,0.38,0.08,0.46,8.08,0.06,0.01,0.07,1.35,104.2,71,32,34.0,172,52,49.0,94,19,18.8,100,31,,,,6,,Kristoffer,Ajer,Ajer,,,540,1,0,2,6,0,0,0,2,0,0,6,58,,,,0.0,0.33,1.0,1.0,9.67,6,52,18
88,a,,,4.6,427,83,0,0,1,-1,7.6,49,18,23,0,3.8,98,42,1,76,2.3,126,52,0.5,5.0,0,623360,756,398262,4069,2.3,2.3,0.55,0.51,1.06,5.0,0.13,0.12,0.25,1.17,63.8,151,65,32.9,175,54,56.0,82,14,15.3,137,46,,,,6,,Michael,Kayode,Kayode,,,384,1,0,2,3,0,0,0,1,0,0,5,21,,,,0.0,0.47,0.7,1.17,4.92,4,17,17
89,a,,,4.4,547,138,0,0,-1,1,0.2,344,130,1,0,1.0,322,121,0,3,0.0,431,170,0.0,0.2,0,2113,15,9167,40,0.0,0.0,0.0,0.0,0.0,0.0,0.0,0.0,0.0,0.0,0.0,470,182,0.0,462,181,0.0,412,170,0.0,475,182,,,,6,,Rico,Henry,Henry,,,2,0,0,0,0,0,0,0,0,0,0,0,0,,,,0.0,0.0,0.0,0.0,0.0,0,0,0
90,a,,,4.5,477,116,0,0,0,0,0.1,461,166,6,1,1.0,332,128,0,16,1.0,225,78,0.2,1.3,0,2267,5,3223,19,1.0,1.0,0.03,0.06,0.09,3.59,0.01,0.03,0.04,1.64,32.8,244,99,7.8,285,103,6.0,284,101,4.7,298,111,,,,6,,Aaron,Hickey,Hickey,,,197,0,0,0,4,0,0,0,0,0,0,1,22,,,,0.0,0.0,1.83,0.46,10.05,4,18,10
92,a,,,4.4,571,151,0,0,-1,1,0.0,578,198,0,0,0.0,503,187,0,0,0.0,447,175,0.0,0.0,0,541,6,1010,6,0.0,0.0,0.0,0.0,0.0,0.0,0.0,0.0,0.0,0.0,0.0,483,185,0.0,475,184,0.0,425,173,0.0,488,185,,,,6,,Kim,Ji-soo,Ji-soo,,,0,0,0,0,0,0,0,0,0,0,0,0,0,,,,0.0,0.0,0.0,0.0,0.0,0,0,0
93,d,75.0,,4.5,490,120,0,0,0,0,0.6,231,88,22,1,5.5,38,14,3,59,6.0,17,6,1.3,4.9,0,46366,591,11738,402,4.5,6.0,0.1,0.54,0.64,5.43,0.03,0.16,0.19,1.64,92.4,91,42,11.5,269,97,16.0,209,64,12.0,180,65,,,,6,,Jannik,Schuster,Schuster,Ankle injury - 75% chance of playing,,298,0,1,1,4,0,0,0,0,0,0,3,44,,,,0.0,0.3,1.21,0.91,13.29,3,41,9
94,d,75.0,,6.2,59,41,0,0,2,-2,16.0,26,10,40,1,6.7,15,5,6,142,8.3,3,2,1.3,6.5,0,1596053,24692,332690,12500,6.2,8.3,1.93,0.33,2.26,7.56,0.35,0.06,0.41,1.37,146.2,20,11,48.0,126,84,160.0,7,3,35.4,19,15,,,2.0,6,,Kevin,Schade,Schade,Shoulder injury - 75% chance of playing,,498,3,2,2,5,0,0,0,0,0,0,6,38,,,,0.0,0.36,0.9,1.08,6.87,9,6,23
95,a,,,6.3,51,35,0,0,-2,2,0.4,263,86,8,1,1.3,298,138,0,41,1.0,247,117,0.2,1.3,0,16416,96,86693,170,1.0,1.0,0.12,0.39,0.51,3.1,0.05,0.17,0.22,1.38,25.4,264,110,59.3,95,67,23.0,175,94,10.8,200,96,4.0,,,6,,Dango,Ouattara,O.Dango,,,202,0,0,1,2,0,0,0,0,0,0,2,34,,,,0.0,0.45,0.89,0.89,15.15,5,10,19
96,d,75.0,75.0,5.4,184,115,0,0,-1,1,0.4,276,92,16,0,3.2,138,53,3,74,1.3,210,96,0.2,3.0,0,15574,7,35965,374,1.0,1.0,0.17,0.73,0.9,3.06,0.05,0.23,0.28,0.97,47.4,200,86,118.2,31,27,42.0,115,65,20.7,82,47,2.0,3.0,,6,,Mikkel,Damsgaard,Damsgaard,Unspecified injury - 75% chance of playing,,283,0,1,2,1,0,0,0,0,0,0,3,31,,,,0.0,0.64,0.32,0.95,9.86,7,6,18
97,a,100.0,0.0,5.4,174,110,0,0,-1,1,0.1,431,162,7,1,3.5,118,47,0,28,0.3,343,161,0.1,1.3,0,4517,7,15688,22,0.3,0.0,0.08,0.47,0.55,0.76,0.08,0.48,0.56,0.77,12.6,309,136,46.2,136,87,13.0,234,121,7.2,247,109,1.0,2.0,3.0,6,,Mathias,Jensen,Jensen,,,89,0,1,1,1,0,0,0,0,0,0,1,6,,,,0.0,1.01,1.01,1.01,6.07,2,1,3
98,a,,,5.0,257,161,0,0,0,0,2.5,110,35,31,3,5.2,48,22,3,119,3.3,86,32,0.7,6.2,0,328076,1447,128088,1391,3.3,3.3,0.53,0.49,1.02,8.08,0.09,0.08,0.17,1.35,164.0,7,4,97.5,42,35,47.0,100,55,30.9,31,22,3.0,,,6,,Vitaly,Janelt,Janelt,,,540,2,0,2,6,0,0,0,4,0,0,6,79,,,,0.0,0.33,1.0,1.0,13.17,18,33,28
99,i,0.0,0.0,5.0,313,191,0,0,0,0,0.0,657,290,0,0,0.0,627,271,0,0,0.0,597,256,0.0,0.0,0,126,0,167,0,0.0,0.0,0.0,0.0,0.0,0.0,0.0,0.0,0.0,0.0,0.0,615,265,0.0,621,270,0.0,598,256,0.0,621,267,,,,6,,Antoni,Milambo,Milambo,Knee injury - Unknown return date,,0,0,0,0,0,0,0,0,0,0,0,0,0,,,,0.0,0.0,0.0,0.0,0.0,0,0,0
100,a,100.0,100.0,5.0,272,169,0,0,0,0,0.0,546,224,6,0,6.0,26,11,0,23,2.0,152,67,0.4,1.2,0,2253,22,1586,21,2.0,2.0,0.43,0.0,0.43,0.13,12.9,0.0,12.9,3.9,33.2,242,102,0.3,381,190,33.0,143,76,6.7,258,115,,,,6,,Fábio,Freitas Gouveia Carvalho,Carvalho,,,3,1,0,0,0,0,0,0,0,0,0,0,0,,,,0.0,0.0,0.0,0.0,0.0,0,0,0
102,a,,,4.8,415,253,0,0,-2,2,0.6,230,74,17,8,2.8,167,70,1,75,5.0,36,14,1.0,3.5,0,8549,746,66957,166,5.0,5.0,0.24,0.32,0.56,6.06,0.08,0.1,0.18,1.93,53.0,181,72,60.5,93,65,20.0,188,101,13.4,164,84,,,,6,,Yehor,Yarmoliuk,Yarmoliuk,,,282,1,1,1,5,0,0,0,1,0,0,3,30,,,,0.0,0.32,1.6,0.96,9.57,7,9,14
103,i,0.0,0.0,4.9,340,205,0,0,-1,1,0.0,601,253,0,0,0.0,580,242,0,0,0.0,537,216,0.0,0.0,0,411,0,2048,6,0.0,0.0,0.0,0.0,0.0,0.0,0.0,0.0,0.0,0.0,0.0,564,232,0.0,561,237,0.0,528,214,0.0,569,233,,,,6,,Josh,Dasilva,Dasilva,Hamstring injury - Expected back 10 Oct,,0,0,0,0,0,0,0,0,0,0,0,0,0,,,,0.0,0.0,0.0,0.0,0.0,0,0,0
105,a,,,5.9,87,57,0,0,-1,1,0.2,355,128,20,5,3.3,129,50,2,80,5.3,31,13,0.9,3.4,0,10117,248,11721,60,5.3,5.3,1.39,0.55,1.94,5.17,0.36,0.14,0.5,1.33,65.0,146,51,89.3,50,41,58.0,76,47,21.2,81,46,,,,6,,Jaidon,Anthony,Anthony,,,351,1,1,2,5,0,0,0,1,0,0,4,33,,,,0.0,0.51,1.28,1.03,8.46,5,7,21
106,a,,,7.8,15,4,0,0,-2,2,9.4,36,6,14,4,2.3,210,21,0,51,3.3,92,10,0.4,1.8,0,369659,4317,1087262,5892,3.3,3.3,3.2,0.29,3.49,8.01,0.54,0.05,0.59,1.36,48.8,198,15,43.6,144,15,146.0,12,6,23.6,60,11,,,1.0,6,,Igor Thiago,Nascimento Rodrigues,Thiago,,,532,1,1,2,6,0,0,1,3,0,0,6,26,,,,0.0,0.34,1.02,1.02,4.4,4,6,16
107,i,0.0,0.0,4.5,511,74,0,0,0,0,0.8,200,32,0,0,0.0,549,59,0,0,0.0,498,50,0.0,0.0,0,62568,65,74284,600,0.0,0.0,0.0,0.0,0.0,0.0,0.0,0.0,0.0,0.0,0.0,531,53,0.0,527,57,0.0,485,52,0.0,536,57,,,,6,,Kaye,Furo,Furo,Unspecified injury - Unknown return date,,0,0,0,0,0,0,0,0,0,0,0,0,0,,,,0.0,0.0,0.0,0.0,0.0,0,0,0
108,a,,,5.4,165,40,0,0,-1,1,0.3,294,48,3,0,0.8,414,48,0,8,0.0,614,65,0.0,0.6,0,16679,118,28072,155,0.0,0.0,0.07,0.04,0.11,0.24,0.35,0.2,0.55,1.2,3.2,376,38,10.4,278,37,12.0,240,35,2.6,335,37,,,,6,,Callum,Wilson,Wilson,,,18,0,0,0,0,0,0,0,1,0,0,0,3,,,,0.0,0.0,0.0,0.0,15.0,0,1,2
565,a,,,5.6,122,78,0,0,1,-1,8.7,41,15,23,1,3.8,104,41,3,83,1.7,190,87,0.3,4.1,0,1236364,559,967622,7429,1.7,1.7,0.41,0.68,1.09,4.83,0.1,0.17,0.27,1.21,76.4,120,39,57.8,99,68,40.0,123,68,17.1,115,61,,,,6,,Mamadou,Sangaré,M.Sangaré,,,359,0,2,1,4,0,0,0,2,0,0,4,58,,,,0.0,0.25,1.0,1.0,14.54,16,16,26
620,a,,,4.5,520,130,0,0,0,0,0.1,426,156,3,1,1.0,334,129,0,11,1.0,227,80,0.2,0.7,0,14280,69,7905,51,1.0,1.0,0.07,0.02,0.09,2.39,0.05,0.01,0.06,1.67,5.6,356,133,1.3,350,129,0.0,492,193,0.7,383,137,,,,6,,El Hadji Malick,Diouf,Diouf,,,129,0,0,0,2,0,0,0,0,0,0,1,8,,,,0.0,0.0,1.4,0.7,5.58,4,4,5
657,a,,,4.5,523,272,0,0,0,0,0.0,553,228,0,0,0.0,557,227,0,0,0.0,507,196,0.0,0.0,0,2320,31,767,19,0.0,0.0,0.0,0.0,0.0,0.0,0.0,0.0,0.0,0.0,0.0,539,216,0.0,535,222,0.0,495,194,0.0,544,217,,,,6,,Gustavo,Nunes Fernandes Gomes,Nunes,,,0,0,0,0,0,0,0,0,0,0,0,0,0,,,,0.0,0.0,0.0,0.0,0.0,0,0,0
660,a,,,4.0,654,204,0,0,0,0,0.0,607,205,0,0,0.0,482,180,0,0,0.0,417,160,0.0,0.0,0,851,33,116,9,0.0,0.0,0.0,0.0,0.0,0.0,0.0,0.0,0.0,0.0,0.0,460,176,0.0,451,175,0.0,396,161,0.0,465,176,,,,6,,Benjamin,Fredrick,Fredrick,,,0,0,0,0,0,0,0,0,0,0,0,0,0,,,,0.0,0.0,0.0,0.0,0.0,0,0,0
661,a,,,4.0,614,64,0,0,0,0,0.1,479,56,0,0,0.0,453,40,0,0,0.0,383,37,0.0,0.0,0,6248,138,1240,31,0.0,0.0,0.0,0.0,0.0,0.0,0.0,0.0,0.0,0.0,0.0,430,40,0.0,421,21,0.0,365,16,0.0,435,40,,,,6,,Ellery,Balcombe,Balcombe,,,0,0,0,0,0,0,0,0,0,0,0,0,0,,,,0.0,0.0,0.0,0.0,0.0,0,0,0
109,a,,,4.5,481,40,0,0,0,0,21.3,15,2,32,9,5.3,45,4,2,135,7.7,5,1,1.7,7.1,0,865219,5260,746801,1825,7.7,7.7,0.0,0.2,0.2,9.31,0.0,0.03,0.03,1.55,113.8,52,10,3.0,321,4,0.0,460,49,11.7,185,8,,,,6,,Bart,Verbruggen,Verbruggen,,,540,0,0,4,5,0,0,0,0,0,15,6,0,,,,2.5,0.67,0.83,1.0,0.0,0,4,44
111,a,,,4.0,589,51,0,0,0,0,4.0,86,14,0,0,0.0,436,27,0,0,0.0,364,24,0.0,0.0,0,157301,263,140460,1076,0.0,0.0,0.0,0.0,0.0,0.0,0.0,0.0,0.0,0.0,0.0,413,27,0.0,401,8,0.0,345,3,0.0,417,27,,,,6,,Jason,Steele,Steele,,,0,0,0,0,0,0,0,0,0,0,0,0,0,,,,0.0,0.0,0.0,0.0,0.0,0,0,0
113,a,100.0,100.0,4.4,552,142,0,0,-1,1,1.5,139,56,22,9,4.4,73,33,1,71,6.7,12,5,1.5,5.0,0,37835,705,146189,475,6.7,6.7,0.12,0.14,0.26,8.19,0.03,0.03,0.06,1.75,31.2,250,105,58.1,98,23,32.0,146,41,12.2,179,64,3.0,,,6,,Ferdi,Kadıoğlu,F.Kadıoğlu,,,422,0,0,3,5,0,0,0,1,0,0,5,21,,,,0.0,0.64,1.07,1.07,4.48,2,19,14
114,a,,,4.5,449,96,0,0,0,0,0.3,289,107,24,5,4.0,89,40,0,114,5.7,22,8,1.3,5.3,0,20334,193,13369,75,5.7,5.7,0.07,0.59,0.66,8.93,0.01,0.11,0.12,1.59,77.2,118,52,115.7,32,5,21.0,180,56,21.4,79,20,,,,6,,Olivier,Boscagli,Boscagli,,,504,0,0,4,5,0,0,0,2,0,0,6,33,,,,0.0,0.71,0.89,1.07,5.89,4,29,18
115,a,,,5.0,283,45,0,0,5,-5,31.9,8,2,53,15,8.8,4,1,8,168,10.7,2,1,2.1,10.6,0,3228067,60610,447149,683,10.7,10.7,1.85,0.67,2.52,9.06,0.34,0.12,0.46,1.66,108.4,61,26,171.8,8,1,57.0,79,12,33.8,22,1,2.0,4.0,,6,,Maxim,De Cuyper,De Cuyper,,,490,2,3,4,5,0,0,0,2,0,0,6,19,,,,0.0,0.73,0.92,1.1,3.49,9,10,23
116,a,100.0,100.0,4.5,433,85,0,0,0,0,1.5,146,59,23,1,4.6,65,27,1,84,4.3,60,25,1.0,5.1,0,98442,541,60818,920,4.3,4.3,0.03,0.09,0.12,7.23,0.01,0.02,0.03,1.67,116.2,48,20,14.6,243,85,11.0,247,85,14.3,155,53,,3.0,,6,,Lewis,Dunk,Dunk,,,390,1,0,2,5,0,0,0,1,0,0,4,28,,,,0.0,0.46,1.15,0.92,6.46,3,25,15
117,a,,,4.5,497,123,0,0,0,0,0.0,571,193,0,0,0.0,540,199,0,0,0.0,488,189,0.0,0.0,0,1015,8,1136,8,0.0,0.0,0.0,0.0,0.0,0.0,0.0,0.0,0.0,0.0,0.0,521,198,0.0,518,197,0.0,475,190,0.0,526,198,,,,6,,Diego,Coppola,Coppola,,,0,0,0,0,0,0,0,0,0,0,0,0,0,,,,0.0,0.0,0.0,0.0,0.0,0,0,0
118,u,0.0,0.0,4.5,455,101,0,0,0,0,0.0,525,182,0,0,0.0,517,190,0,0,0.0,463,178,0.0,0.0,0,915,0,6154,19,0.0,0.0,0.0,0.0,0.0,0.0,0.0,0.0,0.0,0.0,0.0,497,188,0.0,492,187,0.0,443,177,0.0,502,188,,,,6,,Igor Julio,dos Santos de Paulo,Igor,Has joined Burnley permanently,,0,0,0,0,0,0,0,0,0,0,0,0,0,,,,0.0,0.0,0.0,0.0,0.0,0,0,0
119,a,,,4.5,473,114,0,0,0,0,0.0,522,181,5,1,0.8,410,144,0,20,1.0,223,77,0.2,1.1,0,1428,11,1572,12,1.0,1.0,0.12,0.3,0.42,1.18,0.12,0.3,0.42,1.18,16.4,295,118,20.0,219,74,18.0,202,60,5.4,283,105,,,,6,,João Pedro,Loureiro da Costa,Costinha,,,90,0,0,0,0,0,0,0,1,0,0,0,7,,,,0.0,0.0,0.0,0.0,7.0,1,6,1
120,a,,,5.0,278,43,0,0,0,0,0.1,475,169,1,0,1.0,364,139,0,5,0.3,323,117,0.1,0.2,0,4898,40,4238,35,0.3,0.3,0.0,0.0,0.0,0.14,0.0,0.0,0.0,3.15,2.4,382,141,0.0,602,210,0.0,579,207,0.2,400,144,,,,6,,Michael,Svoboda,Svoboda,,,4,0,0,0,0,0,0,0,0,0,0,0,1,,,,0.0,0.0,0.0,0.0,22.5,1,0,1
121,i,0.0,0.0,5.9,88,58,0,0,-1,1,0.0,540,220,0,0,0.0,657,291,0,0,0.0,648,288,0.0,0.0,0,618,5,3191,12,0.0,0.0,0.0,0.0,0.0,0.0,0.0,0.0,0.0,0.0,0.0,653,290,0.0,657,291,0.0,651,289,0.0,657,291,,,,6,,Mitoma,Kaoru,Mitoma,Hamstring injury - Expected back 18 Oct,,0,0,0,0,0,0,0,0,0,0,0,0,0,,,,0.0,0.0,0.0,0.0,0.0,0,0,0
122,i,0.0,0.0,5.8,109,69,0,0,-2,2,0.0,544,222,0,0,0.0,654,289,0,0,0.0,644,286,0.0,0.0,0,357,3,7023,11,0.0,0.0,0.0,0.0,0.0,0.0,0.0,0.0,0.0,0.0,0.0,649,288,0.0,654,289,0.0,647,287,0.0,654,289,5.0,,,6,,Yankuba,Minteh,Minteh,Leg injury - Expected back 28 Nov,,0,0,0,0,0,0,0,0,0,0,0,0,0,,,,0.0,0.0,0.0,0.0,0.0,0,0,0
123,d,50.0,50.0,5.9,94,60,0,0,-1,1,0.5,249,80,16,0,16.0,1,1,3,54,0.0,652,290,0.0,2.7,0,148332,40,220614,245,0.0,0.0,1.41,0.02,1.43,0.19,2.01,0.03,2.04,0.27,72.8,127,42,13.4,259,135,59.0,75,46,14.5,153,80,,,,6,,Jack,Hinshelwood,Hinshelwood,Ankle injury - 50% chance of playing,,63,2,0,1,0,0,0,0,0,0,0,1,3,,,,0.0,1.43,0.0,1.43,4.29,2,0,1
124,a,,,5.9,78,51,0,0,4,-4,36.4,7,3,53,6,8.8,5,3,9,188,12.3,1,1,2.1,9.0,0,3028780,57625,570585,778,12.3,12.3,1.78,1.05,2.83,9.31,0.3,0.18,0.48,1.55,211.0,1,1,216.0,2,2,84.0,43,26,50.8,3,3,1.0,1.0,1.0,6,,Pascal,Groß,Groß,,,540,3,5,4,5,0,0,0,2,0,0,6,36,,,,0.0,0.67,0.83,1.0,6.0,12,12,12
125,a,100.0,100.0,5.3,221,50,0,0,-2,2,0.4,260,44,10,4,3.3,125,14,0,39,1.7,184,19,0.3,1.9,0,37634,343,81002,259,1.7,1.7,0.17,0.48,0.65,1.03,0.14,0.41,0.55,0.87,20.2,285,27,11.7,268,35,19.0,194,31,5.1,289,32,,,,6,,Georginio,Rutter,Georginio,,,106,0,2,1,0,0,0,0,0,0,0,1,9,,,,0.0,0.85,0.0,0.85,7.64,2,1,6
126,a,,,5.4,177,112,0,0,-1,1,0.1,420,154,2,0,1.0,387,181,0,6,0.7,273,129,0.1,0.4,0,3814,25,6819,34,0.7,0.7,0.28,0.01,0.29,0.18,2.52,0.09,2.61,1.62,8.2,337,156,10.5,274,140,19.0,195,107,3.8,313,142,,,3.0,6,,Matt,O'Riley,O'Riley,,,10,0,0,0,0,0,0,0,0,0,0,0,3,,,,0.0,0.0,0.0,0.0,27.0,0,2,1
127,a,,,5.0,304,184,0,0,0,0,3.6,94,31,29,5,4.8,59,25,0,98,5.3,29,12,1.1,5.8,0,351993,1611,357251,1400,5.3,5.3,0.97,0.79,1.76,9.13,0.17,0.14,0.31,1.58,84.2,108,33,103.4,40,33,126.0,18,10,31.4,28,19,,5.0,,6,,Diego,Gómez Amarilla,Gomez,,,520,0,3,4,5,0,0,0,0,0,0,6,55,,,,0.0,0.69,0.87,1.04,9.52,18,12,25
128,u,0.0,0.0,5.0,312,190,0,0,0,0,0.0,659,292,0,0,0.0,626,270,0,0,0.0,596,255,0.0,0.0,0,0,0,334,0,0.0,0.0,0.0,0.0,0.0,0.0,0.0,0.0,0.0,0.0,0.0,614,264,0.0,620,269,0.0,597,255,0.0,620,266,,,,6,,Facundo,Buonanotte,Buonanotte,Has joined Elche on loan for the rest of the season,,0,0,0,0,0,0,0,0,0,0,0,0,0,,,,0.0,0.0,0.0,0.0,0.0,0,0,0
129,a,100.0,100.0,5.4,197,123,0,0,-1,1,0.4,273,89,18,3,3.6,111,44,0,76,4.7,52,18,0.9,3.3,0,16171,300,44195,191,4.7,4.7,0.79,0.19,0.98,6.28,0.17,0.04,0.21,1.35,56.0,174,69,48.9,121,81,68.0,65,40,16.9,116,62,4.0,2.0,,6,,Yasin,Ayari,Ayari,,,420,1,0,4,1,0,0,0,1,0,0,5,23,,,,0.0,0.86,0.21,1.07,4.93,2,5,16
130,i,0.0,0.0,4.9,367,67,0,0,-1,1,0.2,367,139,7,0,3.5,117,49,1,38,0.0,550,203,0.0,1.4,0,25959,2,44967,130,0.0,0.0,0.12,0.13,0.25,3.18,0.07,0.08,0.15,1.83,37.0,230,91,35.5,170,50,10.0,255,87,8.3,231,84,,,,6,,Mats,Wieffer,Wieffer,Knee injury - Unknown return date,,156,0,0,1,4,0,0,0,0,0,0,2,15,,,,0.0,0.58,2.31,1.15,8.65,4,11,9
132,u,0.0,0.0,4.5,514,269,0,0,0,0,0.0,549,226,0,0,0.0,552,225,0,0,0.0,501,194,0.0,0.0,0,0,0,3871,11,0.0,0.0,0.0,0.0,0.0,0.0,0.0,0.0,0.0,0.0,0.0,534,214,0.0,530,220,0.0,488,192,0.0,539,215,,,,6,,Harry,Howell,Howell,Has joined Leicester City on loan for the rest of the season,,0,0,0,0,0,0,0,0,0,0,0,0,0,,,,0.0,0.0,0.0,0.0,0.0,0,0,0
133,u,0.0,0.0,5.0,314,192,0,0,0,0,0.0,664,296,0,0,0.0,628,272,0,0,0.0,598,257,0.0,0.0,0,0,0,138,0,0.0,0.0,0.0,0.0,0.0,0.0,0.0,0.0,0.0,0.0,0.0,616,266,0.0,622,271,0.0,599,257,0.0,622,268,,,,6,,Tom,Watson,Watson,Has joined Leicester City on loan for the rest of the season,,0,0,0,0,0,0,0,0,0,0,0,0,0,,,,0.0,0.0,0.0,0.0,0.0,0,0,0
134,a,,,4.4,570,293,0,0,-1,1,0.2,315,109,0,0,0.0,502,211,0,0,0.0,446,179,0.0,0.0,0,9468,144,15623,84,0.0,0.0,0.0,0.0,0.0,0.0,0.0,0.0,0.0,0.0,0.0,482,200,0.0,474,206,0.0,424,178,0.0,487,201,,,,6,,Nehemiah,Oriola,Oriola,,,0,0,0,0,0,0,0,0,0,0,0,0,0,,,,0.0,0.0,0.0,0.0,0.0,0,0,0
135,i,0.0,0.0,4.8,422,257,0,0,-2,2,0.0,536,218,1,0,1.0,345,151,0,3,0.0,530,213,0.0,0.2,0,1276,0,5850,31,0.0,0.0,0.0,0.03,0.03,0.0,0.0,0.22,0.22,0.0,0.2,403,189,1.3,351,174,0.0,519,210,0.2,399,187,,,,6,,Zadok,Yohanna,Yohanna,Unspecified injury - Expected back 18 Oct,,12,0,0,0,0,0,0,0,0,0,0,0,0,,,,0.0,0.0,0.0,0.0,0.0,0,0,0
137,i,0.0,0.0,5.4,203,46,0,0,-1,1,0.0,627,77,0,0,0.0,642,74,0,0,0.0,627,68,0.0,0.0,0,357,2,792,2,0.0,0.0,0.0,0.0,0.0,0.0,0.0,0.0,0.0,0.0,0.0,635,70,0.0,638,74,0.0,625,71,0.0,640,74,,,,6,,Stefanos,Tzimas,Tzimas,Knee injury - Unknown return date,,0,0,0,0,0,0,0,0,0,0,0,0,0,,,,0.0,0.0,0.0,0.0,0.0,0,0,0
138,a,,,5.6,125,33,0,0,1,-1,8.1,45,8,29,1,4.8,61,4,3,114,7.0,10,2,1.3,5.2,0,910547,20016,106177,6928,7.0,7.0,1.35,0.07,1.42,8.12,0.29,0.02,0.31,1.77,95.8,83,7,39.1,160,17,127.0,17,8,26.1,47,8,,,,6,,Charalampos,Kostoulas,Kostoulas,,,412,2,3,2,5,0,0,0,1,0,0,5,34,,,,0.0,0.44,1.09,1.09,7.43,6,8,20
139,i,0.0,0.0,5.0,290,56,0,0,0,0,0.0,543,73,0,0,0.0,614,68,0,0,0.0,583,59,0.0,0.0,0,1699,20,2667,21,0.0,0.0,0.0,0.0,0.0,0.0,0.0,0.0,0.0,0.0,0.0,602,63,0.0,608,67,0.0,585,62,0.0,608,67,,,,6,,Evan,Ferguson,Ferguson,Ankle injury - Expected back 18 Oct,,0,0,0,0,0,0,0,0,0,0,0,0,0,,,,0.0,0.0,0.0,0.0,0.0,0,0,0
328,s,0.0,75.0,4.9,351,61,0,0,-1,1,0.2,365,138,5,-2,1.2,300,105,0,21,1.3,204,72,0.3,1.0,0,5746,17,13439,130,0.0,1.0,0.24,0.01,0.25,2.11,0.14,0.01,0.15,1.23,32.2,247,102,1.5,344,123,7.0,279,98,4.0,306,115,,,,6,,Pascal,Struijk,Struijk,Suspended until 25 Oct,,154,0,0,1,0,0,0,0,1,1,0,2,14,,,,0.0,0.58,0.0,1.17,8.18,2,12,8
504,a,,,5.0,323,54,0,0,0,0,4.2,82,32,40,8,6.7,14,7,2,119,7.3,6,2,1.5,8.0,0,345461,3559,164631,1063,7.3,7.3,0.73,0.08,0.81,9.09,0.12,0.01,0.13,1.55,128.2,34,14,18.0,223,76,72.0,58,6,21.8,75,17,,,,6,,Luka,Vušković,Vuskovic,,,527,1,0,4,5,0,0,0,0,0,0,6,58,,,,0.0,0.68,0.85,1.02,9.91,7,51,21
594,a,,,5.9,95,24,0,0,-1,1,0.2,321,51,1,0,0.5,427,51,0,-4,0.0,653,75,0.0,0.2,0,16821,196,23942,167,0.0,0.0,0.42,0.0,0.42,0.14,1.64,0.0,1.64,0.55,0.0,656,75,3.7,319,41,4.0,313,40,0.4,391,45,,,2.0,6,,Promise,David,David,,,23,0,0,0,0,0,0,0,1,0,0,0,0,,,,0.0,0.0,0.0,0.0,0.0,0,0,0
600,a,,,5.0,324,198,0,0,0,0,0.0,584,242,3,0,1.0,370,169,0,15,0.3,330,153,0.1,0.6,0,995,4,1184,10,0.3,0.3,0.05,0.07,0.12,0.32,0.11,0.16,0.27,0.72,7.2,344,159,17.8,225,123,19.0,193,106,4.2,302,137,,,,6,,Ibrahim,Osman,Osman,,,40,0,0,0,1,0,0,0,0,0,0,0,4,,,,0.0,0.0,2.25,0.0,9.0,1,0,3
605,a,,,4.5,518,270,0,0,0,0,3.9,87,28,21,1,3.5,116,46,1,103,3.3,82,31,0.7,4.7,0,586199,1905,209115,3780,3.3,3.3,1.46,0.45,1.91,6.73,0.51,0.16,0.67,2.35,109.2,58,20,70.3,74,57,111.0,28,15,29.1,36,26,,,,6,,Malick,Yalcouyé,Yalcouyé,,,258,2,0,1,4,0,0,0,0,0,0,3,25,,,,0.0,0.35,1.4,1.05,8.72,7,10,8
614,a,,,4.5,489,119,0,0,0,0,0.0,510,179,7,7,7.0,11,6,0,19,2.3,125,51,0.5,1.6,0,4205,108,2081,16,2.3,2.3,0.19,0.0,0.19,0.0,8.55,0.0,8.55,0.0,0.0,514,195,0.0,511,194,0.0,468,187,0.0,519,195,,,,6,,Jaouen,Hadjam,Hadjam,,,2,1,0,0,0,0,0,0,0,0,0,0,1,,,,0.0,0.0,0.0,0.0,45.0,1,0,1
624,u,0.0,0.0,5.0,307,187,0,0,0,0,0.0,666,298,0,0,0.0,624,268,0,0,0.0,594,253,0.0,0.0,0,117,0,117,1,0.0,0.0,0.0,0.0,0.0,0.0,0.0,0.0,0.0,0.0,0.0,612,262,0.0,618,267,0.0,595,253,0.0,618,264,,,,6,,Amario,Cozier-Duberry,Cozier-Duberry,Has joined Middlesbrough on loan for the rest of the season,,0,0,0,0,0,0,0,0,0,0,0,0,0,,,,0.0,0.0,0.0,0.0,0.0,0,0,0
639,a,,,5.5,163,103,0,0,0,0,0.1,471,182,15,3,5.0,53,23,0,46,5.0,40,15,0.9,2.7,0,7268,272,1148,61,5.0,5.0,0.52,0.13,0.65,2.34,0.24,0.06,0.3,1.06,52.2,186,75,17.9,224,122,39.0,128,70,10.9,199,95,,,,6,,José María,Andrés Baixauli,Andrés,,,199,1,1,2,0,0,0,0,0,0,0,2,20,,,,0.0,0.9,0.0,0.9,9.05,2,6,12
652,i,0.0,0.0,5.5,150,92,0,0,0,0,0.0,651,286,0,0,0.0,650,285,0,0,0.0,635,278,0.0,0.0,0,454,0,230,6,0.0,0.0,0.0,0.0,0.0,0.0,0.0,0.0,0.0,0.0,0.0,643,282,0.0,649,284,0.0,637,278,0.0,648,283,,,,6,,Femi,Azeez,Azeez,Hamstring injury - Expected back 18 Oct,,0,0,0,0,0,0,0,0,0,0,0,0,0,,,,0.0,0.0,0.0,0.0,0.0,0,0,0
658,a,,,4.5,531,278,0,0,0,0,0.0,585,243,0,0,0.0,564,232,0,0,0.0,514,201,0.0,0.0,0,1673,26,575,15,0.0,0.0,0.0,0.0,0.0,0.0,0.0,0.0,0.0,0.0,0.0,545,221,0.0,541,227,0.0,502,200,0.0,550,222,,,,6,,Younes,Ibrahim,Ibrahim,,,0,0,0,0,0,0,0,0,0,0,0,0,0,,,,0.0,0.0,0.0,0.0,0.0,0,0,0
28,a,,,5.0,242,6,0,0,0,0,4.7,77,11,12,3,2.4,199,17,0,77,2.3,131,14,0.5,2.4,0,257270,606,264098,1492,2.3,2.3,0.0,0.01,0.01,8.95,0.0,0.0,0.0,1.79,145.0,24,4,30.0,184,1,0.0,563,62,17.5,112,1,,,,6,,Emiliano,Martínez Romero,Martinez,,,450,0,0,0,11,0,0,0,0,0,21,5,0,,,,4.2,0.0,2.2,1.0,0.0,0,1,52
40,a,,,7.8,13,9,0,0,3,-3,43.0,5,1,38,9,6.3,21,9,2,172,6.3,16,8,0.8,4.9,0,2840444,35118,737267,1448,6.3,6.3,1.86,1.37,3.23,10.14,0.32,0.24,0.56,1.76,159.0,9,6,140.1,21,20,140.0,15,8,43.9,9,8,4.0,3.0,,6,,Morgan,Rogers,Rogers,,,520,4,1,0,13,0,0,0,1,0,0,6,44,,,,0.0,0.0,2.25,1.04,7.62,8,7,29
101,a,100.0,100.0,4.9,331,201,0,0,-1,1,0.1,428,159,20,18,10.0,2,2,3,78,6.7,13,5,1.4,4.1,0,6664,5258,2825,91,6.7,6.7,0.12,0.13,0.25,4.11,0.06,0.06,0.12,2.06,16.6,294,125,10.4,277,141,0.0,520,211,2.7,329,154,3.0,,,6,,Jordan,Henderson,Henderson,,,180,2,1,0,4,0,0,0,0,0,0,2,18,,,,0.0,0.0,2.0,1.0,9.0,1,7,10
136,a,100.0,100.0,5.9,77,20,0,0,-1,1,0.9,184,28,5,1,1.2,304,35,0,18,1.3,218,24,0.2,0.8,0,70440,340,98389,2439,1.3,1.3,0.0,0.14,0.14,2.04,0.0,0.14,0.14,2.0,14.4,300,30,32.7,177,19,14.0,228,34,6.1,269,30,,,,6,,Danny,Welbeck,Welbeck,,,92,0,0,0,1,0,0,0,0,0,0,1,5,,,,0.0,0.0,0.98,0.98,4.89,1,2,2
140,u,0.0,0.0,4.9,347,17,0,0,-1,1,0.6,223,33,2,0,2.0,232,19,0,6,0.0,540,69,0.0,0.4,0,10847,0,181062,272,0.0,0.0,0.0,0.01,0.01,1.33,0.0,0.01,0.01,1.33,21.4,282,23,0.0,564,59,0.0,531,57,2.1,346,23,,,,6,,Robert,Lynch Sánchez,Sánchez,Has joined Como on loan for the rest of the season,,90,0,0,0,2,0,0,0,0,0,4,1,0,,,,4.0,0.0,2.0,1.0,0.0,0,1,5
141,u,0.0,0.0,5.0,303,13,0,0,0,0,0.0,620,72,0,0,0.0,623,73,0,0,0.0,593,73,0.0,0.0,0,0,0,958,2,0.0,0.0,0.0,0.0,0.0,0.0,0.0,0.0,0.0,0.0,0.0,611,73,0.0,617,70,0.0,594,69,0.0,617,73,,,,6,,Filip,Jörgensen,Jörgensen,Has joined RC Strasbourg on loan for the rest of the season,,0,0,0,0,0,0,0,0,0,0,0,0,0,,,,0.0,0.0,0.0,0.0,0.0,0,0,0
142,d,75.0,100.0,5.3,211,29,0,0,-2,2,5.4,72,28,3,0,0.8,413,145,0,24,0.3,335,120,0.1,0.6,0,173848,206,651244,5565,0.2,0.3,0.33,0.26,0.59,4.9,0.1,0.08,0.18,1.51,56.2,172,73,42.6,146,39,49.0,97,21,14.8,146,51,1.0,1.0,,6,,Reece,James,James,Unspecified injury - 75% chance of playing,,292,0,0,0,7,0,0,0,1,0,0,3,13,,,,0.0,0.0,2.16,0.92,4.01,2,11,15
143,u,0.0,0.0,5.5,133,14,0,0,0,0,0.1,469,168,0,0,0.0,645,216,0,0,0.0,630,214,0.0,0.0,0,0,0,14086,16,0.0,0.0,0.0,0.0,0.0,0.0,0.0,0.0,0.0,0.0,0.0,638,216,0.0,643,216,0.0,630,214,0.0,643,216,,,,6,,Trevoh,Chalobah,Chalobah,Has joined Como permanently,,0,0,0,0,0,0,0,0,0,0,0,0,0,,,,0.0,0.0,0.0,0.0,0.0,0,0,0
144,a,,,4.9,371,69,0,0,-1,1,0.9,185,70,5,1,1.0,351,136,0,16,0.7,262,94,0.1,1.0,0,38053,71,71856,576,0.7,0.7,0.08,0.12,0.2,3.52,0.03,0.04,0.07,1.16,32.0,248,103,37.2,164,45,13.0,233,79,8.2,233,86,6.0,,,6,,Malo,Gusto,Gusto,,,274,0,0,0,7,0,0,0,0,0,0,3,15,,,,0.0,0.0,2.3,0.99,4.93,4,11,13
145,a,100.0,100.0,5.0,276,42,0,0,0,0,0.2,318,119,8,0,2.0,237,92,0,35,1.7,182,67,0.3,1.6,0,21849,104,9479,217,1.7,1.7,0.0,0.08,0.08,5.65,0.0,0.02,0.02,1.63,100.4,78,35,29.2,189,60,4.0,308,112,13.4,165,58,,,,6,,Wesley,Fofana,Fofana,,,312,0,0,0,7,0,0,0,1,0,0,4,47,,,,0.0,0.0,2.02,1.15,13.56,7,40,11
146,u,0.0,0.0,4.5,461,105,0,0,0,0,0.0,611,207,0,0,0.0,520,192,0,0,0.0,466,180,0.0,0.0,0,232,0,1970,2,0.0,0.0,0.0,0.0,0.0,0.0,0.0,0.0,0.0,0.0,0.0,500,190,0.0,496,189,0.0,447,179,0.0,505,190,,,,6,,Benoît,Badiashile Mukinayi,B.Badiashile,Has joined Napoli on loan for the rest of the season,,0,0,0,0,0,0,0,0,0,0,0,0,0,,,,0.0,0.0,0.0,0.0,0.0,0,0,0
148,a,,,4.5,498,124,0,0,0,0,0.8,208,81,8,0,2.0,231,90,0,14,0.0,489,190,0.0,1.8,0,92405,40,69157,1211,0.0,0.0,0.01,0.21,0.22,4.81,0.0,0.07,0.07,1.68,77.0,119,53,47.1,131,36,15.0,218,70,14.0,158,55,,,,6,,Jorrel,Hato,Hato,,,258,0,2,0,9,0,0,0,0,0,0,4,18,,,,0.0,0.0,3.14,1.4,6.28,7,11,9
149,a,,,4.8,412,76,0,0,-2,2,0.8,199,78,5,2,1.0,340,132,0,27,1.3,202,71,0.3,1.0,0,28973,138,104590,399,1.3,1.3,0.01,0.06,0.07,8.13,0.0,0.01,0.01,1.7,61.6,161,68,16.6,231,79,13.0,232,78,9.2,220,79,,,,6,,Levi,Samuels Colwill,Colwill,,,431,0,0,0,10,0,0,0,1,0,0,5,31,,,,0.0,0.0,2.09,1.04,6.47,4,27,17
150,u,0.0,0.0,4.5,504,125,0,0,0,0,0.0,555,189,0,0,0.0,545,200,0,0,0.0,494,191,0.0,0.0,0,429,0,6117,12,0.0,0.0,0.0,0.0,0.0,0.0,0.0,0.0,0.0,0.0,0.0,527,199,0.0,523,198,0.0,481,191,0.0,532,199,,,,6,,Mamadou,Sarr,M.Sarr,Has joined Real Sociedad on loan for the rest of the season,,0,0,0,0,0,0,0,0,0,0,0,0,0,,,,0.0,0.0,0.0,0.0,0.0,0,0,0
151,a,,,4.5,506,127,0,0,0,0,0.3,282,103,7,2,1.4,284,103,0,17,0.7,256,91,0.2,1.6,0,21547,79,24296,132,0.7,0.7,0.0,0.05,0.05,6.18,0.0,0.01,0.01,1.79,43.0,207,83,5.5,298,108,6.0,285,102,5.4,284,106,,,,6,,Josh,Acheampong,Acheampong,,,311,0,0,0,8,0,0,0,0,0,0,3,26,,,,0.0,0.0,2.32,0.87,7.52,11,15,14
152,a,100.0,100.0,5.3,236,33,0,0,-2,2,0.6,237,92,1,1,1.0,385,141,0,3,0.3,341,121,0.1,0.2,0,8319,127,225079,248,0.3,0.3,0.0,0.0,0.0,0.05,0.0,0.0,0.0,0.25,0.0,628,215,0.0,631,215,0.0,618,213,0.0,633,215,,,,6,,Marco,Palestra,Palestra,,,18,0,0,0,0,0,0,0,0,0,0,0,0,,,,0.0,0.0,0.0,0.0,0.0,0,0,1
154,a,100.0,100.0,9.7,3,2,0,0,2,-2,24.4,12,6,36,8,6.0,32,15,3,181,5.0,44,17,0.5,3.7,0,2054840,12403,905670,3623,5.0,5.0,1.31,0.87,2.18,10.17,0.22,0.15,0.37,1.73,151.0,15,10,145.3,19,18,144.0,13,7,44.1,8,7,,2.0,1.0,6,,Cole,Palmer,Palmer,,,529,2,4,0,13,0,0,0,1,0,0,6,39,,,,0.0,0.0,2.21,1.02,6.64,9,4,26
156,a,,,6.5,37,25,0,0,0,0,1.4,156,47,19,5,3.2,140,55,0,102,3.0,103,40,0.5,2.9,0,91660,932,99746,560,3.0,3.0,0.9,0.64,1.54,8.05,0.2,0.14,0.34,1.75,82.0,115,36,92.6,47,40,108.0,29,16,28.2,40,29,2.0,4.0,,6,,Pedro,Lomba Neto,Neto,,,414,1,1,0,9,0,0,0,0,0,0,5,34,,,,0.0,0.0,1.96,1.09,7.39,8,9,17
157,a,,,6.3,52,36,0,0,-2,2,0.7,217,68,5,1,1.0,405,194,0,20,1.0,248,118,0.2,0.8,0,19928,284,89373,342,1.0,1.0,0.07,0.07,0.14,1.06,0.22,0.22,0.44,3.29,8.6,334,154,1.6,343,173,38.0,131,72,5.0,293,131,5.0,,2.0,6,,Estêvão,Almeida de Oliveira Gonçalves,Estêvão,,,29,0,0,0,1,0,0,0,0,0,0,0,2,,,,0.0,0.0,3.1,0.0,6.21,1,0,1
158,i,0.0,0.0,5.8,105,67,0,0,-2,2,0.0,554,229,0,0,0.0,653,288,0,0,0.0,641,284,0.0,0.0,0,1152,2,3074,41,0.0,0.0,0.0,0.0,0.0,0.0,0.0,0.0,0.0,0.0,0.0,648,287,0.0,653,288,0.0,645,285,0.0,653,288,,,,6,,Jamie,Bynoe-Gittens,Gittens,Ankle injury - Unknown return date,,0,0,0,0,0,0,0,0,0,0,0,0,0,,,,0.0,0.0,0.0,0.0,0.0,0,0,0
159,a,100.0,100.0,5.3,225,142,0,0,-2,2,1.0,175,56,3,2,1.5,277,124,0,23,0.7,272,128,0.1,0.6,0,17208,495,287294,205,0.7,0.7,0.01,0.01,0.02,1.48,0.01,0.01,0.02,1.59,0.0,626,271,0.1,393,197,0.0,614,265,0.0,631,272,,,,6,,Moisés,Caicedo Corozo,Caicedo,,,84,0,0,0,1,0,0,0,0,0,0,1,11,,,,0.0,0.0,1.07,1.07,11.79,4,5,2
161,a,,,5.0,305,185,0,0,0,0,0.2,331,117,12,1,2.4,201,85,0,67,1.0,232,106,0.2,2.4,0,26434,45,17407,221,1.0,1.0,0.75,0.11,0.86,5.11,0.24,0.04,0.28,1.67,65.8,144,49,29.1,191,109,66.0,66,41,16.1,121,63,,,,6,,Roméo,Lavia,Lavia,,,276,1,0,0,8,0,0,0,1,0,0,4,34,,,,0.0,0.0,2.61,1.3,11.09,7,12,15
163,u,0.0,0.0,4.5,483,260,0,0,0,0,0.1,436,164,0,0,0.0,528,217,0,0,0.0,476,186,0.0,0.0,0,2698,0,15134,58,0.0,0.0,0.0,0.0,0.0,0.0,0.0,0.0,0.0,0.0,0.0,508,206,0.0,505,212,0.0,462,184,0.0,513,207,,,,6,,Dário,Luís Essugo,D.Essugo,Has joined RC Strasbourg on loan for the rest of the season,,0,0,0,0,0,0,0,0,0,0,0,0,0,,,,0.0,0.0,0.0,0.0,0.0,0,0,0
164,a,100.0,100.0,5.3,234,148,0,0,-2,2,0.0,533,215,2,0,1.0,383,178,0,5,0.3,339,158,0.1,0.4,0,940,3,3522,19,0.3,0.3,0.03,0.01,0.04,1.29,0.1,0.03,0.13,4.3,1.6,390,182,2.1,330,165,8.0,271,139,1.2,374,177,,,,6,,Geovany,Quenda,Quenda,,,27,0,0,0,2,0,0,0,0,0,0,0,1,,,,0.0,0.0,6.67,0.0,3.33,0,1,0
165,a,100.0,100.0,7.7,16,5,0,0,2,-2,67.0,2,2,45,12,9.0,3,1,9,202,8.0,4,1,1.0,5.8,0,1978374,84597,1680987,1124,8.0,8.0,2.75,0.21,2.96,7.58,0.57,0.04,0.61,1.58,158.4,10,2,90.0,49,1,123.0,21,10,37.0,15,3,,,,6,,João Pedro,Junqueira de Jesus,João Pedro,,,431,5,3,0,10,1,0,0,1,0,0,5,14,,,,0.0,0.0,2.09,1.04,2.92,1,3,10
168,u,0.0,0.0,5.0,300,57,0,0,0,0,0.2,347,55,0,0,0.0,621,69,0,0,0.0,590,60,0.0,0.0,0,4102,0,34482,95,0.0,0.0,0.0,0.0,0.0,0.0,0.0,0.0,0.0,0.0,0.0,609,64,0.0,615,68,0.0,592,63,0.0,615,68,,,,6,,Marc,Guiu Paz,Marc Guiu,Has joined RB Leipzig permanently,,0,0,0,0,0,0,0,0,0,0,0,0,0,,,,0.0,0.0,0.0,0.0,0.0,0,0,0
169,a,,,4.5,502,73,0,0,0,0,0.5,253,40,0,0,0.0,543,58,0,0,0.0,492,49,0.0,0.0,0,35050,288,27808,318,0.0,0.0,0.0,0.0,0.0,0.0,0.0,0.0,0.0,0.0,0.0,525,52,0.0,521,56,0.0,479,51,0.0,530,56,,,,6,,Shumaira,Mheuka,Mheuka,,,0,0,0,0,0,0,0,0,0,0,0,0,0,,,,0.0,0.0,0.0,0.0,0.0,0,0,0
170,i,0.0,0.0,4.9,378,65,0,0,-1,1,0.1,412,63,0,0,0.0,592,64,0,0,0.0,555,55,0.0,0.0,0,6191,8,13132,59,0.0,0.0,0.0,0.0,0.0,0.0,0.0,0.0,0.0,0.0,0.0,576,59,0.0,577,63,0.0,545,58,0.0,582,63,,,,6,,Emmanuel,Emegha,Emegha,Hamstring injury - Expected back 17 Oct,,0,0,0,0,0,0,0,0,0,0,0,0,0,,,,0.0,0.0,0.0,0.0,0.0,0,0,0
200,a,,,5.9,86,7,0,0,-1,1,6.6,59,22,15,2,2.5,196,79,0,41,2.0,167,63,0.3,2.5,0,186844,617,453495,2681,2.0,2.0,0.15,0.22,0.37,9.39,0.03,0.04,0.07,1.86,116.2,49,21,13.9,251,91,14.0,229,75,14.4,154,52,,,,6,,Maxence,Lacroix,Lacroix,,,454,0,1,0,11,0,0,0,1,0,0,5,55,,,,0.0,0.0,2.18,0.99,10.9,11,44,12
560,a,,,4.4,568,47,0,0,-1,1,0.1,468,54,0,0,0.0,500,53,0,0,0.0,444,50,0.0,0.0,0,2142,12,3834,31,0.0,0.0,0.0,0.0,0.0,0.0,0.0,0.0,0.0,0.0,0.0,480,53,0.0,472,35,0.0,422,30,0.0,485,53,,,,6,,Mike,Penders,Penders,,,0,0,0,0,0,0,0,0,0,0,0,0,0,,,,0.0,0.0,0.0,0.0,0.0,0,0,0
561,a,100.0,100.0,4.5,522,132,0,0,0,0,0.0,570,192,0,0,0.0,556,202,0,0,0.0,506,194,0.0,0.0,0,869,2,1303,8,0.0,0.0,0.0,0.0,0.0,0.0,0.0,0.0,0.0,0.0,0.0,538,201,0.0,534,200,0.0,494,195,0.0,543,201,,,,6,,Aaron,Anselmino,Anselmino,,,0,0,0,0,0,0,0,0,0,0,0,0,0,,,,0.0,0.0,0.0,0.0,0.0,0,0,0
568,a,,,5.4,199,125,0,0,-1,1,0.1,392,142,3,0,1.0,391,183,0,29,0.7,276,131,0.1,0.6,0,3287,15,7415,62,0.7,0.7,0.07,0.11,0.18,2.83,0.05,0.09,0.14,2.21,12.8,307,135,7.2,287,143,11.0,250,130,3.0,321,148,,,,6,,Valentín,Barco,Barco,,,115,0,0,0,3,0,0,0,1,0,0,1,12,,,,0.0,0.0,2.35,0.78,9.39,3,4,5
583,a,,,4.9,375,70,0,0,-1,1,0.2,368,140,10,5,1.7,263,96,0,41,2.3,129,53,0.5,2.0,0,4358,226,11787,51,2.3,2.3,0.04,0.24,0.28,5.56,0.01,0.07,0.08,1.68,30.8,252,106,31.4,182,56,12.0,237,80,7.5,242,92,,,,6,,Pep,Chavarría,Chavarria,,,298,0,1,0,5,0,0,0,0,0,0,2,22,,,,0.0,0.0,1.51,0.6,6.64,5,17,8
662,a,,,4.5,527,275,0,0,0,0,0.0,622,264,1,0,1.0,336,146,0,5,0.5,291,138,0.1,0.2,0,491,9,127,13,0.5,0.5,0.0,0.0,0.0,0.43,0.0,0.0,0.0,12.9,4.6,364,170,1.7,340,171,0.0,499,197,0.6,387,181,,,,6,,Mahdi,Nicoll-Jazuli,Nicoll-Jazuli,,,3,0,0,0,1,0,0,0,0,0,0,0,2,,,,0.0,0.0,30.0,0.0,60.0,2,0,0
91,a,,,4.5,457,102,0,0,0,0,0.1,447,163,14,0,3.5,115,48,0,15,3.3,81,33,0.7,3.1,0,3696,24,4343,24,3.3,3.3,0.12,0.0,0.12,6.57,0.04,0.0,0.04,2.1,90.8,94,43,1.7,339,122,10.0,254,86,10.3,204,72,,,,6,,Ethan,Pinnock,Pinnock,,,282,0,0,1,7,0,0,0,1,0,0,3,44,,,,0.0,0.32,2.23,0.96,14.04,3,41,4
104,a,100.0,100.0,4.9,359,214,0,0,-1,1,0.1,425,157,9,0,2.2,218,93,0,34,1.7,177,79,0.3,1.8,0,4159,14,10108,28,1.7,1.7,0.03,0.02,0.05,6.31,0.01,0.01,0.02,1.81,19.4,286,122,4.7,308,158,21.0,182,97,4.5,300,135,,,,6,,Frank,Onyeka,Onyeka,,,314,0,0,1,7,0,0,0,0,0,0,4,28,,,,0.0,0.29,2.01,1.15,8.03,5,9,14
110,a,,,4.5,478,38,0,0,0,0,0.7,210,31,16,0,3.2,131,13,2,56,3.7,72,8,0.8,3.6,0,27553,91,64873,113,3.7,3.7,0.0,0.02,0.02,8.63,0.0,0.0,0.0,1.73,90.6,95,18,10.0,281,2,0.0,458,47,10.1,208,15,,,,6,,Carl,Rushworth,Rushworth,,,450,0,1,1,10,0,0,0,0,0,9,5,0,,,,1.8,0.2,2.0,1.0,0.0,0,4,50
171,u,0.0,0.0,4.0,627,70,0,0,0,0,0.9,183,29,0,0,0.0,462,46,0,0,0.0,394,43,0.0,0.0,0,8924,0,64688,272,0.0,0.0,0.0,0.0,0.0,0.0,0.0,0.0,0.0,0.0,0.0,439,46,0.0,430,27,0.0,374,22,0.0,444,46,,,,6,,Oliver,Dovin,Dovin,Has joined Leyton Orient on loan for the rest of the season,,0,0,0,0,0,0,0,0,0,0,0,0,0,,,,0.0,0.0,0.0,0.0,0.0,0,0,0
172,a,,,4.4,541,45,0,0,-1,1,0.3,278,37,0,0,0.0,489,51,0,0,0.0,428,48,0.0,0.0,0,1580,11,13054,41,0.0,0.0,0.0,0.0,0.0,0.0,0.0,0.0,0.0,0.0,0.0,467,51,0.0,459,33,0.0,409,28,0.0,472,51,,,,6,,Ben,Wilson,Wilson,,,0,0,0,0,0,0,0,0,0,0,0,0,0,,,,0.0,0.0,0.0,0.0,0.0,0,0,0
173,a,,,4.0,623,179,0,0,0,0,8.8,40,13,24,0,4.8,57,24,3,78,3.0,95,40,0.8,6.0,0,439865,1158,332840,1893,3.0,3.0,0.49,0.3,0.79,8.09,0.1,0.06,0.16,1.67,94.8,85,37,33.7,173,53,56.0,81,13,18.4,104,34,,,,6,,Bobby,Thomas,Thomas,,,437,0,0,2,9,0,0,0,0,0,0,5,52,,,,0.0,0.41,1.85,1.03,10.71,3,49,16
174,u,0.0,0.0,4.0,617,175,0,0,0,0,0.3,285,106,0,0,0.0,455,161,0,0,0.0,386,137,0.0,0.0,0,981,0,35298,137,0.0,0.0,0.0,0.0,0.0,0.0,0.0,0.0,0.0,0.0,0.0,432,156,0.0,423,155,0.0,367,140,0.0,437,156,,,,6,,Liam,Kitching,Kitching,Has joined Sheffield United on loan for the rest of the season,,0,0,0,0,0,0,0,0,0,0,0,0,0,,,,0.0,0.0,0.0,0.0,0.0,0,0,0
175,d,75.0,75.0,4.0,621,177,0,0,0,0,7.7,48,17,6,0,1.5,270,97,0,7,0.0,390,139,0.0,1.5,0,123621,26,619723,4847,0.0,0.0,0.0,0.3,0.3,7.53,0.0,0.08,0.08,1.88,61.6,160,67,52.7,108,28,14.0,224,72,12.8,171,60,,,,6,,Milan,van Ewijk,van Ewijk,Hamstring injury - 75% chance of playing,,360,0,0,0,10,0,0,0,1,0,0,4,27,,,,0.0,0.0,2.5,1.0,6.75,6,21,13
176,a,,,4.0,604,166,0,0,0,0,0.8,195,76,20,0,4.0,85,37,3,54,5.0,34,14,1.2,5.0,0,32072,455,26569,167,5.0,5.0,0.5,0.52,1.02,8.63,0.1,0.11,0.21,1.75,110.6,57,24,67.7,82,16,35.0,138,38,21.5,77,18,,,,6,,Jay,Dasilva,Dasilva,,,444,1,0,1,10,0,0,0,0,0,0,5,23,,,,0.0,0.2,2.03,1.01,4.66,4,19,14
177,d,50.0,50.0,3.9,666,216,0,0,-1,1,0.0,503,178,0,0,0.0,432,155,0,0,0.0,360,128,0.0,0.0,0,5687,82,7344,33,0.0,0.0,0.0,0.0,0.0,0.0,0.0,0.0,0.0,0.0,0.0,409,150,0.0,397,146,0.0,341,131,0.0,413,149,,,,6,,Kaine,Kesler-Hayden,Kesler-Hayden,Hamstring injury - 50% chance of playing,,0,0,0,0,0,0,0,0,0,0,0,0,0,,,,0.0,0.0,0.0,0.0,0.0,0,0,0
178,a,,,4.0,593,162,0,0,0,0,0.1,448,164,0,0,0.0,440,157,0,0,0.0,368,130,0.0,0.0,0,2660,14,3851,19,0.0,0.0,0.0,0.0,0.0,0.0,0.0,0.0,0.0,0.0,0.0,417,152,0.0,405,148,0.0,349,133,0.0,421,151,,,,6,,Jake,Bidwell,Bidwell,,,0,0,0,0,0,0,0,0,0,0,0,0,0,,,,0.0,0.0,0.0,0.0,0.0,0,0,0
179,a,,,4.0,606,168,0,0,0,0,0.0,526,183,1,0,1.0,310,111,0,3,0.3,293,100,0.1,0.2,0,1062,8,1890,7,0.3,0.3,0.0,0.0,0.0,0.02,0.0,0.0,0.0,1.8,7.0,347,127,0.0,416,152,0.0,360,137,0.7,382,136,,,,6,,Joel,Latibeaudiere,Latibeaudiere,,,1,0,0,0,0,0,0,0,0,0,0,0,2,,,,0.0,0.0,0.0,0.0,180.0,0,2,0
180,i,0.0,0.0,3.9,664,214,0,0,-1,1,0.1,402,150,0,0,0.0,431,154,0,0,0.0,359,127,0.0,0.0,0,3177,56,9911,47,0.0,0.0,0.0,0.0,0.0,0.0,0.0,0.0,0.0,0.0,0.0,408,149,0.0,396,145,0.0,340,130,0.0,412,148,,,,6,,Luke,Woolfenden,Woolfenden,Knee injury - Unknown return date,,0,0,0,0,0,0,0,0,0,0,0,0,0,,,,0.0,0.0,0.0,0.0,0.0,0,0,0
181,u,0.0,0.0,4.0,647,198,0,0,0,0,0.0,572,194,0,0,0.0,476,175,0,0,0.0,411,155,0.0,0.0,0,275,0,2333,17,0.0,0.0,0.0,0.0,0.0,0.0,0.0,0.0,0.0,0.0,0.0,454,171,0.0,445,170,0.0,390,156,0.0,459,171,,,,6,,Miguel,Brau,Brau,Has joined Academico de Viseu on loan for the rest of the season,,0,0,0,0,0,0,0,0,0,0,0,0,0,,,,0.0,0.0,0.0,0.0,0.0,0,0,0
182,i,0.0,0.0,4.0,636,187,0,0,0,0,0.5,243,95,4,0,1.0,312,113,0,-3,0.0,403,147,0.0,1.0,0,11542,2,40043,417,0.0,0.0,0.02,0.39,0.41,7.53,0.0,0.1,0.1,1.88,62.8,154,66,14.5,246,87,15.0,215,67,9.4,218,78,,,,6,,Aurèle,Amenda,Amenda,Calf injury - Unknown return date,,360,0,0,0,10,0,0,0,1,0,0,4,24,,,,0.0,0.0,2.5,1.0,6.0,1,23,11
183,a,100.0,100.0,4.9,369,218,0,0,-1,1,0.1,408,148,13,0,2.6,185,78,0,51,2.3,128,50,0.5,2.7,0,5724,46,9060,29,2.3,2.3,0.92,1.11,2.03,4.49,0.28,0.34,0.62,1.36,51.2,192,80,140.8,20,19,80.0,47,29,27.2,44,33,5.0,1.0,,6,,Jack,Rudoni,Rudoni,,,297,0,0,2,4,0,0,0,0,0,0,4,34,,,,0.0,0.61,1.21,1.21,10.3,4,9,21
184,a,,,4.9,337,204,0,0,-1,1,0.1,401,145,11,0,2.2,216,91,0,62,1.7,175,78,0.3,2.2,0,4309,12,12384,39,1.7,1.7,0.12,0.13,0.25,8.42,0.02,0.03,0.05,1.71,64.4,149,54,48.0,125,83,6.0,286,146,11.8,183,90,1.0,,3.0,6,,Matt,Grimes,Grimes,,,443,0,0,1,9,0,0,0,0,0,0,5,38,,,,0.0,0.2,1.83,1.02,7.72,9,13,16
185,a,,,4.8,414,252,0,0,-2,2,0.1,482,189,1,0,1.0,342,149,0,8,0.0,528,211,0.0,0.2,0,1074,8,6191,18,0.0,0.0,0.02,0.02,0.04,0.69,0.06,0.06,0.12,2.0,6.2,354,164,5.9,295,148,7.0,276,142,1.9,349,165,,,,6,,Tatsuhiro,Sakamoto,Sakamoto,,,31,0,0,0,1,0,0,0,0,0,0,0,4,,,,0.0,0.0,2.9,0.0,11.61,2,0,2
186,a,100.0,100.0,5.3,214,133,0,0,-2,2,0.1,445,168,5,0,1.2,301,139,0,19,0.7,270,126,0.1,0.9,0,1183,6,6285,16,0.7,0.7,0.51,0.12,0.63,3.16,0.2,0.05,0.25,1.23,15.4,299,129,51.6,113,75,52.0,89,53,11.7,187,91,,,,6,,Ephron,Mason-Clark,Mason-Clark,,,231,0,0,0,3,0,0,0,0,0,0,4,15,,,,0.0,0.0,1.17,1.56,5.84,0,6,9
187,i,0.0,0.0,4.8,410,250,0,0,-2,2,0.0,616,260,0,0,0.0,573,239,0,0,0.0,525,209,0.0,0.0,0,693,1,1553,6,0.0,0.0,0.0,0.0,0.0,0.0,0.0,0.0,0.0,0.0,0.0,557,229,0.0,552,234,0.0,515,208,0.0,562,230,,,,6,,Josh,Eccles,Eccles,Unspecified injury - Expected back 12 Oct,,0,0,0,0,0,0,0,0,0,0,0,0,0,,,,0.0,0.0,0.0,0.0,0.0,0,0,0
188,a,,,5.3,212,131,0,0,-2,2,0.1,424,156,3,0,1.0,376,172,0,13,0.3,336,155,0.1,0.6,0,810,3,8402,21,0.3,0.3,0.0,0.12,0.12,1.22,0.0,0.2,0.2,2.07,7.2,345,160,20.4,218,119,0.0,612,264,2.7,331,156,2.0,2.0,2.0,6,,Victor,Torp,Torp,,,53,0,0,0,2,0,0,0,0,0,0,0,3,,,,0.0,0.0,3.4,0.0,5.09,0,1,2
189,a,,,4.4,576,298,0,0,-1,1,0.3,305,105,0,0,0.0,507,215,0,0,0.0,452,184,0.0,0.0,0,12359,90,17750,116,0.0,0.0,0.0,0.0,0.0,0.0,0.0,0.0,0.0,0.0,0.0,487,204,0.0,479,210,0.0,429,182,0.0,492,205,,,,6,,George,Shepherd,Shepherd,,,0,0,0,0,0,0,0,0,0,0,0,0,0,,,,0.0,0.0,0.0,0.0,0.0,0,0,0
190,a,,,5.3,223,140,0,0,-2,2,0.1,429,160,5,0,1.2,302,140,0,32,0.3,337,156,0.1,0.9,0,3180,2,8646,24,0.3,0.3,0.23,0.18,0.41,3.23,0.1,0.08,0.18,1.38,25.4,263,109,50.5,116,78,46.0,103,58,12.3,178,88,3.0,,,6,,Loum,Tchaouna,Tchaouna,,,211,0,0,0,3,0,0,0,0,0,0,2,18,,,,0.0,0.0,1.28,0.85,7.68,1,6,11
191,u,0.0,0.0,4.5,484,261,0,0,0,0,0.1,452,172,0,0,0.0,529,218,0,0,0.0,477,187,0.0,0.0,0,1943,0,12441,40,0.0,0.0,0.0,0.0,0.0,0.0,0.0,0.0,0.0,0.0,0.0,509,207,0.0,506,213,0.0,463,185,0.0,514,208,,,,6,,Raphael,Borges Rodrigues,Borges Rodrigues,Has joined Burton Albion on loan for the rest of the season,,0,0,0,0,0,0,0,0,0,0,0,0,0,,,,0.0,0.0,0.0,0.0,0.0,0,0,0
192,u,0.0,0.0,4.5,525,274,0,0,0,0,0.2,307,106,0,0,0.0,559,229,0,0,0.0,509,198,0.0,0.0,0,2718,0,44056,125,0.0,0.0,0.0,0.0,0.0,0.0,0.0,0.0,0.0,0.0,0.0,541,218,0.0,537,224,0.0,497,196,0.0,546,219,,,,6,,Kai,Andrews,Andrews,Has joined Oxford United on loan for the rest of the season,,0,0,0,0,0,0,0,0,0,0,0,0,0,,,,0.0,0.0,0.0,0.0,0.0,0,0,0
193,i,0.0,0.0,5.3,206,48,0,0,-2,2,0.1,474,67,0,0,0.0,635,73,0,0,0.0,606,64,0.0,0.0,0,643,3,12947,40,0.0,0.0,0.0,0.0,0.0,0.0,0.0,0.0,0.0,0.0,0.0,623,68,0.0,629,72,0.0,609,68,0.0,629,72,,,1.0,6,,Haji,Wright,Wright,Thigh injury - Unknown return date,,0,0,0,0,0,0,0,0,0,0,0,0,0,,,,0.0,0.0,0.0,0.0,0.0,0,0,0
194,a,,,5.0,268,53,0,0,0,0,0.8,198,31,9,0,1.8,254,28,0,43,1.7,181,18,0.3,1.8,0,73256,974,64407,463,1.7,1.7,0.34,0.06,0.39,4.98,0.13,0.02,0.15,1.97,29.8,256,24,4.5,310,40,49.0,96,23,8.4,230,23,,,4.0,6,,Brandon,Thomas-Asante,Thomas-Asante,,,227,0,0,1,6,0,0,0,0,0,0,2,27,,,,0.0,0.4,2.38,0.79,10.7,3,12,12
195,a,,,4.9,349,64,0,0,-1,1,0.6,226,36,4,0,1.3,289,33,0,13,0.3,316,38,0.1,0.8,0,45177,380,70747,321,0.3,0.3,0.3,0.01,0.31,2.79,0.26,0.01,0.27,2.41,7.8,342,34,22.6,208,22,37.0,133,24,6.8,255,26,,,,6,,Ellis,Simms,Simms,,,104,0,0,0,3,0,0,0,0,0,0,1,3,,,,0.0,0.0,2.6,0.87,2.6,0,1,2
196,u,0.0,0.0,5.0,316,59,0,0,0,0,0.0,632,78,0,0,0.0,629,70,0,0,0.0,599,61,0.0,0.0,0,0,0,1222,1,0.0,0.0,0.0,0.0,0.0,0.0,0.0,0.0,0.0,0.0,0.0,617,65,0.0,623,69,0.0,600,64,0.0,623,69,,,,6,,Jahnoah,Markelo,Markelo,Has joined Shabab Al-Ahli Dubai permanently,,0,0,0,0,0,0,0,0,0,0,0,0,0,,,,0.0,0.0,0.0,0.0,0.0,0,0,0
197,u,0.0,0.0,4.5,496,70,0,0,0,0,0.0,561,75,0,0,0.0,539,56,0,0,0.0,487,47,0.0,0.0,0,0,0,2215,14,0.0,0.0,0.0,0.0,0.0,0.0,0.0,0.0,0.0,0.0,0.0,520,49,0.0,517,54,0.0,474,48,0.0,525,53,,,,6,,Norman,Bassette,Bassette,Has joined KVC Westerlo on loan for the rest of the season,,0,0,0,0,0,0,0,0,0,0,0,0,0,,,,0.0,0.0,0.0,0.0,0.0,0,0,0
492,s,0.0,0.0,5.4,175,42,0,0,-1,1,0.3,279,47,3,0,0.8,415,49,0,11,-0.7,665,79,-0.1,0.6,0,21480,8,70574,312,0.0,0.0,1.3,0.04,1.34,3.55,0.5,0.02,0.52,1.38,13.6,302,31,46.2,137,14,78.0,50,16,13.6,161,19,,,5.0,6,,Taiwo,Awoniyi,Awoniyi,Suspended until 19 Oct,,232,0,0,0,7,0,0,0,0,1,0,3,11,,,,0.0,0.0,2.72,1.16,4.27,1,3,7
575,a,,,4.8,421,256,0,0,-2,2,0.1,379,137,9,0,1.8,252,110,0,36,1.3,203,93,0.3,1.9,0,3285,33,14846,53,1.3,1.3,0.03,0.15,0.18,4.25,0.01,0.05,0.06,1.44,15.4,298,128,41.6,150,96,7.0,278,143,6.0,271,120,,,,6,,Caleb,Yirenkyi,Yirenkyi,,,265,0,0,2,5,0,0,0,1,0,0,3,21,,,,0.0,0.68,1.7,1.02,7.13,1,7,13
584,a,,,5.3,207,128,0,0,-2,2,0.1,433,163,3,0,1.0,375,171,0,6,0.0,607,261,0.0,0.6,0,828,1,6841,10,0.0,0.0,0.0,0.02,0.02,0.82,0.0,0.06,0.06,2.31,0.6,400,187,1.8,338,170,0.0,610,262,0.3,397,186,4.0,,,6,,Gustavo,Hamer,Hamer,,,32,0,0,0,1,0,0,0,0,0,0,0,3,,,,0.0,0.0,2.81,0.0,8.44,1,0,2
599,a,,,5.0,326,61,0,0,0,0,0.1,416,64,1,0,1.0,371,39,0,3,0.3,331,40,0.1,0.2,0,7974,54,8243,38,0.3,0.3,0.0,0.0,0.0,1.43,0.0,0.0,0.0,4.29,1.0,398,44,0.2,388,48,0.0,604,66,0.1,406,47,,,,6,,Sidiki,Cherif,Cherif,,,30,0,0,0,3,0,0,0,0,0,0,0,1,,,,0.0,0.0,9.0,0.0,3.0,0,1,0
623,a,,,4.0,592,54,0,0,0,0,0.9,186,30,0,0,0.0,439,30,0,0,0.0,367,27,0.0,0.0,0,114239,191,23494,60,0.0,0.0,0.0,0.0,0.0,0.0,0.0,0.0,0.0,0.0,0.0,416,30,0.0,404,11,0.0,348,6,0.0,420,30,,,,6,,Dan,Bentley,Bentley,,,0,0,0,0,0,0,0,0,0,0,0,0,0,,,,0.0,0.0,0.0,0.0,0.0,0,0,0
655,a,,,5.5,139,84,0,0,0,0,0.0,653,288,0,0,0.0,648,283,0,0,0.0,633,276,0.0,0.0,0,315,6,128,1,0.0,0.0,0.0,0.0,0.0,0.0,0.0,0.0,0.0,0.0,0.0,641,280,0.0,647,282,0.0,634,275,0.0,646,281,,,,6,,Yann,Gboho,Gboho,,,0,0,0,0,0,0,0,0,0,0,0,0,0,,,,0.0,0.0,0.0,0.0,0.0,0,0,0
656,a,,,4.0,643,194,0,0,0,0,0.1,404,151,6,0,6.0,25,11,0,27,2.0,148,56,0.5,1.5,0,11929,92,3207,58,2.0,2.0,0.0,0.01,0.01,1.1,0.0,0.01,0.01,1.1,17.6,291,116,0.7,364,134,4.0,302,107,2.2,342,121,,,,6,,Stephen,Mfuni,Mfuni,,,90,0,0,1,0,0,0,0,0,0,0,1,8,,,,0.0,1.0,0.0,1.0,8.0,1,7,3
42,a,,,5.4,190,118,0,0,-1,1,0.0,519,208,2,0,1.0,389,182,0,6,0.0,621,270,0.0,0.4,0,2468,8,3808,14,0.0,0.0,0.03,0.03,0.06,0.34,0.05,0.05,0.1,0.57,5.4,357,165,2.1,331,166,7.0,281,145,1.5,363,174,,,,6,,Evann,Guessand,Guessand,,,54,0,0,0,1,0,0,0,0,0,0,0,2,,,,0.0,0.0,1.67,0.0,3.33,1,1,0
153,s,0.0,0.0,4.5,452,99,0,0,0,0,0.1,485,173,1,0,0.3,428,151,0,-6,-1.0,667,217,-0.2,0.2,0,9454,2,11356,49,0.0,0.0,0.0,0.04,0.04,3.72,0.0,0.03,0.03,2.41,34.8,237,96,13.4,257,94,2.0,320,120,5.0,290,109,,,,6,,Axel,Disasi,Disasi,Suspended until 25 Oct,,139,0,0,0,6,0,0,0,0,1,0,2,20,,,,0.0,0.0,3.88,1.29,12.95,5,15,11
198,i,0.0,0.0,4.9,339,16,0,0,-1,1,1.2,164,24,5,0,1.7,262,22,0,37,0.0,536,68,0.0,1.0,0,55352,10,130235,622,0.0,0.0,0.0,0.0,0.0,6.47,0.0,0.0,0.0,2.16,96.8,82,16,0.0,560,58,0.0,527,56,9.6,214,17,,,,6,,Dean,Henderson,Henderson,Foot injury - Expected back 18 Oct,,270,0,0,0,8,0,0,0,0,0,12,3,0,,,,4.0,0.0,2.67,1.0,0.0,0,6,31
199,a,,,4.5,436,27,0,0,0,0,0.1,384,43,8,0,4.0,86,7,0,29,2.7,107,12,0.6,1.8,0,5197,31,5332,17,2.7,2.7,0.0,0.0,0.0,2.99,0.0,0.0,0.0,1.5,37.4,228,21,0.0,485,41,0.0,435,36,3.8,311,21,,,,6,,Walter,Benítez,Benitez,,,180,0,0,1,3,0,0,0,0,0,5,2,0,,,,2.5,0.5,1.5,1.0,0.0,0,2,11
202,a,,,4.9,358,64,0,0,-1,1,0.6,235,91,14,0,2.8,170,71,0,48,3.3,85,36,0.7,2.9,0,24940,75,40096,143,3.3,3.3,0.08,0.07,0.15,9.46,0.02,0.01,0.03,1.89,131.4,30,10,7.7,286,104,24.0,170,50,16.2,120,41,,,,6,,Chris,Richards,Richards,,,450,0,0,1,11,0,0,0,1,0,0,5,54,,,,0.0,0.2,2.2,1.0,10.8,8,46,16
203,a,,,4.8,420,79,0,0,-2,2,0.2,340,128,10,0,2.5,192,77,0,38,2.7,111,44,0.6,2.1,0,6543,21,20577,44,2.7,2.7,0.05,0.13,0.18,7.78,0.01,0.03,0.04,1.94,83.0,111,50,25.3,197,64,7.0,277,97,11.5,191,68,,,,6,,Jaydee,Canvot,Canvot,,,360,0,0,1,8,0,0,0,0,0,0,4,34,,,,0.0,0.25,2.0,1.0,8.5,8,26,11
204,a,,,4.5,465,108,0,0,0,0,6.0,65,26,24,0,4.8,58,25,3,68,2.7,109,43,0.6,5.3,0,333136,471,293054,1849,2.7,2.7,0.77,0.26,1.03,8.34,0.17,0.06,0.23,1.79,128.2,32,12,67.9,81,15,62.0,69,9,25.8,49,6,,,,6,,Tyrick,Mitchell,Mitchell,,,419,2,0,1,10,0,0,0,0,0,0,5,25,,,,0.0,0.21,2.15,1.07,5.37,11,14,23
205,u,0.0,0.0,4.5,451,98,0,0,0,0,0.0,592,200,0,0,0.0,515,189,0,0,0.0,461,177,0.0,0.0,0,236,0,2152,6,0.0,0.0,0.0,0.0,0.0,0.0,0.0,0.0,0.0,0.0,0.0,495,187,0.0,490,186,0.0,441,176,0.0,500,187,,,,6,,Borna,Sosa,Sosa,Has joined FC Cologne on loan for the rest of the season,,0,0,0,0,0,0,0,0,0,0,0,0,0,,,,0.0,0.0,0.0,0.0,0.0,0,0,0
206,i,0.0,0.0,4.3,582,157,0,0,-2,2,0.0,574,195,1,0,1.0,317,118,0,7,0.0,425,168,0.0,0.2,0,672,3,5838,4,0.0,0.0,0.0,0.01,0.01,0.98,0.0,0.01,0.01,1.22,12.6,308,119,1.3,349,128,0.0,403,168,1.4,365,128,,,,6,,Chadi,Riad Dnanou,Chadi Riad,Knee injury - Unknown return date,,72,0,0,0,2,0,0,0,0,0,0,1,7,,,,0.0,0.0,2.5,1.25,8.75,1,6,3
207,a,,,4.3,580,155,0,0,-2,2,0.1,490,175,2,0,1.0,316,117,0,5,0.0,424,167,0.0,0.5,0,2163,17,5274,20,0.0,0.0,0.0,0.0,0.0,0.33,0.0,0.0,0.0,1.86,3.2,375,139,0.4,377,140,0.0,402,167,0.3,392,141,,,,6,,Oscar,Mingueza,Mingueza,,,16,0,0,0,1,0,0,0,0,0,0,0,2,,,,0.0,0.0,5.62,0.0,11.25,2,0,1
208,a,100.0,100.0,6.2,56,38,0,0,-3,3,0.7,222,70,1,0,1.0,402,191,0,3,0.3,352,168,0.0,0.2,0,11438,259,379322,113,0.3,0.3,0.0,0.01,0.01,0.06,0.0,0.11,0.11,0.68,0.0,660,294,0.5,375,187,0.0,658,293,0.1,409,192,,,2.0,6,,Ismaïla,Sarr,Sarr,,,8,0,0,0,0,0,0,0,0,0,0,0,0,,,,0.0,0.0,0.0,0.0,0.0,0,0,0
210,a,100.0,100.0,5.4,193,119,0,0,-1,1,0.7,213,67,12,0,2.4,202,86,0,77,1.3,213,98,0.2,2.2,0,30498,84,51997,243,1.3,1.3,0.15,0.58,0.73,8.91,0.03,0.12,0.15,1.84,73.0,125,40,97.0,43,36,18.0,205,113,18.9,99,54,2.0,,,6,,Adam,Wharton,Wharton,,,436,0,0,1,10,0,0,0,1,0,0,5,41,,,,0.0,0.21,2.06,1.03,8.46,10,16,15
211,a,,,5.5,155,96,0,0,0,0,0.3,286,96,14,0,2.8,176,72,0,70,1.0,241,112,0.2,2.5,0,45912,41,35333,172,1.0,1.0,0.52,0.55,1.07,6.93,0.15,0.16,0.31,2.03,30.2,255,105,94.1,44,37,33.0,144,77,15.8,125,66,1.0,1.0,,6,,Yéremy,Pino Santos,Yeremy,,,307,0,2,1,6,0,0,0,1,0,0,4,26,,,,0.0,0.29,1.76,1.17,7.62,5,5,16
212,a,,,4.4,538,283,0,0,-1,1,6.7,57,19,2,0,1.0,320,143,0,9,0.3,297,140,0.1,0.5,0,131530,759,552940,2182,0.3,0.3,0.0,0.04,0.04,1.12,0.0,0.12,0.12,3.48,8.0,338,157,15.3,236,127,0.0,406,169,2.4,339,159,4.0,,,6,,Will,Hughes,Hughes,,,29,0,0,0,1,0,0,0,0,0,0,0,7,,,,0.0,0.0,3.1,0.0,21.72,1,3,3
213,a,,,4.8,402,243,0,0,-2,2,0.1,458,176,1,0,0.5,425,201,0,6,0.3,311,141,0.1,0.2,0,1417,13,5914,12,0.3,0.3,0.26,0.0,0.26,1.25,0.46,0.0,0.46,2.21,17.6,292,124,0.8,362,180,11.0,248,128,3.0,320,147,,,,6,,Jefferson,Lerma Solís,Lerma,,,51,0,0,0,1,0,0,0,1,0,0,0,12,,,,0.0,0.0,1.76,0.0,21.18,2,7,3
214,a,,,5.0,258,162,0,0,0,0,0.5,244,77,21,0,4.2,81,33,0,109,3.7,77,27,0.7,4.2,0,54226,187,28490,247,3.7,3.7,0.47,0.38,0.85,8.85,0.1,0.08,0.18,1.81,95.6,84,25,81.2,60,49,42.0,113,64,21.9,73,44,3.0,,,6,,Daichi,Kamada,Kamada,,,441,0,3,1,10,0,0,0,1,0,0,5,38,,,,0.0,0.2,2.04,1.02,7.76,11,4,23
215,u,0.0,0.0,5.0,291,176,0,0,0,0,0.0,643,278,0,0,0.0,615,263,0,0,0.0,584,247,0.0,0.0,0,132,0,983,2,0.0,0.0,0.0,0.0,0.0,0.0,0.0,0.0,0.0,0.0,0.0,603,257,0.0,609,262,0.0,586,248,0.0,609,259,,2.0,3.0,6,,Justin,Devenny,Devenny,Has joined Stoke City permanently,,0,0,0,0,0,0,0,0,0,0,0,0,0,,,,0.0,0.0,0.0,0.0,0.0,0,0,0
216,u,0.0,0.0,5.0,320,195,0,0,0,0,0.0,591,246,0,0,0.0,630,273,0,0,0.0,600,258,0.0,0.0,0,399,0,3348,9,0.0,0.0,0.0,0.0,0.0,0.0,0.0,0.0,0.0,0.0,0.0,618,267,0.0,624,272,0.0,602,259,0.0,624,269,,,,6,,Romain,Esse,Esse,Has joined Millwall on loan for the rest of the season,,0,0,0,0,0,0,0,0,0,0,0,0,0,,,,0.0,0.0,0.0,0.0,0.0,0,0,0
217,u,0.0,0.0,4.9,383,228,0,0,-1,1,0.0,615,259,0,0,0.0,594,251,0,0,0.0,559,231,0.0,0.0,0,1007,0,3615,6,0.0,0.0,0.0,0.0,0.0,0.0,0.0,0.0,0.0,0.0,0.0,579,242,0.0,580,248,0.0,549,227,0.0,585,244,,,,6,,Matheus,França de Oliveira,M.França,Has joined Alverca on loan for the rest of the season,,0,0,0,0,0,0,0,0,0,0,0,0,0,,,,0.0,0.0,0.0,0.0,0.0,0,0,0
219,u,0.0,0.0,4.9,365,217,0,0,-1,1,0.0,648,283,0,0,0.0,589,247,0,0,0.0,549,223,0.0,0.0,0,145,0,485,2,0.0,0.0,0.0,0.0,0.0,0.0,0.0,0.0,0.0,0.0,0.0,573,237,0.0,572,243,0.0,540,221,0.0,579,239,,,,6,,Jesurun,Rak-Sakyi,J.Rak-Sakyi,has joined  Kasimpasa on loan for the rest of the seaon.,,0,0,0,0,0,0,0,0,0,0,0,0,0,,,,0.0,0.0,0.0,0.0,0.0,0,0,0
220,u,0.0,0.0,4.5,508,128,0,0,0,0,0.0,662,217,0,0,0.0,546,201,0,0,0.0,495,192,0.0,0.0,0,0,0,131,1,0.0,0.0,0.0,0.0,0.0,0.0,0.0,0.0,0.0,0.0,0.0,528,200,0.0,524,199,0.0,482,192,0.0,533,200,,,,6,,Rio,Cardines,Cardines,Has joined Bristol City on loan for the rest of the season,,0,0,0,0,0,0,0,0,0,0,0,0,0,,,,0.0,0.0,0.0,0.0,0.0,0,0,0
221,a,,,4.4,575,297,0,0,-1,1,0.1,465,180,0,0,0.0,506,214,0,0,0.0,451,183,0.0,0.0,0,2937,18,5097,21,0.0,0.0,0.0,0.0,0.0,0.0,0.0,0.0,0.0,0.0,0.0,486,203,0.0,478,209,0.0,428,181,0.0,491,204,,,,6,,Joél,Drakes-Thomas,Drakes-Thomas,,,0,0,0,0,0,0,0,0,0,0,0,0,0,,,,0.0,0.0,0.0,0.0,0.0,0,0,0
222,a,,,6.0,69,16,0,0,0,0,0.7,215,35,14,0,2.8,178,17,2,69,3.3,90,9,0.6,2.3,0,60611,399,46206,435,3.3,3.3,0.43,0.2,0.63,6.15,0.13,0.06,0.19,1.86,62.6,156,12,32.5,179,20,65.0,68,19,16.1,123,17,,,,6,,Jørgen,Strand Larsen,Strand Larsen,,,298,1,0,1,5,0,0,0,0,0,0,3,13,,,,0.0,0.3,1.51,0.91,3.93,2,6,5
223,i,0.0,0.0,6.3,46,12,0,0,-2,2,1.2,163,25,2,0,2.0,243,26,0,-3,0.0,657,76,0.0,0.3,0,26121,18,461778,425,0.0,0.0,0.7,0.02,0.72,0.98,1.02,0.03,1.05,1.42,1.4,392,42,12.3,262,31,11.0,253,37,2.5,338,38,,,1.0,6,,Jean-Philippe,Mateta,Mateta,Hamstring injury - Expected back 18 Oct,,62,0,0,0,2,0,0,0,0,0,0,1,5,,,,0.0,0.0,2.9,1.45,7.26,2,1,2
224,a,100.0,100.0,5.5,137,37,0,0,0,0,0.5,251,39,8,0,2.0,239,24,0,38,0.3,346,41,0.1,1.5,0,48726,139,53523,198,0.3,0.3,1.1,0.6,1.7,4.51,0.57,0.31,0.88,2.32,34.2,240,22,46.4,135,13,50.0,93,22,13.0,169,20,,,,6,,Eddie,Nketiah,Nketiah,,,175,0,1,0,7,0,0,0,0,0,0,3,12,,,,0.0,0.0,3.6,1.54,6.17,4,2,6
225,u,0.0,0.0,5.0,330,63,0,0,0,0,0.0,667,79,0,0,0.0,633,72,0,0,0.0,603,63,0.0,0.0,0,0,0,0,0,0.0,0.0,0.0,0.0,0.0,0.0,0.0,0.0,0.0,0.0,0.0,621,67,0.0,627,71,0.0,606,67,0.0,627,71,,,,6,,Christantus,Uche,Uche,has returned to Getafe CF,,0,0,0,0,0,0,0,0,0,0,0,0,0,,,,0.0,0.0,0.0,0.0,0.0,0,0,0
241,a,,,5.3,217,136,0,0,-2,2,0.1,406,147,3,0,1.5,276,123,0,13,0.0,609,263,0.0,0.6,0,1886,6,8726,29,0.0,0.0,0.05,0.02,0.07,1.18,0.05,0.02,0.07,1.26,10.0,324,146,5.0,303,154,2.0,330,164,1.7,356,170,,,,6,,Dwight,McNeil,McNeil,,,84,0,0,0,3,0,0,0,0,0,0,1,7,,,,0.0,0.0,3.21,1.07,7.5,0,4,3
555,a,,,4.0,603,61,0,0,0,0,1.7,135,20,0,0,0.0,448,37,0,0,0.0,378,34,0.0,0.0,0,24948,54,34018,109,0.0,0.0,0.0,0.0,0.0,0.0,0.0,0.0,0.0,0.0,0.0,425,37,0.0,415,18,0.0,359,13,0.0,430,37,,,,6,,Remi,Matthews,Matthews,,,0,0,0,0,0,0,0,0,0,0,0,0,0,,,,0.0,0.0,0.0,0.0,0.0,0,0,0
577,i,0.0,0.0,4.4,550,140,0,0,-1,1,0.2,311,116,3,0,0.8,409,143,0,10,0.3,300,105,0.1,0.7,0,3503,0,15715,189,0.0,0.0,0.0,0.03,0.03,3.98,0.0,0.01,0.01,1.9,35.8,234,94,15.6,235,82,8.0,266,92,6.0,270,101,,,,6,,Takehiro,Tomiyasu,Tomiyasu,Calf injury - Expected back 18 Oct,,189,0,0,0,5,0,0,0,0,0,0,2,17,,,,0.0,0.0,2.38,0.95,8.1,2,15,7
588,a,100.0,100.0,5.0,317,52,0,0,0,0,0.3,290,108,19,0,3.8,100,44,0,54,4.3,62,27,0.9,3.8,0,37216,81,18340,108,4.3,4.3,0.96,0.33,1.29,8.41,0.23,0.08,0.31,2.0,128.2,33,13,48.8,122,31,48.0,99,22,22.5,64,11,,,,6,,Anan,Khalaili,Khalaili,,,379,1,0,1,8,0,0,0,1,0,0,4,44,,,,0.0,0.24,1.9,0.95,10.45,21,23,26
595,a,,,4.9,388,233,0,0,-1,1,0.0,600,252,2,0,1.0,357,160,0,6,0.3,318,145,0.1,0.4,0,513,1,943,4,0.3,0.3,0.0,0.0,0.0,0.68,0.0,0.0,0.0,2.19,1.4,391,183,1.6,341,172,0.0,553,231,0.3,395,184,,,,6,,Zavier,Gozo,Gozo,,,28,0,0,0,2,0,0,0,0,0,0,0,1,,,,0.0,0.0,6.43,0.0,3.21,1,0,0
633,a,,,4.5,517,129,0,0,0,0,0.0,586,199,3,0,3.0,144,59,0,10,1.0,226,79,0.2,0.7,0,2031,7,668,12,1.0,1.0,0.0,0.01,0.01,1.68,0.0,0.01,0.01,1.68,24.6,268,109,11.9,265,96,4.0,305,110,4.1,304,114,,,,6,,Honest,Ahanor,Ahanor,,,90,0,0,0,3,0,0,0,0,0,0,1,11,,,,0.0,0.0,3.0,1.0,11.0,2,9,4
643,a,,,4.5,443,92,0,0,0,0,0.4,265,100,8,0,4.0,88,39,0,21,0.3,305,110,0.1,1.8,0,43752,53,21413,231,0.3,0.3,0.27,0.01,0.28,1.12,0.84,0.03,0.87,3.48,33.4,241,97,4.2,312,110,21.0,179,55,5.9,272,102,,,,6,,Ben,Chilwell,Chilwell,,,29,1,0,0,1,0,0,0,0,0,0,0,1,,,,0.0,0.0,3.1,0.0,3.1,0,1,0
644,a,,,5.0,277,170,0,0,0,0,0.0,520,209,9,0,3.0,149,61,0,45,2.3,134,54,0.5,1.8,0,4715,33,1745,26,2.3,2.3,0.24,0.06,0.3,5.56,0.09,0.02,0.11,1.98,37.8,226,97,29.1,190,108,34.0,141,74,10.0,209,98,,,,6,,Quinten,Timber,Timber,,,253,0,0,1,5,0,0,0,0,0,0,3,27,,,,0.0,0.36,1.78,1.07,9.6,11,6,10
647,a,,,5.5,157,98,0,0,0,0,0.0,624,265,1,0,1.0,393,184,0,2,0.0,637,280,0.0,0.2,0,968,1,457,3,0.0,0.0,0.0,0.0,0.0,0.13,0.0,0.0,0.0,11.7,2.0,387,180,0.3,384,192,0.0,639,280,0.2,401,188,,,,6,,Darío,Osorio,Osorio,,,1,0,0,0,0,0,0,0,0,0,0,0,1,,,,0.0,0.0,0.0,0.0,90.0,1,0,0
21,d,50.0,50.0,4.8,401,242,0,0,-2,2,0.0,514,204,0,0,0.0,570,236,0,0,0.0,520,205,0.0,0.0,0,604,6,7782,18,0.0,0.0,0.0,0.0,0.0,0.0,0.0,0.0,0.0,0.0,0.0,552,225,0.0,549,231,0.0,510,204,0.0,557,226,,,,6,,Christian,Nørgaard,Nørgaard,Groin injury - 50% chance of playing,,0,0,0,0,0,0,0,0,0,0,0,0,0,,,,0.0,0.0,0.0,0.0,0.0,0,0,0
209,a,,,5.9,85,56,0,0,-1,1,0.1,393,143,9,0,1.8,259,115,0,26,2.0,166,73,0.3,1.5,0,5747,39,11400,55,2.0,2.0,1.03,0.22,1.25,3.73,0.39,0.08,0.47,1.41,23.0,275,116,52.8,107,71,25.0,169,92,10.0,210,99,,,,6,,Brennan,Johnson,Johnson,,,238,0,0,2,1,0,0,0,1,0,0,3,26,,,,0.0,0.76,0.38,1.13,9.83,7,8,11
226,a,,,5.5,127,2,0,0,0,0,9.1,39,7,25,0,5.0,52,6,1,121,4.7,53,7,0.9,4.5,0,323524,794,259527,1682,4.7,4.7,0.0,0.02,0.02,6.94,0.0,0.0,0.0,1.39,119.2,45,7,0.0,640,71,0.0,627,70,12.0,181,7,,,,6,,Jordan,Pickford,Pickford,,,450,0,0,3,3,0,0,0,0,0,15,5,0,,,,3.0,0.6,0.6,1.0,0.0,0,7,53
227,a,,,5.0,267,9,0,0,0,0,0.0,513,59,0,0,0.0,607,72,0,0,0.0,575,72,0.0,0.0,0,1991,9,2314,20,0.0,0.0,0.0,0.0,0.0,0.0,0.0,0.0,0.0,0.0,0.0,595,72,0.0,597,66,0.0,574,65,0.0,601,72,,,,6,,Mark,Travers,Travers,,,0,0,0,0,0,0,0,0,0,0,0,0,0,,,,0.0,0.0,0.0,0.0,0.0,0,0,0
228,a,,,4.5,438,29,0,0,0,0,0.0,506,58,0,0,0.0,512,58,0,0,0.0,458,56,0.0,0.0,0,1256,1,1849,9,0.0,0.0,0.0,0.0,0.0,0.0,0.0,0.0,0.0,0.0,0.0,492,58,0.0,487,43,0.0,437,38,0.0,497,58,,,,6,,Tom,King,King,,,0,0,0,0,0,0,0,0,0,0,0,0,0,,,,0.0,0.0,0.0,0.0,0.0,0,0,0
229,a,,,6.2,53,5,0,0,2,-2,18.2,20,6,43,0,8.6,6,2,7,138,7.3,7,3,1.2,6.9,0,1187832,8227,344235,3977,7.3,7.3,0.18,0.04,0.22,6.94,0.04,0.01,0.05,1.39,149.6,17,3,25.6,195,62,30.0,154,45,20.5,84,23,,,,6,,James,Tarkowski,Tarkowski,,,450,1,1,3,3,0,0,0,0,0,0,5,51,,,,0.0,0.6,0.6,1.0,10.2,11,40,18
230,a,,,5.5,154,16,0,0,0,0,2.6,108,41,27,0,5.4,43,17,0,97,4.7,54,23,0.9,4.9,0,177476,925,83679,972,4.7,4.7,0.17,0.02,0.19,6.94,0.03,0.0,0.03,1.39,145.4,23,6,7.2,288,105,73.0,56,5,22.5,65,12,,,,6,,Jarrad,Branthwaite,Branthwaite,,,450,0,0,3,3,0,0,0,0,0,0,5,54,,,,0.0,0.6,0.6,1.0,10.8,5,49,14
231,a,,,4.8,400,74,0,0,-2,2,0.7,214,82,0,0,0.0,569,205,0,0,0.0,519,197,0.0,0.0,0,10036,40,94664,224,0.0,0.0,0.0,0.0,0.0,0.0,0.0,0.0,0.0,0.0,0.0,551,203,0.0,548,202,0.0,509,197,0.0,556,203,,,,6,,Michael,Keane,Keane,,,0,0,0,0,0,0,0,0,0,0,0,0,0,,,,0.0,0.0,0.0,0.0,0.0,0,0,0
232,a,,,4.8,416,77,0,0,-2,2,0.3,300,110,2,0,1.0,343,133,0,5,0.7,259,92,0.1,0.4,0,5016,19,25760,65,0.7,0.7,0.0,0.0,0.0,0.42,0.0,0.0,0.0,2.36,3.0,378,140,0.0,554,203,0.0,517,199,0.3,393,142,,,,6,,Jake,O'Brien,O'Brien,,,16,0,0,0,0,0,0,0,0,0,0,0,2,,,,0.0,0.0,0.0,0.0,11.25,0,2,2
233,d,75.0,75.0,4.6,425,81,0,0,1,-1,3.5,96,36,27,0,5.4,41,16,3,109,5.3,28,11,1.2,5.9,0,419168,140,197364,4430,4.0,4.0,0.04,0.16,0.2,6.94,0.01,0.03,0.04,1.39,105.6,66,30,35.7,169,49,13.0,231,77,15.5,132,44,,,,6,,Vitalii,Mykolenko,Mykolenko,Leg injury - 75% chance of playing,,450,0,0,3,3,0,0,0,1,0,0,5,39,,,,0.0,0.6,0.6,1.0,7.8,14,25,30
234,u,0.0,0.0,4.5,464,107,0,0,0,0,0.0,593,201,0,0,0.0,521,193,0,0,0.0,467,181,0.0,0.0,0,371,0,2540,7,0.0,0.0,0.0,0.0,0.0,0.0,0.0,0.0,0.0,0.0,0.0,501,191,0.0,497,190,0.0,448,180,0.0,506,191,,,,6,,Nathan,Patterson,Patterson,Has joined Torino permanently,,0,0,0,0,0,0,0,0,0,0,0,0,0,,,,0.0,0.0,0.0,0.0,0.0,0,0,0
235,u,0.0,0.0,4.0,631,183,0,0,0,0,0.1,435,159,0,0,0.0,465,165,0,0,0.0,398,143,0.0,0.0,0,1728,0,11860,37,0.0,0.0,0.0,0.0,0.0,0.0,0.0,0.0,0.0,0.0,0.0,442,160,0.0,433,159,0.0,377,144,0.0,447,160,,,,6,,Adam,Aznou,Aznou,Has joined Malaga on loan for the rest of the season,,0,0,0,0,0,0,0,0,0,0,0,0,0,,,,0.0,0.0,0.0,0.0,0.0,0,0,0
665,a,,,4.5,530,277,0,0,0,0,0.0,647,282,0,0,0.0,563,231,0,0,0.0,513,200,0.0,0.0,0,269,14,55,3,0.0,0.0,0.0,0.0,0.0,0.0,0.0,0.0,0.0,0.0,0.0,544,220,0.0,540,226,0.0,501,199,0.0,549,221,,,,6,,Michael,Mills,Mills,,,0,0,0,0,0,0,0,0,0,0,0,0,0,,,,0.0,0.0,0.0,0.0,0.0,0,0,0
236,a,,,6.6,33,22,0,0,1,-1,5.5,70,23,20,0,4.0,96,37,3,110,1.7,192,89,0.3,3.0,0,609507,856,398498,3764,1.7,1.7,0.99,0.83,1.82,6.74,0.2,0.17,0.37,1.35,102.8,77,24,160.8,13,12,125.0,20,11,38.9,13,11,2.0,,,6,,Kiernan,Dewsbury-Hall,Dewsbury-Hall,,,450,1,0,3,3,0,0,0,1,0,0,5,42,,,,0.0,0.6,0.6,1.0,8.4,11,5,26
238,a,100.0,100.0,6.5,35,23,0,0,0,0,0.5,252,82,6,0,1.5,282,126,0,36,1.3,219,102,0.2,0.9,0,46178,345,26190,245,1.3,1.3,0.02,0.44,0.46,1.67,0.01,0.29,0.3,1.11,21.6,281,121,71.7,70,56,20.0,190,103,11.4,195,92,,,,6,,Jack,Grealish,Grealish,,,135,0,0,1,1,0,0,0,0,0,0,1,13,,,,0.0,0.67,0.67,0.67,8.67,3,2,8
239,a,100.0,100.0,6.0,68,46,0,0,0,0,0.2,319,112,11,0,2.2,227,100,0,71,2.3,144,62,0.4,1.8,0,24486,224,16159,137,2.3,2.3,0.2,0.17,0.37,3.45,0.05,0.05,0.1,0.95,51.4,190,78,68.3,80,59,13.0,236,123,13.4,166,85,1.0,1.0,2.0,6,,James,Garner,Garner,,,328,0,0,2,2,0,0,0,2,0,0,4,45,,,,0.0,0.55,0.55,1.1,12.35,11,9,25
242,a,,,5.5,160,101,0,0,0,0,0.8,204,63,19,0,3.8,103,40,3,77,1.3,216,100,0.2,3.5,0,109302,170,56741,648,1.3,1.3,0.35,0.32,0.67,3.71,0.1,0.09,0.19,1.08,64.0,150,55,86.2,54,44,75.0,54,33,22.5,66,41,,,,6,,Tyrique,George,George,,,309,1,0,2,3,0,0,0,0,0,0,4,18,,,,0.0,0.58,0.87,1.17,5.24,1,5,12
243,a,,,4.9,377,223,0,0,-1,1,0.1,456,175,1,0,0.5,426,202,0,5,0.0,554,227,0.0,0.2,0,2993,17,6183,26,0.0,0.0,0.05,0.02,0.07,0.04,0.9,0.36,1.26,0.72,5.0,361,167,0.8,363,181,25.0,167,90,2.7,330,155,,,,6,,Carlos,Alcaraz Durán,Alcaraz,,,5,0,0,0,0,0,0,0,1,0,0,0,3,,,,0.0,0.0,0.0,0.0,54.0,1,0,2
244,a,100.0,100.0,5.0,322,197,0,0,0,0,0.4,277,93,16,0,3.2,136,52,0,61,1.7,183,82,0.3,3.2,0,54668,46,35108,199,1.7,1.7,0.21,0.49,0.7,6.94,0.04,0.1,0.14,1.4,62.6,155,58,64.5,86,63,19.0,192,105,14.7,149,76,,,,6,,Harrison,Armstrong,Armstrong,,,446,0,1,3,3,0,0,0,2,0,0,5,40,,,,0.0,0.61,0.61,1.01,8.07,8,13,19
245,a,,,5.3,227,143,0,0,-2,2,0.0,548,225,1,0,1.0,380,175,0,10,0.3,338,157,0.1,0.2,0,1272,5,2810,8,0.3,0.3,0.17,0.16,0.33,0.38,0.64,0.6,1.24,1.42,7.2,346,161,24.4,201,114,26.0,162,86,5.8,274,121,,,,6,,Tyler,Dibling,Dibling,,,24,0,0,0,0,0,0,0,0,0,0,0,0,,,,0.0,0.0,0.0,0.0,0.0,0,0,0
246,d,50.0,50.0,4.9,379,224,0,0,-1,1,0.0,545,223,6,0,2.0,235,102,0,35,0.0,556,228,0.0,1.2,0,1967,0,5218,20,0.0,0.0,0.0,0.2,0.2,4.52,0.0,0.07,0.07,1.63,26.6,261,108,32.1,181,106,2.0,325,161,6.1,266,119,,,,6,,Merlin,Röhl,Röhl,Unspecified injury - 50% chance of playing,,249,0,0,1,2,0,0,0,1,0,0,3,24,,,,0.0,0.36,0.72,1.08,8.67,5,6,13
247,a,100.0,100.0,5.4,181,114,0,0,-1,1,0.2,345,121,10,0,2.0,238,103,0,39,0.7,275,130,0.1,1.9,0,3857,10,12912,45,0.7,0.7,0.05,0.13,0.18,3.91,0.03,0.09,0.12,2.57,40.4,216,93,50.0,120,80,21.0,185,98,11.1,197,94,3.0,,,6,,Hayden,Hackney,Hackney,,,137,0,1,1,1,0,0,0,0,0,0,1,12,,,,0.0,0.66,0.66,0.66,7.88,3,4,5
248,u,0.0,0.0,5.4,191,45,0,0,-1,1,0.5,246,38,2,0,1.0,390,43,0,5,0.0,622,67,0.0,0.4,0,16222,0,226199,407,0.0,0.0,0.09,0.0,0.09,1.92,0.26,0.0,0.26,5.57,3.0,380,40,0.3,383,47,5.0,296,39,0.8,381,43,,,,6,,Norberto Bercique,Gomes Betuncal,Beto,Has joined Fiorentina permanently,,31,0,0,0,0,0,0,0,0,0,0,0,1,,,,0.0,0.0,0.0,0.0,2.9,0,1,0
249,a,,,5.7,119,30,0,0,2,-2,8.6,42,7,20,0,4.0,92,8,2,83,2.7,116,12,0.5,3.5,0,1088305,3363,440010,7171,2.7,2.7,3.5,0.15,3.65,5.02,0.76,0.03,0.79,1.08,85.8,105,9,72.0,69,3,207.0,3,2,36.5,16,4,,,1.0,6,,Thierno,Barry,Barry,,,417,2,0,3,3,0,0,0,0,0,0,5,17,,,,0.0,0.65,0.65,1.08,3.67,1,5,11
649,a,,,4.5,440,89,0,0,0,0,1.5,141,57,21,0,7.0,10,5,2,75,4.7,48,20,1.0,4.7,0,113670,320,21967,554,4.7,4.7,0.06,0.25,0.31,2.0,0.03,0.13,0.16,1.02,67.2,139,63,38.8,161,43,8.0,267,93,11.4,192,69,,,,6,,Ainsley,Maitland-Niles,Maitland-Niles,,,177,1,0,2,1,0,0,0,0,0,0,2,13,,,,0.0,1.02,0.51,1.02,6.61,5,8,7
654,a,,,4.5,524,273,0,0,0,0,0.1,415,151,0,0,0.0,558,228,0,0,0.0,508,197,0.0,0.0,0,11423,19,5727,41,0.0,0.0,0.0,0.0,0.0,0.0,0.0,0.0,0.0,0.0,0.0,540,217,0.0,536,223,0.0,496,195,0.0,545,218,,,,6,,Braiden,Graham,Graham,,,0,0,0,0,0,0,0,0,0,0,0,0,0,,,,0.0,0.0,0.0,0.0,0.0,0,0,0
250,a,,,4.5,431,25,0,0,0,0,4.0,84,13,20,2,3.3,123,11,2,88,4.7,47,5,1.0,4.4,0,246144,1768,125067,467,4.7,4.7,0.0,0.0,0.0,10.26,0.0,0.0,0.0,1.71,127.6,35,6,0.0,482,39,0.0,432,34,12.8,172,6,,,,6,,Bernd,Leno,Leno,,,540,0,0,1,10,0,0,0,0,0,19,6,0,,,,3.17,0.17,1.67,1.0,0.0,0,7,50
251,a,,,4.0,594,55,0,0,0,0,1.1,167,25,0,0,0.0,441,31,0,0,0.0,369,28,0.0,0.0,0,30720,87,30017,93,0.0,0.0,0.0,0.0,0.0,0.0,0.0,0.0,0.0,0.0,0.0,418,31,0.0,406,12,0.0,350,7,0.0,422,31,,,,6,,Benjamin,Lecomte,Lecomte,,,0,0,0,0,0,0,0,0,0,0,0,0,0,,,,0.0,0.0,0.0,0.0,0.0,0,0,0
252,u,0.0,0.0,4.0,633,72,0,0,0,0,0.1,409,48,0,0,0.0,467,48,0,0,0.0,400,45,0.0,0.0,0,2589,0,7276,28,0.0,0.0,0.0,0.0,0.0,0.0,0.0,0.0,0.0,0.0,0.0,444,48,0.0,435,29,0.0,379,24,0.0,449,48,,,,6,,Alfie,McNally,McNally,Has joined York City on loan for the rest of the season,,0,0,0,0,0,0,0,0,0,0,0,0,0,,,,0.0,0.0,0.0,0.0,0.0,0,0,0
253,a,100.0,100.0,5.0,252,37,0,0,0,0,0.2,338,127,3,0,1.0,363,138,0,12,0.3,321,115,0.1,0.6,0,20226,197,10777,150,0.3,0.3,0.0,0.1,0.1,4.35,0.0,0.05,0.05,2.06,52.2,185,77,35.8,168,48,8.0,270,95,9.6,215,76,,,,6,,Joachim,Andersen,Andersen,,,190,0,0,0,5,0,0,0,1,0,0,2,20,,,,0.0,0.0,2.37,0.95,9.47,2,18,9
254,d,75.0,75.0,4.5,442,91,0,0,0,0,1.4,152,63,12,0,2.4,198,80,0,65,2.7,108,42,0.6,2.7,0,80190,54,94697,1412,2.0,2.0,0.26,0.3,0.56,9.08,0.05,0.06,0.11,1.9,93.6,88,40,106.7,39,7,18.0,201,59,21.8,74,16,,,2.0,6,,Antonee,Robinson,Robinson,Ankle injury - 75% chance of playing,,429,0,0,1,8,0,0,0,0,0,0,5,31,,,,0.0,0.21,1.68,1.05,6.5,13,18,20
255,a,,,4.5,467,110,0,0,0,0,0.0,552,188,3,0,3.0,143,58,0,7,0.0,469,183,0.0,0.7,0,1645,7,2098,4,0.0,0.0,0.0,0.03,0.03,2.24,0.0,0.03,0.03,2.24,32.8,243,98,21.3,217,73,0.0,450,182,5.4,282,104,,,,6,,Jorge,Cuenca Barreno,J.Cuenca,,,90,0,0,0,3,0,0,0,0,0,0,1,10,,,,0.0,0.0,3.0,1.0,10.0,1,9,3
256,a,100.0,100.0,4.4,545,137,0,0,-1,1,0.2,346,131,1,1,0.5,424,150,0,6,0.3,299,104,0.1,0.2,0,1628,26,11010,14,0.3,0.3,0.0,0.22,0.22,1.8,0.0,0.17,0.17,1.38,1.6,388,143,0.3,379,141,2.0,317,117,0.4,390,140,,,,6,,Kenny,Tete,Tete,,,117,0,0,0,2,0,0,0,1,0,0,1,10,,,,0.0,0.0,1.54,0.77,7.69,1,9,3
257,a,,,4.5,459,104,0,0,0,0,0.9,180,69,17,2,2.8,164,66,1,71,4.7,50,22,1.0,3.8,0,56866,738,34582,192,4.7,4.7,0.13,0.1,0.23,10.26,0.02,0.02,0.04,1.71,97.0,81,36,15.3,237,83,40.0,122,32,15.2,138,47,,,,6,,Calvin,Bassey,Bassey,,,540,0,1,1,10,0,0,0,2,0,0,6,41,,,,0.0,0.17,1.67,1.0,6.83,10,31,22
258,a,,,4.5,441,90,0,0,0,0,1.3,162,66,20,0,4.0,87,38,0,64,2.3,124,50,0.5,4.4,0,135915,320,53212,1012,2.3,2.3,0.67,0.39,1.06,6.81,0.15,0.09,0.24,1.5,90.4,96,44,58.6,97,22,57.0,78,11,20.6,83,22,,,,6,,Timothy,Castagne,Castagne,,,408,0,2,2,7,0,0,0,2,0,0,5,29,,,,0.0,0.44,1.54,1.1,6.4,6,23,18
261,a,,,5.4,167,106,0,0,-1,1,0.7,211,65,18,4,3.0,153,65,3,118,4.0,68,24,0.7,3.3,0,34931,532,60155,232,4.0,4.0,0.39,1.41,1.8,9.05,0.07,0.26,0.33,1.65,60.6,163,62,167.5,9,8,49.0,98,54,27.7,42,31,1.0,1.0,3.0,6,,Alex,Iwobi,Iwobi,,,494,0,0,3,7,0,0,0,0,0,0,6,40,,,,0.0,0.55,1.28,1.09,7.29,7,6,27
262,a,,,5.3,208,129,0,0,-2,2,0.2,317,111,3,0,0.8,412,197,0,10,0.3,333,154,0.1,0.6,0,4953,30,22114,114,0.3,0.3,0.06,0.02,0.08,1.12,0.13,0.04,0.17,2.46,6.6,350,163,23.8,204,115,9.0,263,135,4.0,307,139,,,,6,,Emile,Smith Rowe,Smith Rowe,,,41,0,0,0,2,0,0,0,1,0,0,0,3,,,,0.0,0.0,4.39,0.0,6.59,0,1,2
263,a,,,5.3,232,146,0,0,-2,2,0.0,511,203,5,1,1.0,382,177,0,20,1.0,236,109,0.2,0.9,0,2261,15,4489,24,1.0,1.0,0.22,0.12,0.34,1.75,0.26,0.14,0.4,2.1,10.6,322,145,6.8,289,144,18.0,204,112,3.5,316,144,4.0,,,6,,Kevin,Santos Lopes de Macedo,Kevin,,,75,0,0,0,3,0,0,0,0,0,0,0,10,,,,0.0,0.0,3.6,0.0,12.0,4,1,5
264,a,,,5.5,153,95,0,0,0,0,0.3,281,95,16,3,2.7,182,76,0,64,3.0,101,38,0.5,2.9,0,22624,280,22916,117,3.0,3.0,1.03,1.18,2.21,6.82,0.22,0.25,0.47,1.47,42.0,212,90,118.7,30,26,77.0,52,32,23.8,58,38,2.0,,,6,,Oscar,Bobb,Bobb,,,418,0,0,4,6,0,0,0,0,0,0,6,33,,,,0.0,0.86,1.29,1.29,7.11,10,5,18
265,a,,,4.9,342,207,0,0,-1,1,0.3,298,102,13,2,2.2,217,92,0,83,2.7,112,44,0.6,2.7,0,7613,80,19677,93,2.7,2.7,0.27,0.39,0.66,8.51,0.06,0.08,0.14,1.74,51.4,189,77,81.0,61,50,22.0,176,95,15.4,135,71,,,,6,,Sander,Berge,Berge,,,439,0,0,2,7,0,0,0,0,0,0,5,28,,,,0.0,0.41,1.44,1.03,5.74,6,12,10
266,i,0.0,0.0,4.9,332,202,0,0,-1,1,0.0,650,285,0,0,0.0,575,240,0,0,0.0,531,214,0.0,0.0,0,133,0,345,1,0.0,0.0,0.0,0.0,0.0,0.0,0.0,0.0,0.0,0.0,0.0,559,230,0.0,555,235,0.0,521,212,0.0,564,231,,,,6,,Tom,Cairney,Cairney,Knee injury - Expected back 17 Oct,,0,0,0,0,0,0,0,0,0,0,0,0,0,,,,0.0,0.0,0.0,0.0,0.0,0,0,0
268,a,,,5.6,124,79,0,0,1,-1,4.7,76,26,26,2,4.3,79,32,3,122,2.3,141,59,0.4,4.6,0,613952,3360,142407,1986,2.3,2.3,1.54,0.74,2.28,8.92,0.28,0.13,0.41,1.61,111.4,55,19,67.2,84,61,179.0,5,2,35.8,18,14,,,,6,,Josh,King,King,,,500,2,0,3,7,0,0,0,2,0,0,6,31,,,,0.0,0.54,1.26,1.08,5.58,7,5,19
269,a,100.0,100.0,4.3,578,153,0,0,-2,2,0.3,303,112,10,7,2.5,190,75,0,30,2.3,123,49,0.5,2.3,0,3974,437,20312,37,2.3,2.3,0.26,0.46,0.72,2.95,0.17,0.3,0.47,1.9,17.2,293,117,26.3,194,61,31.0,149,44,7.5,241,91,3.0,,,6,,Ryan,Sessegnon,Sessegnon,,,140,1,0,0,3,0,0,0,0,0,0,1,8,,,,0.0,0.0,1.93,0.64,5.14,1,7,9
270,a,,,4.4,543,284,0,0,-1,1,1.1,172,54,0,0,0.0,490,203,0,0,0.0,429,170,0.0,0.0,0,38174,185,80581,409,0.0,0.0,0.0,0.0,0.0,0.0,0.0,0.0,0.0,0.0,0.0,468,192,0.0,460,198,0.0,410,170,0.0,473,193,,,,6,,Harrison,Reed,Reed,,,0,0,0,0,0,0,0,0,0,0,0,0,0,,,,0.0,0.0,0.0,0.0,0.0,0,0,0
271,a,,,5.4,180,43,0,0,-1,1,0.4,269,46,4,1,0.8,416,50,0,17,0.7,274,30,0.1,0.7,0,18901,212,37737,179,0.7,0.7,0.4,0.0,0.4,1.37,0.69,0.0,0.69,2.37,11.4,317,32,22.2,215,25,36.0,136,26,7.0,251,25,,,,6,,Rodrigo,Muniz Carvalho,Muniz,,,52,0,0,0,3,0,0,0,1,0,0,0,3,,,,0.0,0.0,5.19,0.0,5.19,0,3,0
272,a,,,4.5,526,78,0,0,0,0,5.1,74,12,0,0,0.0,560,63,0,0,0.0,510,54,0.0,0.0,0,174032,1162,342277,1922,0.0,0.0,0.0,0.0,0.0,0.0,0.0,0.0,0.0,0.0,0.0,542,57,0.0,538,61,0.0,498,56,0.0,547,61,,,,6,,Jonah,Kusi-Asare,Kusi-Asare,,,0,0,0,0,0,0,0,0,0,0,0,0,0,,,,0.0,0.0,0.0,0.0,0.0,0,0,0
569,a,,,6.1,65,14,0,0,1,-1,7.4,53,9,16,2,2.7,184,18,0,56,2.0,169,17,0.3,2.6,0,856110,4332,362986,5525,2.0,2.0,3.0,0.59,3.59,9.18,0.53,0.1,0.63,1.62,53.0,182,14,46.8,132,12,125.0,19,9,22.1,72,14,,,1.0,6,,Gonzalo,García,Gonzalo,,,511,1,0,3,7,0,0,0,0,0,0,6,19,,,,0.0,0.53,1.23,1.06,3.35,2,7,10
570,a,,,5.4,201,126,0,0,-1,1,0.2,360,130,12,0,3.0,155,66,1,48,0.3,345,162,0.1,2.2,0,6716,27,11636,102,0.3,0.3,0.98,0.03,1.01,5.46,0.39,0.01,0.4,2.17,45.4,203,88,32.6,178,104,62.0,70,42,14.0,159,82,,,,6,,César,Palacios,Palacios,,,226,1,0,0,7,0,0,0,1,0,0,3,17,,,,0.0,0.0,2.79,1.19,6.77,3,4,10
580,a,,,5.0,281,172,0,0,0,0,0.1,419,153,16,3,2.7,180,74,0,76,4.0,67,23,0.8,3.2,0,5825,136,4971,29,4.0,4.0,0.14,0.17,0.31,7.28,0.03,0.04,0.07,1.76,85.4,107,32,46.1,138,88,14.0,226,120,14.5,152,79,,,,6,,Shea,Charles,Charles,,,373,0,0,2,5,0,0,0,0,0,0,4,54,,,,0.0,0.48,1.21,0.97,13.03,6,23,25
610,u,0.0,0.0,4.0,639,190,0,0,0,0,0.1,466,167,0,0,0.0,472,171,0,0,0.0,406,150,0.0,0.0,0,5787,0,5437,30,0.0,0.0,0.0,0.0,0.0,0.0,0.0,0.0,0.0,0.0,0.0,449,166,0.0,440,165,0.0,384,150,0.0,454,166,,,,6,,Luc,De Fougerolles,De Fougerolles,has joined  Real Salt Lake on loan for the rest of the seaon.,,0,0,0,0,0,0,0,0,0,0,0,0,0,,,,0.0,0.0,0.0,0.0,0.0,0,0,0
626,a,,,4.4,573,295,0,0,-1,1,0.3,280,94,0,0,0.0,505,213,0,0,0.0,449,181,0.0,0.0,0,40126,829,20222,180,0.0,0.0,0.0,0.0,0.0,0.0,0.0,0.0,0.0,0.0,0.0,485,202,0.0,477,208,0.0,427,180,0.0,490,203,,,,6,,Macaulay,Zepa,Zepa,,,0,0,0,0,0,0,0,0,0,0,0,0,0,,,,0.0,0.0,0.0,0.0,0.0,0,0,0
635,a,,,5.0,315,193,0,0,0,0,0.0,617,261,4,1,1.0,368,167,0,12,1.0,233,107,0.2,0.8,0,927,6,346,2,1.0,1.0,0.19,0.23,0.42,1.13,0.43,0.52,0.95,2.54,6.8,349,162,1.9,336,168,9.0,262,134,1.8,353,168,,,,6,,Hugo,Larsson,Larsson,,,40,0,0,0,3,0,0,0,0,0,0,0,6,,,,0.0,0.0,6.75,0.0,13.5,1,2,3
636,a,,,5.0,302,183,0,0,0,0,0.0,644,279,0,0,0.0,622,267,0,-1,0.0,592,252,0.0,0.0,0,397,2,189,4,0.0,0.0,0.0,0.0,0.0,0.52,0.0,0.0,0.0,2.46,0.0,610,261,0.0,616,266,0.0,593,252,0.0,616,263,,,,6,,Manuel Ángel,Morán Ibáñez,Ángel,,,19,0,0,0,2,0,0,0,1,0,0,0,2,,,,0.0,0.0,9.47,0.0,9.47,0,1,1
650,a,,,4.5,471,113,0,0,0,0,0.6,227,86,15,3,5.0,50,21,0,43,5.0,35,15,1.1,3.3,0,80140,814,12672,82,5.0,5.0,0.08,0.03,0.11,4.03,0.03,0.01,0.04,1.34,51.0,193,79,14.6,244,86,0.0,454,185,6.6,260,98,,,,6,,David,Affengruber,Affengruber,,,270,0,0,1,3,0,0,0,0,0,0,3,34,,,,0.0,0.33,1.0,1.0,11.33,6,28,10
240,a,100.0,100.0,5.0,292,177,0,0,0,0,0.0,582,240,2,0,0.7,419,199,0,10,0.3,326,150,0.1,0.4,0,1167,6,1213,4,0.3,0.3,0.12,0.01,0.13,0.6,0.15,0.01,0.16,0.77,9.2,329,150,11.5,270,137,10.0,256,132,3.1,318,146,,,,6,,Tim,Iroegbunam,Iroegbunam,,,70,0,0,0,0,0,0,0,1,0,0,0,9,,,,0.0,0.0,0.0,0.0,11.57,3,1,5
273,a,,,4.0,601,60,0,0,0,0,1.4,155,23,0,0,0.0,447,36,0,0,0.0,376,33,0.0,0.0,0,33256,82,43272,120,0.0,0.0,0.0,0.0,0.0,0.0,0.0,0.0,0.0,0.0,0.0,424,36,0.0,413,17,0.0,357,12,0.0,428,36,,,,6,,Dillon,Phillips,Phillips,,,0,0,0,0,0,0,0,0,0,0,0,0,0,,,,0.0,0.0,0.0,0.0,0.0,0,0,0
274,i,0.0,0.0,4.4,537,43,0,0,-1,1,0.1,470,55,0,0,0.0,488,50,0,0,0.0,427,47,0.0,0.0,0,677,2,5185,14,0.0,0.0,0.0,0.0,0.0,0.0,0.0,0.0,0.0,0.0,0.0,466,50,0.0,457,31,0.0,405,26,0.0,471,50,,,,6,,Jack,Butland,Butland,Arm injury - Unknown return date,,0,0,0,0,0,0,0,0,0,0,0,0,0,,,,0.0,0.0,0.0,0.0,0.0,0,0,0
275,u,0.0,0.0,4.0,629,71,0,0,0,0,0.0,629,73,0,0,0.0,464,47,0,0,0.0,396,44,0.0,0.0,0,0,0,350,0,0.0,0.0,0.0,0.0,0.0,0.0,0.0,0.0,0.0,0.0,0.0,441,47,0.0,432,28,0.0,376,23,0.0,446,47,,,,6,,Harvey,Cartwright,Cartwright,Has joined Grimsby Town on loan for the rest of the season,,0,0,0,0,0,0,0,0,0,0,0,0,0,,,,0.0,0.0,0.0,0.0,0.0,0,0,0
276,u,0.0,0.0,4.0,619,67,0,0,0,0,0.0,566,66,0,0,0.0,457,43,0,0,0.0,388,40,0.0,0.0,0,0,0,1216,0,0.0,0.0,0.0,0.0,0.0,0.0,0.0,0.0,0.0,0.0,0.0,434,43,0.0,425,24,0.0,369,19,0.0,439,43,,,,6,,Thimothée,Lo-Tutala,Lo-Tutala,Has joined Colchester United on loan for the rest of the season,,0,0,0,0,0,0,0,0,0,0,0,0,0,,,,0.0,0.0,0.0,0.0,0.0,0,0,0
277,a,,,4.1,585,160,0,0,1,-1,7.5,50,19,26,0,5.2,47,19,1,71,1.0,222,76,0.2,6.3,0,838709,981,255460,2311,1.0,1.0,0.05,0.0,0.05,7.27,0.01,0.0,0.01,1.5,110.8,56,23,1.3,348,127,21.0,178,54,13.4,163,57,,,,6,,John,Egan,Egan,,,437,0,0,3,4,0,0,0,1,0,0,5,59,,,,0.0,0.62,0.82,1.03,12.15,9,50,12
278,i,0.0,0.0,3.9,667,217,0,0,-1,1,0.2,359,135,0,0,0.0,433,156,0,0,0.0,361,129,0.0,0.0,0,17395,37,14126,111,0.0,0.0,0.0,0.0,0.0,0.0,0.0,0.0,0.0,0.0,0.0,410,151,0.0,398,147,0.0,342,132,0.0,414,150,,,,6,,Charlie,Hughes,Hughes,Groin injury - Unknown return date,,0,0,0,0,0,0,0,0,0,0,0,0,0,,,,0.0,0.0,0.0,0.0,0.0,0,0,0
279,a,100.0,100.0,4.2,584,159,0,0,2,-2,14.0,30,10,27,0,5.4,40,15,2,79,0.7,251,86,0.2,6.4,0,1417073,2046,364023,4833,0.7,0.7,0.66,0.01,0.67,6.43,0.14,0.0,0.14,1.37,85.6,106,48,4.2,311,109,51.0,90,16,14.1,157,54,,,,6,,Semi,Ajayi,Ajayi,,,423,1,0,3,4,0,0,0,1,0,0,5,27,,,,0.0,0.64,0.85,1.06,5.74,6,21,16
280,a,100.0,100.0,4.0,605,167,0,0,0,0,0.7,220,84,14,0,2.8,161,63,0,49,0.7,249,84,0.2,3.5,0,29953,130,28295,135,0.7,0.7,0.13,0.07,0.2,6.22,0.03,0.02,0.05,1.61,24.0,272,111,29.9,185,58,11.0,243,81,6.5,262,99,,,,6,,Lewie,Coyle,Coyle,,,348,0,0,2,4,0,0,0,1,0,0,5,11,,,,0.0,0.52,1.03,1.29,2.84,3,8,11
281,u,0.0,0.0,4.0,616,174,0,0,0,0,0.0,512,180,2,0,1.0,311,112,0,8,0.0,385,136,0.0,0.5,0,2118,0,4652,11,0.0,0.0,0.05,0.0,0.05,0.87,0.07,0.0,0.07,1.2,6.4,351,129,0.4,376,139,1.0,335,125,0.8,379,135,,,,6,,Cody,Drameh,Drameh,Has joined Genoa permanently,,65,0,0,0,0,0,0,0,0,0,0,0,6,,,,0.0,0.0,0.0,0.0,8.31,1,5,4
282,a,,,4.0,612,173,0,0,0,0,3.0,105,39,24,0,4.8,56,23,2,94,1.3,196,68,0.3,6.0,0,303667,671,81035,886,1.3,1.3,0.02,0.43,0.45,7.33,0.0,0.09,0.09,1.49,82.8,112,51,132.5,24,2,6.0,282,99,22.2,70,14,3.0,1.0,,6,,Ryan,Giles,Giles,,,444,0,1,3,4,0,0,0,1,0,0,5,24,,,,0.0,0.61,0.81,1.01,4.86,5,19,14
283,u,0.0,0.0,4.0,620,176,0,0,0,0,0.0,626,212,0,0,0.0,458,162,0,0,0.0,389,138,0.0,0.0,0,114,0,737,1,0.0,0.0,0.0,0.0,0.0,0.0,0.0,0.0,0.0,0.0,0.0,435,157,0.0,426,156,0.0,370,141,0.0,440,157,,,,6,,Matty,Jacob,Jacob,Has joined Newport County on loan until January,,0,0,0,0,0,0,0,0,0,0,0,0,0,,,,0.0,0.0,0.0,0.0,0.0,0,0,0
284,a,,,4.0,659,209,0,0,0,0,0.1,423,155,0,0,0.0,487,185,0,0,0.0,422,165,0.0,0.0,0,5245,28,4967,19,0.0,0.0,0.0,0.0,0.0,0.0,0.0,0.0,0.0,0.0,0.0,465,181,0.0,456,180,0.0,401,166,0.0,470,181,,,,6,,Cathal,McCarthy,McCarthy,,,0,0,0,0,0,0,0,0,0,0,0,0,0,,,,0.0,0.0,0.0,0.0,0.0,0,0,0
285,a,100.0,100.0,4.0,600,164,0,0,0,0,0.1,397,149,1,0,1.0,308,109,0,3,0.0,375,132,0.0,0.2,0,3326,14,5158,24,0.0,0.0,0.0,0.0,0.0,0.96,0.0,0.0,0.0,3.32,4.2,367,137,0.0,412,150,0.0,356,135,0.4,389,139,,,,6,,Paddy,McNair,McNair,,,26,0,0,0,0,0,0,0,0,0,0,0,2,,,,0.0,0.0,0.0,0.0,6.92,0,2,1
286,a,,,5.1,239,150,0,0,1,-1,6.1,64,20,31,0,6.2,23,10,2,111,5.7,23,10,1.1,6.1,0,635394,7162,122054,1709,5.7,5.7,0.72,0.43,1.15,6.44,0.16,0.1,0.26,1.47,157.8,11,7,67.5,83,60,100.0,34,19,32.5,25,18,2.0,2.0,,6,,Mohamed,Belloumi,Belloumi,,,394,2,2,3,3,0,0,0,1,0,0,5,44,,,,0.0,0.69,0.69,1.14,10.05,16,14,14
287,u,0.0,0.0,5.0,270,168,0,0,0,0,0.0,550,227,6,0,3.0,148,60,0,26,0.0,577,244,0.0,1.2,0,3178,0,7752,18,0.0,0.0,0.58,0.0,0.58,0.87,1.04,0.0,1.04,1.57,36.0,233,100,1.1,354,177,15.0,219,118,5.2,287,129,,,,6,,Liam,Millar,Millar,Has joined Birmingham on loan for the rest of the season,,50,1,0,0,0,0,0,0,1,0,0,0,4,,,,0.0,0.0,0.0,0.0,7.2,1,2,1
288,a,,,4.4,546,285,0,0,-1,1,0.3,296,101,0,0,0.0,491,204,0,0,0.0,430,171,0.0,0.0,0,12876,49,23514,84,0.0,0.0,0.0,0.0,0.0,0.0,0.0,0.0,0.0,0.0,0.0,469,193,0.0,461,199,0.0,411,171,0.0,474,194,,,,6,,Kieran,Dowell,Dowell,,,0,0,0,0,0,0,0,0,0,0,0,0,0,,,,0.0,0.0,0.0,0.0,0.0,0,0,0
289,a,100.0,100.0,4.4,536,282,0,0,-1,1,0.5,250,81,3,0,1.0,319,142,0,17,0.3,296,139,0.1,0.7,0,30350,444,45670,204,0.3,0.3,0.0,0.12,0.12,3.57,0.0,0.05,0.05,1.58,37.8,225,96,17.3,228,124,0.0,404,168,5.4,281,127,,,,6,,Matt,Crooks,Crooks,,,203,0,0,1,4,0,0,0,3,0,0,3,21,,,,0.0,0.44,1.77,1.33,9.31,8,9,4
290,a,,,4.5,462,258,0,0,0,0,5.1,75,25,15,0,3.0,142,57,0,67,1.3,199,91,0.3,3.3,0,531591,1329,329352,2042,1.3,1.3,0.21,0.59,0.8,7.27,0.04,0.12,0.16,1.5,62.2,158,60,85.1,55,45,26.0,161,85,17.4,113,60,1.0,,,6,,Regan,Slater,Slater,,,437,0,1,3,4,0,0,0,1,0,0,5,33,,,,0.0,0.62,0.82,1.03,6.8,9,9,15
291,i,0.0,0.0,4.5,476,259,0,0,0,0,0.0,635,272,0,0,0.0,526,216,0,0,0.0,474,185,0.0,0.0,0,413,4,552,7,0.0,0.0,0.0,0.0,0.0,0.0,0.0,0.0,0.0,0.0,0.0,506,205,0.0,503,211,0.0,457,183,0.0,511,206,,,,6,,Eliot,Matazo,Matazo,Knee injury - Unknown return date,,0,0,0,0,0,0,0,0,0,0,0,0,0,,,,0.0,0.0,0.0,0.0,0.0,0,0,0
292,a,,,4.9,343,208,0,0,-1,1,0.0,583,241,0,0,0.0,581,243,0,0,0.0,538,217,0.0,0.0,0,1243,4,1721,8,0.0,0.0,0.0,0.0,0.0,0.0,0.0,0.0,0.0,0.0,0.0,565,233,0.0,562,238,0.0,529,215,0.0,570,234,,,,6,,Abdülkadir,Ömür,Ömür,,,0,0,0,0,0,0,0,0,0,0,0,0,0,,,,0.0,0.0,0.0,0.0,0.0,0,0,0
293,u,0.0,0.0,5.0,293,178,0,0,0,0,0.0,660,293,0,0,0.0,616,264,0,0,0.0,585,248,0.0,0.0,0,0,0,377,0,0.0,0.0,0.0,0.0,0.0,0.0,0.0,0.0,0.0,0.0,0.0,604,258,0.0,610,263,0.0,587,249,0.0,610,260,,,,6,,Abu,Kamara,Kamara,Has joined Portsmouth permanently,,0,0,0,0,0,0,0,0,0,0,0,0,0,,,,0.0,0.0,0.0,0.0,0.0,0,0,0
294,a,100.0,100.0,4.5,499,263,0,0,0,0,0.1,430,161,0,0,0.0,541,220,0,0,0.0,490,189,0.0,0.0,0,3999,12,7192,47,0.0,0.0,0.0,0.0,0.0,0.0,0.0,0.0,0.0,0.0,0.0,522,209,0.0,519,215,0.0,476,187,0.0,527,210,,,,6,,Óscar,Zambrano,Zambrano,,,0,0,0,0,0,0,0,0,0,0,0,0,0,,,,0.0,0.0,0.0,0.0,0.0,0,0,0
295,a,,,5.5,130,35,0,0,0,0,1.9,130,22,13,0,2.6,189,19,0,52,1.7,187,20,0.3,2.4,0,201826,926,170081,921,1.7,1.7,1.23,0.13,1.36,7.21,0.25,0.03,0.28,1.47,47.2,201,16,69.1,76,5,114.0,26,11,23.0,63,13,,,1.0,6,,Oli,McBurnie,McBurnie,,,441,0,2,3,4,0,0,0,3,0,0,5,21,,,,0.0,0.61,0.82,1.02,4.29,3,9,9
296,u,0.0,0.0,5.0,259,163,0,0,0,0,0.0,565,234,0,0,0.0,603,258,0,0,0.0,571,241,0.0,0.0,0,2704,0,5060,15,0.0,0.0,0.0,0.0,0.0,0.0,0.0,0.0,0.0,0.0,0.0,591,252,0.0,593,257,0.0,570,243,0.0,597,254,,,,6,,David,Akintola,Akintola,Has joined Omonoia FC permanently,,0,0,0,0,0,0,0,0,0,0,0,0,0,,,,0.0,0.0,0.0,0.0,0.0,0,0,0
563,a,100.0,100.0,4.9,363,215,0,0,-1,1,0.0,590,245,1,0,1.0,350,154,0,6,0.0,547,221,0.0,0.2,0,759,8,1866,2,0.0,0.0,0.0,0.0,0.0,1.09,0.0,0.0,0.0,2.18,11.0,319,142,13.4,258,134,0.0,538,219,2.4,340,160,,,,6,,Hidemasa,Morita,Morita,,,45,0,0,0,0,0,0,0,0,0,0,1,3,,,,0.0,0.0,0.0,2.0,6.0,0,2,1
572,a,,,4.7,423,22,0,0,2,-2,13.3,32,5,34,0,6.8,12,1,6,129,2.7,110,13,0.6,7.2,0,1107743,3929,266947,1133,2.7,2.7,0.0,0.0,0.0,7.4,0.0,0.0,0.0,1.48,150.0,16,2,0.0,546,54,0.0,507,52,15.0,141,3,,,,6,,Konstantinos,Tzolakis,Tzolakis,,,450,0,0,3,4,0,1,0,1,0,17,5,0,,,,3.4,0.6,0.8,1.0,0.0,1,2,69
574,a,,,4.9,386,231,0,0,-1,1,0.1,494,193,1,0,1.0,355,158,0,4,0.0,561,233,0.0,0.2,0,1480,8,4806,20,0.0,0.0,0.0,0.0,0.0,0.0,0.0,0.0,0.0,0.0,0.0,581,244,0.0,582,250,0.0,551,229,0.0,587,246,,,,6,,Jens,Hjertø-Dahl,Hjertø-Dahl,,,8,0,0,0,0,0,0,0,0,0,0,0,1,,,,0.0,0.0,0.0,0.0,11.25,0,0,1
576,a,,,5.0,321,196,0,0,0,0,0.1,449,169,7,0,1.8,255,112,0,17,0.3,329,152,0.1,1.4,0,3794,18,5191,21,0.3,0.3,0.06,0.05,0.11,4.32,0.02,0.02,0.04,1.56,8.4,335,155,22.7,207,117,12.0,239,125,3.8,312,141,,,,6,,Elliot,Stroud,Stroud,,,249,0,0,2,1,0,0,0,1,0,0,4,20,,,,0.0,0.72,0.36,1.45,7.23,5,3,12
585,a,,,4.0,652,202,0,0,0,0,0.6,239,94,5,0,1.0,315,116,0,19,0.7,250,85,0.2,1.2,0,13532,37,20196,73,0.7,0.7,0.02,0.04,0.06,3.36,0.01,0.02,0.03,1.54,42.8,208,84,23.1,206,68,11.0,244,82,7.7,237,87,,,,6,,Lucas,Herrington,Herrington,,,197,0,0,0,3,0,0,0,0,0,0,1,16,,,,0.0,0.0,1.37,0.46,7.31,2,14,6
586,a,100.0,100.0,4.1,586,161,0,0,1,-1,6.2,61,24,25,0,6.2,22,9,1,69,0.3,295,102,0.1,6.1,0,696934,522,375960,1496,0.3,0.3,0.32,0.0,0.32,4.02,0.12,0.0,0.12,1.45,108.2,63,27,1.4,346,125,54.0,88,15,16.4,117,38,,,,6,,Nobel,Mendy,Mendy,,,249,1,0,2,1,0,0,0,0,0,0,4,39,,,,0.0,0.72,0.36,1.45,14.1,7,32,6
589,a,,,5.0,285,174,0,0,0,0,0.0,560,231,4,0,1.3,290,131,0,18,0.3,325,149,0.1,0.8,0,721,2,1442,6,0.3,0.3,0.03,0.03,0.06,2.26,0.02,0.02,0.04,1.47,29.4,257,106,33.5,174,103,2.0,327,163,6.5,263,117,,,,6,,Lucas,Gourna-Douath,Gourna-Douath,,,138,0,0,1,0,0,0,0,1,0,0,1,17,,,,0.0,0.65,0.0,0.65,11.09,5,5,7
617,a,,,5.0,295,180,0,0,0,0,0.0,577,237,9,0,2.2,222,96,0,36,2.3,135,55,0.5,1.8,0,2036,17,854,11,2.3,2.3,0.79,0.36,1.15,0.98,0.99,0.45,1.44,1.22,49.8,196,83,43.9,142,90,55.0,85,51,14.9,144,73,,,,6,,Mohamed-Ali,Cho,Cho,,,72,1,0,0,1,0,0,0,0,0,0,0,2,,,,0.0,0.0,1.25,0.0,2.5,0,1,1
632,i,0.0,0.0,5.0,325,60,0,0,0,0,0.0,556,74,0,0,0.0,631,71,0,0,0.0,601,62,0.0,0.0,0,5155,3,3748,20,0.0,0.0,0.0,0.0,0.0,0.0,0.0,0.0,0.0,0.0,0.0,619,66,0.0,625,70,0.0,603,65,0.0,625,70,,,,6,,Ilyas,Ansah,Ansah,Back injury - Unknown return date,,0,0,0,0,0,0,0,0,0,0,0,0,0,,,,0.0,0.0,0.0,0.0,0.0,0,0,0
637,a,,,5.0,327,62,0,0,0,0,0.1,400,61,2,0,1.0,372,40,0,8,0.7,269,29,0.1,0.4,0,13696,137,4726,89,0.7,0.7,0.0,0.01,0.01,0.31,0.0,0.04,0.04,1.4,2.4,383,41,11.7,267,34,2.0,328,42,1.6,358,40,,,,6,,Robinio,Vaz,Vaz,,,20,0,0,0,0,0,0,0,0,0,0,0,2,,,,0.0,0.0,0.0,0.0,9.0,0,0,2
638,a,100.0,100.0,4.0,630,182,0,0,0,0,0.2,313,118,1,0,0.5,423,149,0,3,0.0,397,142,0.0,0.2,0,26327,48,11393,77,0.0,0.0,0.05,0.0,0.05,0.3,0.13,0.0,0.13,0.79,2.2,384,142,0.6,366,135,9.0,259,89,1.2,370,131,,,,6,,Brooke,Norton-Cuffy,Norton-Cuffy,,,34,0,0,0,0,0,0,0,1,0,0,0,1,,,,0.0,0.0,0.0,0.0,2.65,0,1,4
642,a,,,5.5,140,85,0,0,0,0,0.0,541,221,4,0,1.3,293,134,0,13,1.0,240,111,0.2,0.7,0,3466,24,1414,24,1.0,1.0,0.21,0.11,0.32,2.04,0.16,0.08,0.24,1.54,8.8,333,153,40.9,154,99,12.0,241,126,5.8,275,122,,,,6,,Sorba,Thomas,Thomas,,,119,0,0,0,3,0,0,0,0,0,0,1,8,,,,0.0,0.0,2.27,0.76,6.05,1,0,7
645,a,,,5.0,328,199,0,0,0,0,0.0,619,263,0,0,0.0,632,274,0,0,0.0,602,259,0.0,0.0,0,844,9,355,4,0.0,0.0,0.0,0.0,0.0,0.0,0.0,0.0,0.0,0.0,0.0,620,268,0.0,626,273,0.0,605,260,0.0,626,270,,,,6,,Christos,Mouzakitis,Mouzakitis,,,0,0,0,0,0,0,0,0,0,0,0,0,0,,,,0.0,0.0,0.0,0.0,0.0,0,0,0
602,u,0.0,0.0,4.5,492,262,0,0,0,0,0.0,568,236,0,0,0.0,535,219,0,0,0.0,483,188,0.0,0.0,0,2861,0,3320,19,0.0,0.0,0.0,0.0,0.0,0.0,0.0,0.0,0.0,0.0,0.0,516,208,0.0,513,214,0.0,470,186,0.0,521,209,,,,6,,Cameron,Humphreys,Humphreys,Has joined Huddersfield Town on loan for the rest of the season,,0,0,0,0,0,0,0,0,0,0,0,0,0,,,,0.0,0.0,0.0,0.0,0.0,0,0,0
619,a,,,5.0,261,164,0,0,0,0,0.1,476,185,12,1,2.4,200,84,0,72,2.3,133,53,0.5,2.4,0,9534,26,4163,58,2.3,2.3,0.0,0.11,0.11,5.51,0.0,0.03,0.03,1.64,55.4,175,70,46.6,133,85,4.0,307,157,10.6,201,97,,,,6,,Exequiel,Palacios,Palacios,,,302,0,0,0,7,0,0,0,0,0,0,3,51,,,,0.0,0.0,2.09,0.89,15.2,11,15,25
640,a,,,5.5,142,38,0,0,0,0,0.1,438,65,7,1,1.8,257,29,0,37,2.0,160,14,0.4,1.3,0,10924,122,4184,99,2.0,2.0,0.64,0.01,0.65,0.84,0.73,0.01,0.74,0.96,38.2,224,19,12.1,264,32,55.0,86,21,10.5,203,22,,,,6,,Zian,Flemming,Flemming,,,79,1,0,0,1,0,0,0,1,0,0,0,6,,,,0.0,0.0,1.14,0.0,6.84,1,1,4
260,a,100.0,75.0,6.2,54,37,0,0,-3,3,1.4,154,46,6,1,1.2,305,141,0,22,0.7,283,134,0.1,1.0,0,29236,116,488554,593,0.7,0.5,0.01,0.09,0.1,4.45,0.01,0.05,0.06,2.44,19.2,287,123,52.4,111,73,12.0,242,127,8.5,229,106,2.0,2.0,,6,,Harry,Wilson,Wilson,,,164,0,0,1,1,0,0,0,1,0,0,1,11,,,,0.0,0.55,0.55,0.55,6.04,4,3,4
326,u,0.0,0.0,4.5,448,31,0,0,0,0,0.3,292,38,0,0,0.0,514,60,0,0,0.0,460,58,0.0,0.0,0,532,0,27773,75,0.0,0.0,0.0,0.0,0.0,0.0,0.0,0.0,0.0,0.0,0.0,494,60,0.0,489,45,0.0,439,40,0.0,499,60,,,,6,,Lucas Estella,Perri,Perri,Has joined Torino on loan for the rest of the season,,0,0,0,0,0,0,0,0,0,0,0,0,0,,,,0.0,0.0,0.0,0.0,0.0,0,0,0
345,a,,,4.9,356,212,0,0,-1,1,0.3,288,98,15,1,3.0,145,58,0,54,3.0,97,35,0.6,3.1,0,25162,250,20241,188,3.0,3.0,0.82,0.05,0.87,4.64,0.23,0.01,0.24,1.28,50.0,195,82,18.3,222,121,20.0,189,102,8.6,227,104,4.0,,,6,,Tanaka,Ao,Tanaka,,,325,0,2,2,3,0,0,0,2,0,0,4,36,,,,0.0,0.55,0.83,1.11,9.97,10,12,14
346,a,,,6.0,66,15,0,0,0,0,22.8,13,3,24,2,4.0,95,11,4,80,4.7,56,7,0.8,4.0,0,1112296,10751,1650935,14128,4.7,4.7,3.0,0.08,3.08,7.43,0.53,0.01,0.54,1.31,104.0,73,5,29.6,187,21,153.0,10,5,28.2,38,7,,,1.0,6,,Dominic,Calvert-Lewin,Calvert-Lewin,,,509,2,1,3,4,0,0,0,3,0,0,6,26,,,,0.0,0.53,0.71,1.06,4.6,0,11,15
347,a,,,5.4,168,41,0,0,-1,1,0.4,259,43,8,1,1.6,268,31,0,31,1.0,237,26,0.2,1.5,0,24000,196,40246,265,1.0,1.0,0.27,0.15,0.42,3.98,0.32,0.18,0.5,4.78,20.4,284,26,22.4,210,24,15.0,222,32,5.7,278,31,,,2.0,6,,Lukas,Nmecha,Nmecha,,,75,0,1,0,1,0,0,0,0,0,0,0,6,,,,0.0,0.0,1.2,0.0,7.2,1,0,5
603,a,,,4.0,657,207,0,0,0,0,0.1,413,153,0,0,0.0,485,183,0,0,0.0,420,163,0.0,0.0,0,7072,12,4214,22,0.0,0.0,0.0,0.0,0.0,0.0,0.0,0.0,0.0,0.0,0.0,463,179,0.0,454,178,0.0,399,164,0.0,468,179,,,,6,,Jayden,Lienou,Lienou,,,0,0,0,0,0,0,0,0,0,0,0,0,0,,,,0.0,0.0,0.0,0.0,0.0,0,0,0
604,a,,,4.5,510,267,0,0,0,0,0.1,381,138,0,0,0.0,548,223,0,0,0.0,497,192,0.0,0.0,0,14405,41,8405,49,0.0,0.0,0.0,0.0,0.0,0.0,0.0,0.0,0.0,0.0,0.0,530,212,0.0,526,218,0.0,484,190,0.0,535,213,,,,6,,Alfie,Cresswell,Cresswell,,,0,0,0,0,0,0,0,0,0,0,0,0,0,,,,0.0,0.0,0.0,0.0,0.0,0,0,0
625,a,,,4.0,595,56,0,0,0,0,0.2,326,39,0,0,0.0,442,32,0,0,0.0,370,29,0.0,0.0,0,20653,31,6386,27,0.0,0.0,0.0,0.0,0.0,0.0,0.0,0.0,0.0,0.0,0.0,419,32,0.0,407,13,0.0,351,8,0.0,423,32,,,,6,,Alex,Cairns,Cairns,,,0,0,0,0,0,0,0,0,0,0,0,0,0,,,,0.0,0.0,0.0,0.0,0.0,0,0,0
629,a,,,4.0,598,58,0,0,0,0,0.7,218,32,0,0,0.0,445,34,0,0,0.0,373,31,0.0,0.0,0,61577,196,15618,111,0.0,0.0,0.0,0.0,0.0,0.0,0.0,0.0,0.0,0.0,0.0,422,34,0.0,410,15,0.0,354,10,0.0,426,34,,,,6,,Michael,Zetterer,Zetterer,,,0,0,0,0,0,0,0,0,0,0,0,0,0,,,,0.0,0.0,0.0,0.0,0.0,0,0,0
641,a,,,4.5,469,111,0,0,0,0,0.0,614,209,1,0,1.0,331,127,0,1,0.3,307,111,0.1,0.2,0,1040,11,406,5,0.3,0.3,0.0,0.0,0.0,0.3,0.0,0.0,0.0,1.5,4.4,365,136,10.3,279,100,0.0,452,183,1.5,361,126,,,,6,,Melvin,Bard,Bard,,,18,0,0,0,1,0,0,0,0,0,0,0,2,,,,0.0,0.0,5.0,0.0,10.0,1,1,2
648,a,100.0,75.0,5.0,318,194,0,0,0,0,0.0,599,251,2,1,1.0,369,168,0,8,0.7,268,125,0.1,0.4,0,2269,3,1342,17,0.7,0.5,0.0,0.0,0.0,0.28,0.0,0.0,0.0,5.04,1.0,397,186,0.3,382,191,0.0,601,258,0.1,405,190,,,,6,,Jean-Mattéo,Bahoya,Bahoya,,,5,0,0,0,0,0,0,0,0,0,0,0,0,,,,0.0,0.0,0.0,0.0,0.0,0,0,0
350,a,,,5.5,128,3,0,0,0,0,4.2,81,12,27,0,5.4,42,3,5,96,5.7,24,3,1.0,4.9,0,161771,1233,159887,606,5.7,5.7,0.0,0.0,0.0,6.12,0.0,0.0,0.0,1.22,99.2,79,15,0.0,641,72,0.0,628,71,9.9,211,16,,,,6,,Alisson,Becker,A.Becker,,,450,0,0,3,4,0,0,0,1,0,14,5,0,,,,2.8,0.6,0.8,1.0,0.0,0,10,47
351,a,,,4.8,411,21,0,0,-2,2,0.1,382,42,0,0,0.0,574,67,0,0,0.0,526,65,0.0,0.0,0,2995,20,8911,24,0.0,0.0,0.0,0.0,0.0,0.0,0.0,0.0,0.0,0.0,0.0,558,67,0.0,553,55,0.0,516,53,0.0,563,67,,,,6,,Giorgi,Mamardashvili,Mamardashvili,,,0,0,0,0,0,0,0,0,0,0,0,0,0,,,,0.0,0.0,0.0,0.0,0.0,0,0,0
352,a,,,4.0,599,59,0,0,0,0,1.0,177,27,0,0,0.0,446,35,0,0,0.0,374,32,0.0,0.0,0,19200,73,29149,109,0.0,0.0,0.0,0.0,0.0,0.0,0.0,0.0,0.0,0.0,0.0,423,35,0.0,411,16,0.0,355,11,0.0,427,35,,,,6,,Freddie,Woodman,Woodman,,,0,0,0,0,0,0,0,0,0,0,0,0,0,,,,0.0,0.0,0.0,0.0,0.0,0,0,0
353,u,0.0,0.0,4.0,651,73,0,0,0,0,0.0,581,69,0,0,0.0,480,49,0,0,0.0,415,46,0.0,0.0,0,0,0,1143,0,0.0,0.0,0.0,0.0,0.0,0.0,0.0,0.0,0.0,0.0,0.0,458,49,0.0,449,30,0.0,394,25,0.0,463,49,,,,6,,Armin,Pecsi,Pecsi,Has joined TSV Hartberg on loan for the rest of the season,,0,0,0,0,0,0,0,0,0,0,0,0,0,,,,0.0,0.0,0.0,0.0,0.0,0,0,0
354,i,0.0,0.0,4.0,615,65,0,0,0,0,0.0,569,67,0,0,0.0,454,41,0,0,0.0,384,38,0.0,0.0,0,1956,13,1380,4,0.0,0.0,0.0,0.0,0.0,0.0,0.0,0.0,0.0,0.0,0.0,431,41,0.0,422,22,0.0,366,17,0.0,436,41,,,,6,,Vitezslav,Jaros,Jaros,Knee injury - Unknown return date,,0,0,0,0,0,0,0,0,0,0,0,0,0,,,,0.0,0.0,0.0,0.0,0.0,0,0,0
364,a,,,4.9,346,58,0,0,-1,1,0.1,454,165,2,0,1.0,348,135,0,6,0.3,315,114,0.1,0.4,0,1661,7,4625,20,0.3,0.3,0.04,0.02,0.06,0.47,0.06,0.03,0.09,0.66,6.4,352,130,2.9,323,115,9.0,261,91,1.8,352,123,4.0,,,6,,Kostas,Tsimikas,Tsimikas,,,64,0,0,0,0,0,0,0,0,0,0,1,3,,,,0.0,0.0,0.0,1.41,4.22,1,2,3
365,u,0.0,0.0,4.0,628,181,0,0,0,0,0.1,434,158,0,0,0.0,463,164,0,0,0.0,395,141,0.0,0.0,0,638,0,13134,34,0.0,0.0,0.0,0.0,0.0,0.0,0.0,0.0,0.0,0.0,0.0,440,159,0.0,431,158,0.0,375,143,0.0,445,159,,,,6,,Calvin,Ramsay,Ramsay,Has joined St Mirren on loan for the rest of the season,,0,0,0,0,0,0,0,0,0,0,0,0,0,,,,0.0,0.0,0.0,0.0,0.0,0,0,0
366,a,,,7.3,22,14,0,0,-2,2,5.4,73,24,18,0,3.6,112,45,0,92,3.0,105,42,0.4,2.5,0,149640,1376,820462,1320,3.0,3.0,1.0,0.4,1.4,4.82,0.22,0.09,0.31,1.08,65.0,147,52,147.3,16,15,101.0,33,18,31.4,29,20,2.0,2.0,4.0,6,,Florian,Wirtz,Wirtz,,,402,0,2,3,4,0,0,0,1,0,0,5,36,,,,0.0,0.67,0.9,1.12,8.06,8,3,25
367,i,0.0,0.0,7.2,23,15,0,0,2,-2,9.1,38,14,32,0,6.4,18,7,5,113,1.3,221,104,0.2,4.4,0,1342020,164,1079662,39668,0.0,0.0,0.64,1.71,2.35,5.51,0.16,0.42,0.58,1.34,133.4,28,12,148.8,14,13,70.0,63,38,35.2,20,16,3.0,,3.0,6,,Cody,Gakpo,Gakpo,Ankle injury - Unknown return date,,370,1,3,2,4,0,0,0,0,0,0,4,32,,,,0.0,0.49,0.97,0.97,7.78,8,9,15
368,a,,,6.9,29,18,0,0,-1,1,30.1,9,4,20,0,4.0,97,38,1,103,1.7,193,90,0.2,2.9,0,978623,5611,2024868,8646,1.7,1.7,1.42,0.82,2.24,5.99,0.29,0.17,0.46,1.23,108.8,60,21,178.0,6,6,57.0,80,48,34.4,21,17,1.0,1.0,1.0,6,,Dominik,Szoboszlai,Szoboszlai,,,440,1,0,3,4,0,0,0,1,0,0,5,41,,,,0.0,0.61,0.82,1.02,8.39,6,13,22
369,a,,,5.7,120,77,0,0,-3,3,0.4,261,84,4,0,1.3,295,136,0,13,0.3,350,166,0.1,0.7,0,15600,148,92616,153,0.3,0.3,0.15,0.05,0.2,0.68,0.14,0.05,0.19,0.62,4.4,366,171,8.1,284,142,11.0,251,131,2.1,347,164,,,,6,,Rio,Ngumoha,Ngumoha,,,99,0,0,0,2,0,0,0,0,0,0,1,4,,,,0.0,0.0,1.82,0.91,3.64,1,1,2
370,d,25.0,25.0,5.3,210,130,0,0,-2,2,0.0,508,201,0,0,0.0,636,275,0,0,0.0,608,262,0.0,0.0,0,687,1,10207,13,0.0,0.0,0.0,0.0,0.0,0.0,0.0,0.0,0.0,0.0,0.0,624,269,0.0,630,274,0.0,611,263,0.0,630,271,,,,6,,Federico,Chiesa,Chiesa,Back injury - 25% chance of playing,,0,0,0,0,0,0,0,0,0,0,0,0,0,,,,0.0,0.0,0.0,0.0,0.0,0,0,0
371,a,,,5.8,104,66,0,0,-2,2,1.0,173,55,9,0,1.8,258,114,0,51,0.7,281,133,0.1,1.6,0,36877,222,136059,337,0.7,0.7,0.1,0.08,0.18,2.02,0.05,0.04,0.09,0.96,50.6,194,81,42.7,145,92,6.0,292,150,9.9,212,100,,,,6,,Ryan,Gravenberch,Gravenberch,,,190,0,1,0,2,0,0,0,0,0,0,2,25,,,,0.0,0.0,0.95,0.95,11.84,4,10,11
372,a,,,5.4,179,113,0,0,-1,1,1.3,161,49,11,0,2.2,223,97,0,59,2.0,157,68,0.4,2.0,0,48736,420,102915,387,2.0,2.0,0.1,0.49,0.59,4.85,0.03,0.14,0.17,1.43,58.2,169,65,50.8,114,76,26.0,163,87,13.5,162,83,,,5.0,6,,Alexis,Mac Allister,Mac Allister,,,306,0,0,2,2,0,0,0,1,0,0,3,41,,,,0.0,0.59,0.59,0.88,12.06,11,11,19
373,u,0.0,0.0,5.5,138,83,0,0,0,0,0.0,567,235,0,0,0.0,647,282,0,0,0.0,632,275,0.0,0.0,0,34,0,2699,6,0.0,0.0,0.0,0.0,0.0,0.0,0.0,0.0,0.0,0.0,0.0,640,279,0.0,646,281,0.0,633,274,0.0,645,280,,,,6,,Curtis,Jones,C.Jones,Has joined Internazionale permanently,,0,0,0,0,0,0,0,0,0,0,0,0,0,,,,0.0,0.0,0.0,0.0,0.0,0,0,0
374,a,100.0,100.0,4.9,336,203,0,0,-1,1,0.1,478,187,0,0,0.0,578,241,0,0,0.0,534,215,0.0,0.0,0,2392,10,4973,16,0.0,0.0,0.0,0.0,0.0,0.0,0.0,0.0,0.0,0.0,0.0,562,231,0.0,558,236,0.0,525,213,0.0,567,232,,,,6,,Endo,Wataru,Endo,,,0,0,0,0,0,0,0,0,0,0,0,0,0,,,,0.0,0.0,0.0,0.0,0.0,0,0,0
375,a,,,4.8,419,255,0,0,-2,2,0.0,515,205,3,0,1.0,344,150,0,9,0.3,313,143,0.1,0.6,0,1444,18,3249,16,0.3,0.3,0.0,0.0,0.0,0.36,0.0,0.0,0.0,0.85,16.2,296,126,2.9,322,163,0.0,518,209,1.9,350,166,,,,6,,Trey,Nyoni,Nyoni,,,38,0,0,0,0,0,0,0,0,0,0,0,10,,,,0.0,0.0,0.0,0.0,23.68,2,6,2
376,u,0.0,0.0,5.0,310,188,0,0,0,0,0.0,663,295,0,0,0.0,625,269,0,0,0.0,595,254,0.0,0.0,0,19,0,108,0,0.0,0.0,0.0,0.0,0.0,0.0,0.0,0.0,0.0,0.0,0.0,613,263,0.0,619,268,0.0,596,254,0.0,619,265,,,,6,,Stefan,Bajčetić Maquieira,Bajcetic,Has joined Celta Vigo permanently,,0,0,0,0,0,0,0,0,0,0,0,0,0,,,,0.0,0.0,0.0,0.0,0.0,0,0,0
380,i,0.0,0.0,7.4,20,7,0,0,-1,1,0.1,407,62,0,0,0.0,665,78,0,0,0.0,661,77,0.0,0.0,0,2903,51,11646,56,0.0,0.0,0.0,0.0,0.0,0.0,0.0,0.0,0.0,0.0,0.0,665,78,0.0,665,78,0.0,665,78,0.0,665,78,,,,6,,Hugo,Ekitiké,Ekitiké,Achilles injury - Unknown return date,,0,0,0,0,0,0,0,0,0,0,0,0,0,,,,0.0,0.0,0.0,0.0,0.0,0,0,0
381,a,,,5.0,306,186,0,0,0,0,0.0,517,207,3,0,1.0,366,166,0,14,0.3,327,151,0.1,0.6,0,1803,24,1597,15,0.3,0.3,0.28,0.0,0.28,0.72,1.15,0.0,1.15,2.95,4.2,368,172,0.5,373,186,24.0,172,93,2.9,323,150,,,,6,,Lewis,Koumas,Koumas,,,22,0,0,0,0,0,0,0,0,0,0,0,1,,,,0.0,0.0,0.0,0.0,4.09,0,0,1
383,u,0.0,0.0,5.4,186,116,0,0,-1,1,0.0,537,219,0,0,0.0,639,278,0,0,0.0,619,269,0.0,0.0,0,907,0,6275,12,0.0,0.0,0.0,0.0,0.0,0.0,0.0,0.0,0.0,0.0,0.0,631,275,0.0,634,277,0.0,621,270,0.0,636,276,,,,6,,Harvey,Elliott,Elliott,Has joined Valencia on loan for the rest of the season,,0,0,0,0,0,0,0,0,0,0,0,0,0,,,,0.0,0.0,0.0,0.0,0.0,0,0,0
579,a,,,5.4,187,24,0,0,-1,1,3.1,104,38,22,0,4.4,75,34,1,81,4.3,65,29,0.8,4.1,0,166285,1577,170087,710,4.3,4.3,0.0,0.06,0.06,2.75,0.0,0.02,0.02,0.87,60.8,162,69,10.5,275,99,6.0,290,103,7.7,239,89,,,,6,,Ronald,Araujo,Araujo,,,284,0,0,3,0,0,0,0,1,0,0,3,24,,,,0.0,0.95,0.0,0.95,7.61,5,19,15
627,a,,,8.0,9,6,0,0,0,0,2.0,125,38,7,0,2.3,211,90,0,22,2.0,172,77,0.2,0.9,0,321755,2529,147149,966,2.0,2.0,0.26,0.13,0.39,1.43,0.14,0.07,0.21,0.77,10.8,321,144,27.4,192,110,31.0,153,81,7.0,254,113,,,,6,,Bradley,Barcola,Barcola,,,168,0,0,2,0,0,0,0,0,0,0,2,8,,,,0.0,1.07,0.0,1.07,4.29,3,0,5
155,a,,,6.9,30,19,0,0,-1,1,3.8,91,30,13,0,3.2,141,56,0,73,3.0,104,41,0.4,1.9,0,204440,3822,337979,750,3.0,3.0,0.35,0.53,0.88,5.35,0.12,0.18,0.3,1.78,63.8,152,56,72.8,68,55,42.0,116,66,17.8,110,59,4.0,3.0,,6,,Enzo,Fernández,Enzo,,,271,1,0,2,3,0,0,0,1,0,0,3,21,,,,0.0,0.66,1.0,1.0,6.97,3,6,12
237,a,,,5.8,103,65,0,0,-2,2,6.0,67,22,22,0,4.4,76,30,1,110,2.0,165,72,0.3,3.8,0,308180,1144,1227306,2645,2.0,2.0,0.38,0.58,0.96,9.42,0.09,0.14,0.23,2.2,77.8,116,37,102.6,41,34,80.0,48,30,26.1,48,35,,,,6,,Iliman,Ndiaye,Ndiaye,,,385,0,2,2,4,0,0,0,0,0,0,4,44,,,,0.0,0.47,0.94,0.94,10.29,8,10,26
384,a,,,5.5,136,4,0,0,0,0,7.4,52,8,19,0,3.8,102,8,0,84,3.0,100,11,0.5,3.5,0,215930,1373,348306,1144,3.0,3.0,0.0,0.0,0.0,7.25,0.0,0.0,0.0,1.45,112.6,54,11,0.0,645,73,0.0,632,72,11.4,194,12,,,,6,,Gianluigi,Donnarumma,Donnarumma,,,450,0,0,2,5,1,0,0,0,0,14,5,0,,,,2.8,0.4,1.0,1.0,0.0,0,4,32
386,a,,,4.5,437,28,0,0,0,0,0.0,551,64,0,0,0.0,511,57,0,0,0.0,457,55,0.0,0.0,0,628,6,1204,10,0.0,0.0,0.0,0.0,0.0,0.0,0.0,0.0,0.0,0.0,0.0,491,57,0.0,486,42,0.0,436,37,0.0,496,57,,,,6,,Marcus,Bettinelli,Bettinelli,,,0,0,0,0,0,0,0,0,0,0,0,0,0,,,,0.0,0.0,0.0,0.0,0.0,0,0,0
410,u,0.0,0.0,4.9,396,240,0,0,-1,1,0.0,625,266,0,0,0.0,598,254,0,0,0.0,566,237,0.0,0.0,0,219,0,1303,2,0.0,0.0,0.0,0.0,0.0,0.0,0.0,0.0,0.0,0.0,0.0,585,247,0.0,585,252,0.0,560,237,0.0,591,249,,,,6,,Jeremy,Monga,Monga,Has joined Swansea City on loan for the rest of the season,,0,0,0,0,0,0,0,0,0,0,0,0,0,,,,0.0,0.0,0.0,0.0,0.0,0,0,0
653,a,,,4.5,512,268,0,0,0,0,0.0,524,211,0,0,0.0,550,224,0,0,0.0,499,193,0.0,0.0,0,3999,26,2333,23,0.0,0.0,0.0,0.0,0.0,0.0,0.0,0.0,0.0,0.0,0.0,532,213,0.0,528,219,0.0,486,191,0.0,537,214,,,,6,,Floyd,Samba,Samba,,,0,0,0,0,0,0,0,0,0,0,0,0,0,,,,0.0,0.0,0.0,0.0,0.0,0,0,0
43,a,100.0,100.0,5.8,99,62,0,0,-2,2,1.4,151,45,17,3,2.8,177,73,0,109,3.0,102,39,0.5,2.9,0,47983,406,169413,565,3.0,3.0,0.65,0.66,1.31,7.39,0.13,0.13,0.26,1.45,87.2,103,31,112.6,34,29,43.0,112,63,24.4,54,36,,,3.0,6,,Youri,Tielemans,Tielemans,,,460,0,0,0,8,0,0,0,0,0,0,6,61,,,,0.0,0.0,1.57,1.17,11.93,12,11,38
131,a,100.0,100.0,4.9,381,226,0,0,-1,1,0.1,371,132,1,1,1.0,354,157,0,3,0.3,317,144,0.1,0.2,0,9552,285,15021,60,0.3,0.3,0.03,0.0,0.03,0.1,0.12,0.0,0.12,0.39,0.0,577,240,0.0,578,246,0.0,547,225,0.0,583,242,,,,6,,Carlos,Baleba,Baleba,,,23,0,0,0,0,0,0,0,0,0,0,0,6,,,,0.0,0.0,0.0,0.0,23.48,1,1,4
162,a,,,4.8,417,254,0,0,-2,2,0.5,248,79,4,0,1.3,288,130,0,23,0.0,529,212,0.0,0.8,0,22734,89,77929,369,0.0,0.0,0.0,0.24,0.24,2.03,0.0,0.26,0.26,2.23,24.8,267,112,5.5,299,150,8.0,269,138,3.9,309,140,,,,6,,Andrey,Nascimento dos Santos,Andrey Santos,,,82,0,0,0,4,0,0,0,0,0,0,1,18,,,,0.0,0.0,4.39,1.1,19.76,4,7,7
325,a,100.0,75.0,4.5,429,23,0,0,0,0,0.0,518,60,0,0,0.0,508,55,0,0,0.0,453,52,0.0,0.0,0,1091,1,1763,21,0.0,0.0,0.0,0.0,0.0,0.0,0.0,0.0,0.0,0.0,0.0,488,55,0.0,480,37,0.0,430,32,0.0,493,55,,,,6,,Karl,Darlow,Darlow,,,0,0,0,0,0,0,0,0,0,0,0,0,0,,,,0.0,0.0,0.0,0.0,0.0,0,0,0
412,a,,,4.9,366,19,0,0,-1,1,9.4,37,6,19,8,3.2,133,14,2,86,4.7,51,6,1.0,3.9,0,107633,482,752955,1892,4.7,4.7,0.0,0.0,0.0,8.13,0.0,0.0,0.0,1.38,132.8,29,5,0.0,573,61,0.0,541,59,13.3,167,5,,,,6,,Senne,Lammens,Lammens,,,532,0,0,1,8,0,0,0,0,0,18,6,0,,,,3.05,0.17,1.35,1.02,0.0,0,5,44
413,u,0.0,0.0,4.5,472,36,0,0,0,0,0.0,605,71,0,0,0.0,525,64,0,0,0.0,472,62,0.0,0.0,0,0,0,1183,7,0.0,0.0,0.0,0.0,0.0,0.0,0.0,0.0,0.0,0.0,0.0,505,64,0.0,501,50,0.0,455,45,0.0,510,64,,,,6,,Altay,Bayındır,Bayindir,Has joined Celta Vigo on loan for the rest of the season,,0,0,0,0,0,0,0,0,0,0,0,0,0,,,,0.0,0.0,0.0,0.0,0.0,0,0,0
414,i,0.0,0.0,4.0,587,49,0,0,0,0,0.1,444,50,0,0,0.0,434,25,0,0,0.0,362,22,0.0,0.0,0,2347,10,3836,15,0.0,0.0,0.0,0.0,0.0,0.0,0.0,0.0,0.0,0.0,0.0,411,25,0.0,399,6,0.0,343,1,0.0,415,25,,,,6,,Tom,Heaton,Heaton,Hamstring injury - Unknown return date,,0,0,0,0,0,0,0,0,0,0,0,0,0,,,,0.0,0.0,0.0,0.0,0.0,0,0,0
423,a,100.0,100.0,4.3,577,152,0,0,-2,2,7.0,56,21,14,5,2.8,162,64,0,69,2.3,122,48,0.5,3.3,0,111428,410,1394850,2742,2.3,2.3,0.03,0.59,0.62,5.96,0.01,0.13,0.14,1.29,92.6,90,41,91.6,48,8,17.0,206,62,20.1,87,26,3.0,,,6,,Luke,Shaw,Shaw,,,417,0,1,1,5,0,0,0,2,0,0,5,32,,,,0.0,0.22,1.08,1.08,6.91,8,24,8
424,a,,,4.0,648,199,0,0,0,0,0.2,335,125,0,0,0.0,477,176,0,0,0.0,412,156,0.0,0.0,0,6688,48,9489,53,0.0,0.0,0.0,0.0,0.0,0.0,0.0,0.0,0.0,0.0,0.0,455,172,0.0,446,171,0.0,391,157,0.0,460,172,,,,6,,Harry,Amass,Amass,,,0,0,0,0,0,0,0,0,0,0,0,0,0,,,,0.0,0.0,0.0,0.0,0.0,0,0,0
425,u,0.0,0.0,4.0,638,189,0,0,0,0,0.0,603,204,0,0,0.0,471,170,0,0,0.0,405,149,0.0,0.0,0,0,0,1352,5,0.0,0.0,0.0,0.0,0.0,0.0,0.0,0.0,0.0,0.0,0.0,448,165,0.0,439,164,0.0,383,149,0.0,453,165,,,,6,,Tyler,Fredricson,Fredricson,Has joined Lausanne-Sport permanently,,0,0,0,0,0,0,0,0,0,0,0,0,0,,,,0.0,0.0,0.0,0.0,0.0,0,0,0
426,a,,,11.9,2,1,0,0,-1,1,37.1,6,2,34,3,5.7,35,18,3,159,2.3,147,65,0.2,2.9,0,741005,2592,2075690,11157,2.3,2.3,2.58,1.4,3.98,8.13,0.44,0.24,0.68,1.38,187.0,2,2,241.7,1,1,117.0,25,13,54.6,1,1,1.0,1.0,1.0,6,,Bruno,Borges Fernandes,B.Fernandes,,,532,3,1,1,8,0,0,0,0,0,0,6,35,,,,0.0,0.17,1.35,1.02,5.92,6,4,25
448,i,0.0,0.0,4.8,398,72,0,0,-2,2,0.7,216,83,0,0,0.0,568,204,0,0,0.0,518,196,0.0,0.0,0,7396,10,165383,307,0.0,0.0,0.0,0.0,0.0,0.0,0.0,0.0,0.0,0.0,0.0,550,202,0.0,547,201,0.0,508,196,0.0,555,202,,,,6,,Dan,Burn,Burn,Ankle injury - Expected back 12 Oct,,0,0,0,0,0,0,0,0,0,0,0,0,0,,,,0.0,0.0,0.0,0.0,0.0,0,0,0
449,a,,,5.3,226,30,0,0,3,-3,20.8,16,5,31,0,6.2,24,10,6,127,4.3,63,28,0.8,5.8,0,2110241,7244,398177,2714,4.3,4.3,0.25,0.79,1.04,9.12,0.05,0.16,0.21,1.83,175.6,4,1,89.0,52,9,38.0,129,36,30.2,33,4,1.0,1.0,,6,,Lewis,Hall,Hall,,,449,1,1,1,9,0,0,0,0,0,0,5,46,,,,0.0,0.2,1.8,1.0,9.22,13,33,38
450,d,50.0,50.0,4.9,361,65,0,0,-1,1,0.1,443,162,4,0,2.0,233,91,0,12,1.0,229,82,0.2,0.8,0,10349,5,8360,132,0.5,0.5,0.0,0.01,0.01,0.18,0.0,0.03,0.03,0.49,5.0,360,135,3.8,317,114,4.0,306,111,1.3,369,130,,,,6,,Tino,Livramento,Livramento,Unspecified injury - 50% chance of playing,,33,0,1,0,1,0,0,0,1,0,0,0,3,,,,0.0,0.0,2.73,0.0,8.18,2,1,4
451,u,0.0,0.0,4.0,637,188,0,0,0,0,0.1,493,176,0,0,0.0,470,169,0,0,0.0,404,148,0.0,0.0,0,0,0,7154,21,0.0,0.0,0.0,0.0,0.0,0.0,0.0,0.0,0.0,0.0,0.0,447,164,0.0,438,163,0.0,382,148,0.0,452,164,,,,6,,Alex,Murphy,A.Murphy,Has joined FC Kaiserslautern on loan for the rest of the season,,0,0,0,0,0,0,0,0,0,0,0,0,0,,,,0.0,0.0,0.0,0.0,0.0,0,0,0
453,a,,,6.1,62,43,0,0,1,-1,8.2,44,16,28,0,5.6,36,19,3,105,3.7,80,30,0.6,4.6,0,964990,5873,208623,1620,3.7,3.7,0.62,0.48,1.1,9.14,0.12,0.1,0.22,1.83,105.2,67,22,80.9,62,51,96.0,39,22,28.2,39,28,3.0,,,6,,Harvey,Barnes,Barnes,,,450,1,3,1,9,0,0,0,0,0,0,5,33,,,,0.0,0.2,1.8,1.0,6.6,3,14,16
454,i,0.0,0.0,6.1,63,44,0,0,1,-1,3.4,100,33,18,0,6.0,29,12,2,71,0.0,656,293,0.0,3.0,0,1286324,20,1219869,7340,0.0,0.0,0.42,0.34,0.76,4.01,0.16,0.13,0.29,1.56,82.6,113,35,50.6,115,77,61.0,71,43,19.4,94,50,2.0,,,6,,Anthony,Elanga,Elanga,Unspecified injury - Unknown return date,,232,2,0,1,3,0,0,0,1,0,0,3,9,,,,0.0,0.39,1.16,1.16,3.49,4,2,3
456,i,0.0,0.0,4.8,408,248,0,0,-2,2,0.2,325,114,7,0,2.3,207,89,0,26,0.0,523,207,0.0,1.5,0,16662,10,34917,253,0.0,0.0,0.17,0.16,0.33,1.92,0.22,0.21,0.43,2.5,40.4,215,92,6.3,291,146,21.0,181,96,6.7,257,114,,,,6,,Jacob,Ramsey,J.Ramsey,Thigh injury - Unknown return date,,69,1,0,0,1,0,0,0,1,0,0,0,11,,,,0.0,0.0,1.3,0.0,14.35,2,3,6
457,a,,,5.9,79,52,0,0,-1,1,0.1,376,134,3,0,0.6,422,200,0,21,0.3,351,167,0.1,0.5,0,7128,55,11931,41,0.3,0.3,0.03,0.41,0.44,4.96,0.01,0.2,0.21,2.47,13.0,306,134,26.9,193,111,10.0,257,133,4.9,294,132,4.0,,,6,,Jacob,Murphy,J.Murphy,,,181,0,0,0,5,0,0,0,3,0,0,2,18,,,,0.0,0.0,2.49,0.99,8.95,4,4,10
458,d,75.0,75.0,5.4,169,107,0,0,-1,1,0.0,579,238,0,0,0.0,637,276,0,0,0.0,615,267,0.0,0.0,0,253,3,2300,3,0.0,0.0,0.0,0.0,0.0,0.0,0.0,0.0,0.0,0.0,0.0,629,273,0.0,632,275,0.0,619,268,0.0,634,274,,,,6,,Joelinton Cássio,Apolinário de Lira,Joelinton,Unspecified injury - 75% chance of playing,,0,0,0,0,0,0,0,0,0,0,0,0,0,,,,0.0,0.0,0.0,0.0,0.0,0,0,0
459,d,75.0,75.0,5.5,158,99,0,0,0,0,0.1,459,177,12,0,2.4,204,88,0,68,1.3,215,99,0.2,2.2,0,6391,2,6643,66,1.0,1.0,0.05,0.14,0.19,7.95,0.01,0.03,0.04,1.81,58.4,167,64,57.3,100,69,5.0,297,154,12.0,182,89,5.0,,,6,,Lewis,Miley,L.Miley,Unspecified injury - 75% chance of playing,,396,0,0,1,8,1,0,0,1,0,0,5,52,,,,0.0,0.23,1.82,1.14,11.82,6,20,26
460,a,,,5.0,253,158,0,0,0,0,0.6,225,72,22,0,4.4,74,29,3,80,3.7,75,26,0.7,4.4,0,78097,455,35252,279,3.7,3.7,0.81,0.3,1.11,5.19,0.26,0.1,0.36,1.64,92.2,93,27,41.0,153,98,68.0,64,39,19.4,93,49,,,,6,,Joe,Willock,Willock,,,284,2,0,1,5,0,0,0,0,0,0,3,18,,,,0.0,0.32,1.58,0.95,5.7,5,4,9
461,a,,,5.8,111,71,0,0,-2,2,0.1,386,139,8,0,2.7,183,77,0,29,2.3,143,61,0.4,1.4,0,4097,32,17348,51,2.3,2.3,0.28,0.01,0.29,0.76,0.5,0.02,0.52,1.37,37.6,227,98,5.3,301,152,21.0,187,100,6.4,265,118,,,,6,,Bazoumana,Touré,Touré,,,50,1,0,0,1,0,0,0,0,0,0,0,4,,,,0.0,0.0,1.8,0.0,7.2,0,1,3
462,a,,,4.9,395,239,0,0,-1,1,0.1,462,178,8,0,1.6,266,118,0,42,1.7,178,80,0.3,1.6,0,2677,14,6651,30,1.7,1.7,0.0,0.06,0.06,4.23,0.0,0.02,0.02,1.71,35.4,235,101,52.2,112,74,0.0,559,236,8.8,225,103,,,,6,,Sean,Steur,Steur,,,223,0,0,1,5,0,0,0,0,0,0,2,21,,,,0.0,0.4,2.02,0.81,8.48,4,9,8
463,u,0.0,0.0,5.9,92,23,0,0,-1,1,0.5,256,42,4,0,4.0,94,10,0,18,0.0,650,74,0.0,0.7,0,14520,0,144094,192,0.0,0.0,0.02,0.01,0.03,0.38,0.09,0.05,0.14,1.8,18.2,288,28,10.5,276,36,11.0,252,36,4.0,308,34,,,,6,,Nick,Woltemade,Woltemade,Has joined Juventus on loan for the rest of the season,,19,0,1,0,0,0,0,0,0,0,0,0,0,,,,0.0,0.0,0.0,0.0,0.0,0,0,0
464,a,,,6.2,55,13,0,0,2,-2,19.0,19,4,15,0,3.0,158,15,2,54,0.7,284,34,0.1,2.4,0,2476924,5154,874818,11814,0.7,0.7,2.35,0.06,2.41,7.97,0.48,0.01,0.49,1.63,66.6,141,11,60.6,92,8,106.0,31,12,23.3,62,12,,,2.0,6,,Yoane,Wissa,Wissa,,,441,1,1,1,8,0,0,1,2,0,0,5,27,,,,0.0,0.2,1.63,1.02,5.51,6,6,15
465,d,50.0,50.0,5.8,108,28,0,0,-2,2,0.3,295,49,4,0,4.0,93,9,0,18,0.0,643,71,0.0,0.7,0,21753,45,88376,104,0.0,0.0,0.06,0.14,0.2,1.48,0.1,0.23,0.33,2.42,28.2,260,25,13.7,254,29,8.0,273,38,5.0,292,33,,4.0,1.0,6,,William,Osula,Osula,Foot injury - 50% chance of playing,,55,0,1,0,1,0,0,0,0,0,0,1,5,,,,0.0,0.0,1.64,1.64,8.18,1,2,2
466,u,0.0,0.0,4.5,515,76,0,0,0,0,0.5,254,41,0,0,0.0,553,61,0,0,0.0,502,52,0.0,0.0,0,23805,0,55589,233,0.0,0.0,0.0,0.0,0.0,0.0,0.0,0.0,0.0,0.0,0.0,535,55,0.0,531,59,0.0,489,54,0.0,540,59,,,,6,,Sean,Neave,Neave,Has joined Wolves on loan for the rest of the season,,0,0,0,0,0,0,0,0,0,0,0,0,0,,,,0.0,0.0,0.0,0.0,0.0,0,0,0
559,a,,,4.9,394,238,0,0,-1,1,0.1,427,158,3,0,1.0,360,163,0,12,0.7,263,122,0.1,0.6,0,2682,20,8027,23,0.7,0.7,0.0,0.0,0.0,1.29,0.0,0.0,0.0,4.3,11.6,314,140,0.4,378,188,0.0,558,235,1.2,373,176,,,,6,,Aladji,Bamba,Bamba,,,27,0,0,0,1,0,0,0,0,0,0,0,8,,,,0.0,0.0,3.33,0.0,26.67,3,3,2
567,a,,,5.0,286,12,0,0,0,0,1.5,144,22,14,0,2.8,173,16,0,72,1.3,207,18,0.3,2.8,0,161005,98,79112,417,1.3,1.3,0.0,0.0,0.0,9.14,0.0,0.0,0.0,1.83,155.6,12,1,0.0,605,69,0.0,582,68,15.5,133,2,,,,6,,Lukás,Hornícek,Horníček,,,450,0,0,1,9,0,0,0,1,0,19,5,0,,,,3.8,0.2,1.8,1.0,0.0,0,11,31
593,d,50.0,50.0,4.5,475,115,0,0,0,0,1.5,150,62,13,0,3.2,130,54,2,36,0.0,473,185,0.0,2.9,0,448403,34,349322,2013,0.0,0.0,0.14,0.08,0.22,7.38,0.04,0.02,0.06,2.03,70.0,133,59,40.7,155,41,15.0,217,69,12.6,175,63,,3.0,,6,,Amar,Dedic,Dedić,Unspecified injury - 50% chance of playing,,327,0,1,1,7,0,0,0,0,0,0,4,24,,,,0.0,0.28,1.93,1.1,6.61,8,16,15
609,u,0.0,0.0,4.0,641,192,0,0,0,0,0.2,357,134,0,0,0.0,474,173,0,0,0.0,408,152,0.0,0.0,0,18236,0,16509,127,0.0,0.0,0.0,0.0,0.0,0.0,0.0,0.0,0.0,0.0,0.0,451,168,0.0,442,167,0.0,386,152,0.0,456,168,,,,6,,Leo,Shahar,Shahar,has joined Arouca on loan for the rest of the seaon.,,0,0,0,0,0,0,0,0,0,0,0,0,0,,,,0.0,0.0,0.0,0.0,0.0,0,0,0
634,a,,,6.0,74,19,0,0,0,0,0.1,375,58,4,0,1.3,296,34,0,16,1.0,244,27,0.2,0.7,0,20134,149,7763,112,1.0,1.0,0.05,0.01,0.06,2.94,0.03,0.01,0.04,1.69,3.4,374,37,12.5,261,30,15.0,223,33,3.1,319,35,,,,6,,Matias,Fernandez-Pardo,Fernandez-Pardo,,,157,0,0,0,4,0,0,0,0,0,0,2,5,,,,0.0,0.0,2.29,1.15,2.87,2,0,3
659,a,,,4.5,533,279,0,0,0,0,0.0,498,195,0,0,0.0,565,233,0,0,0.0,515,202,0.0,0.0,0,6063,145,1705,48,0.0,0.0,0.0,0.0,0.0,0.0,0.0,0.0,0.0,0.0,0.0,547,222,0.0,543,228,0.0,504,201,0.0,552,223,,,,6,,Mason,Miley,Miley,,,0,0,0,0,0,0,0,0,0,0,0,0,0,,,,0.0,0.0,0.0,0.0,0.0,0,0,0
167,a,,,5.6,121,31,0,0,1,-1,2.4,112,17,9,0,2.2,226,22,0,49,2.0,163,15,0.4,1.6,0,330739,925,131008,3144,2.0,2.0,0.89,0.35,1.24,2.62,0.29,0.11,0.4,0.85,40.0,217,18,68.6,79,7,71.0,61,18,17.9,109,16,,,3.0,6,,Liam,Delap,Delap,,,277,1,0,1,3,0,0,0,2,0,0,3,17,,,,0.0,0.32,0.97,0.97,5.52,2,5,10
201,a,,,5.4,182,21,0,0,-1,1,5.5,71,27,5,0,1.2,303,106,0,29,1.3,209,74,0.2,0.9,0,169239,310,521847,2720,1.3,1.3,0.6,0.21,0.81,2.59,0.21,0.07,0.28,0.91,39.2,220,88,62.3,90,19,79.0,49,4,18.1,106,35,,,,6,,Daniel,Muñoz Mejía,Muñoz,,,257,0,0,0,4,0,0,0,0,0,0,3,15,,,,0.0,0.0,1.4,1.05,5.25,7,8,8
467,a,,,5.0,240,5,0,0,0,0,1.5,143,21,14,0,2.8,171,15,0,67,1.7,179,16,0.3,2.8,0,70712,48,71355,463,1.7,1.7,0.0,0.01,0.01,4.77,0.0,0.0,0.0,0.95,82.0,114,19,0.0,587,63,0.0,562,61,8.2,234,19,,,,6,,Matz,Sels,Sels,,,450,0,0,1,5,0,0,0,0,0,11,5,0,,,,2.2,0.2,1.0,1.0,0.0,0,6,46
468,a,,,4.5,454,32,0,0,0,0,0.1,486,57,0,0,0.0,516,61,0,0,0.0,462,59,0.0,0.0,0,921,7,2134,9,0.0,0.0,0.0,0.0,0.0,0.0,0.0,0.0,0.0,0.0,0.0,496,61,0.0,491,46,0.0,442,41,0.0,501,61,,,,6,,John Victor,Maciel Furtado,John,,,0,0,0,0,0,0,0,0,0,0,0,0,0,,,,0.0,0.0,0.0,0.0,0.0,0,0,0
469,d,50.0,50.0,5.0,260,38,0,0,0,0,7.2,55,20,19,0,3.8,99,43,1,85,1.3,206,73,0.3,3.8,0,333255,35,521544,12800,0.7,0.7,0.41,0.61,1.02,4.77,0.08,0.12,0.2,0.95,90.4,97,45,123.7,28,4,42.0,114,27,25.6,50,7,2.0,3.0,,6,,Neco,Williams,N.Williams,Illness - 50% chance of playing,,450,0,1,1,5,0,0,0,0,0,0,5,29,,,,0.0,0.2,1.0,1.0,5.8,14,15,28
470,u,0.0,0.0,5.0,288,47,0,0,0,0,0.0,576,197,0,0,0.0,612,212,0,0,0.0,581,206,0.0,0.0,0,424,0,3793,9,0.0,0.0,0.0,0.0,0.0,0.0,0.0,0.0,0.0,0.0,0.0,600,211,0.0,606,211,0.0,583,208,0.0,606,211,,,,6,,Felipe,Rodrigues da Silva,Morato,Has joined West Ham on loan for the rest of the season,,0,0,0,0,0,0,0,0,0,0,0,0,0,,,,0.0,0.0,0.0,0.0,0.0,0,0,0
471,i,0.0,0.0,5.4,178,20,0,0,-1,1,0.9,188,72,12,0,4.0,90,41,0,34,0.0,617,211,0.0,2.2,0,18047,3,120141,804,0.0,0.0,0.11,0.03,0.14,3.28,0.04,0.01,0.05,1.09,53.2,180,76,1.4,347,126,16.0,212,66,7.0,250,95,,,,6,,Nikola,Milenković,Milenković,Knee injury - Unknown return date,,270,0,0,1,3,0,0,0,1,0,0,3,31,,,,0.0,0.33,1.0,1.0,10.33,5,26,12
472,a,100.0,100.0,5.5,162,17,0,0,0,0,2.2,120,47,23,0,4.6,66,28,0,76,3.3,87,37,0.6,4.2,0,120477,387,71901,845,3.3,3.3,0.42,0.37,0.79,4.77,0.08,0.07,0.15,0.96,124.2,38,17,62.6,89,18,27.0,160,48,21.4,80,21,,2.0,,6,,Murillo,Costa dos Santos,Murillo,,,449,0,1,1,5,0,0,0,1,0,0,5,53,,,,0.0,0.2,1.0,1.0,10.62,9,44,18
473,a,,,4.4,544,136,0,0,-1,1,2.1,122,48,8,0,2.0,230,89,0,45,0.7,253,88,0.2,1.8,0,70876,67,197418,1451,0.7,0.7,0.04,0.53,0.57,3.72,0.01,0.16,0.17,1.09,58.2,168,72,53.3,105,26,15.0,216,68,12.7,173,61,,,,6,,Ola,Aina,Aina,,,306,0,0,1,3,0,0,0,2,0,0,4,22,,,,0.0,0.29,0.88,1.18,6.47,10,12,14
474,a,100.0,100.0,4.5,505,126,0,0,0,0,0.2,341,129,11,0,2.8,165,67,0,40,0.3,309,112,0.1,2.4,0,10339,16,13872,34,0.3,0.3,0.05,0.02,0.07,3.95,0.01,0.0,0.01,0.99,69.6,134,60,14.2,248,88,2.0,321,121,8.6,226,83,,,,6,,Jair,Paula da Cunha Filho,Jair Cunha,,,360,0,0,1,4,0,0,0,2,0,0,4,36,,,,0.0,0.25,1.0,1.0,9.0,7,29,8
475,i,0.0,0.0,4.5,486,118,0,0,0,0,0.0,654,215,0,0,0.0,531,196,0,0,0.0,479,186,0.0,0.0,0,254,2,297,0,0.0,0.0,0.0,0.0,0.0,0.0,0.0,0.0,0.0,0.0,0.0,511,194,0.0,508,193,0.0,465,186,0.0,516,194,,,,6,,Nicolò,Savona,Savona,Knee injury - Unknown return date,,0,0,0,0,0,0,0,0,0,0,0,0,0,,,,0.0,0.0,0.0,0.0,0.0,0,0,0
476,a,,,4.0,607,169,0,0,0,0,0.2,329,123,0,0,0.0,449,159,0,0,0.0,379,134,0.0,0.0,0,4225,21,9002,49,0.0,0.0,0.0,0.0,0.0,0.0,0.0,0.0,0.0,0.0,0.0,426,154,0.0,417,153,0.0,361,138,0.0,431,154,,,,6,,Omar,Richards,O.Richards,,,0,0,0,0,0,0,0,0,0,0,0,0,0,,,,0.0,0.0,0.0,0.0,0.0,0,0,0
477,u,0.0,0.0,4.0,640,191,0,0,0,0,0.1,380,144,0,0,0.0,473,172,0,0,0.0,407,151,0.0,0.0,0,2459,0,14863,61,0.0,0.0,0.0,0.0,0.0,0.0,0.0,0.0,0.0,0.0,0.0,450,167,0.0,441,166,0.0,385,151,0.0,455,167,,,,6,,Zach,Abbott,Abbott,Has joined Southampton on loan for the rest of the season,,0,0,0,0,0,0,0,0,0,0,0,0,0,,,,0.0,0.0,0.0,0.0,0.0,0,0,0
478,a,,,4.4,560,147,0,0,-1,1,0.0,539,187,3,0,1.0,326,124,0,8,0.3,303,108,0.1,0.7,0,735,6,1683,3,0.3,0.3,0.0,0.02,0.02,0.13,0.0,0.07,0.07,0.43,6.0,355,132,17.5,226,77,2.0,319,119,2.6,333,120,,,,6,,Luca,Netz,Netz,,,27,0,0,0,1,0,0,0,0,0,0,0,1,,,,0.0,0.0,3.33,0.0,3.33,1,0,1
479,u,0.0,0.0,4.0,635,186,0,0,0,0,0.1,411,152,0,0,0.0,469,168,0,0,0.0,402,146,0.0,0.0,0,799,0,9251,41,0.0,0.0,0.0,0.0,0.0,0.0,0.0,0.0,0.0,0.0,0.0,446,163,0.0,437,162,0.0,381,147,0.0,451,163,,,,6,,Tyler,Bindon,Bindon,Has joined Charlton Athletic on loan for the rest of the season,,0,0,0,0,0,0,0,0,0,0,0,0,0,,,,0.0,0.0,0.0,0.0,0.0,0,0,0
480,a,100.0,100.0,8.0,7,5,0,0,0,0,15.7,29,11,28,0,5.6,37,20,6,116,3.3,93,34,0.4,3.5,0,1349680,2762,798187,8283,3.3,3.3,1.56,1.42,2.98,4.77,0.31,0.28,0.59,0.95,123.4,39,13,204.7,3,3,78.0,51,31,40.6,11,10,,1.0,1.0,6,,Morgan,Gibbs-White,Gibbs-White,,,450,1,2,1,5,0,0,0,0,0,0,5,21,,,,0.0,0.2,1.0,1.0,4.2,5,2,14
482,a,100.0,100.0,5.8,100,63,0,0,-2,2,0.1,373,133,1,0,1.0,398,188,0,2,0.0,640,283,0.0,0.2,0,5603,29,18377,45,0.0,0.0,0.0,0.0,0.0,0.0,0.0,0.0,0.0,0.0,0.0,647,286,0.3,385,193,0.0,643,284,0.0,652,287,,4.0,,6,,Callum,Hudson-Odoi,Hudson-Odoi,,,1,0,0,0,0,0,0,0,0,0,0,0,0,,,,0.0,0.0,0.0,0.0,0.0,0,0,0
483,a,,,5.5,147,90,0,0,0,0,0.6,224,71,15,0,3.0,157,67,2,44,0.7,278,132,0.1,2.7,0,73679,67,58876,472,0.7,0.7,1.25,0.93,2.18,3.84,0.36,0.26,0.62,1.09,39.0,221,95,63.6,87,64,90.0,41,24,19.0,98,53,,,,6,,Dan,Ndoye,Ndoye,,,316,1,0,1,3,0,0,0,1,0,0,5,20,,,,0.0,0.28,0.85,1.42,5.7,2,3,15
484,u,0.0,0.0,5.4,196,122,0,0,-1,1,0.1,467,181,0,0,0.0,641,280,0,0,0.0,624,272,0.0,0.0,0,427,0,11277,22,0.0,0.0,0.0,0.0,0.0,0.0,0.0,0.0,0.0,0.0,0.0,634,277,0.0,637,279,0.0,624,272,0.0,639,278,,,,6,,Omari,Hutchinson,Hutchinson,Has joined AC Milan on loan for the rest of the season,,0,0,0,0,0,0,0,0,0,0,0,0,0,,,,0.0,0.0,0.0,0.0,0.0,0,0,0
485,u,0.0,0.0,5.5,152,94,0,0,0,0,0.0,637,273,0,0,0.0,651,286,0,0,0.0,636,279,0.0,0.0,0,107,0,1194,0,0.0,0.0,0.0,0.0,0.0,0.0,0.0,0.0,0.0,0.0,0.0,644,283,0.0,650,285,0.0,638,279,0.0,649,284,,,,6,,Dilane,Bakwa,Bakwa,Has joined Lille on loan for the rest of the season,,0,0,0,0,0,0,0,0,0,0,0,0,0,,,,0.0,0.0,0.0,0.0,0.0,0,0,0
486,a,,,5.5,143,87,0,0,0,0,0.1,414,150,12,0,2.4,203,87,0,91,1.7,189,86,0.3,2.2,0,10385,25,6820,64,1.7,1.7,0.37,0.96,1.33,4.55,0.08,0.21,0.29,0.98,62.4,157,59,174.8,7,7,38.0,130,71,27.6,43,32,1.0,,,6,,James,McAtee,McAtee,,,416,0,0,2,4,0,0,0,2,0,0,5,39,,,,0.0,0.43,0.87,1.08,8.44,9,9,21
487,a,,,4.9,357,213,0,0,-1,1,0.1,491,192,1,0,1.0,349,153,0,3,0.0,544,220,0.0,0.2,0,1234,5,4350,18,0.0,0.0,0.0,0.0,0.0,0.0,0.0,0.0,0.0,0.0,0.2,404,190,0.0,568,241,0.0,535,218,0.0,575,237,,,,6,,Nicolás,Domínguez,Dominguez,,,1,0,0,0,0,0,0,0,0,0,0,0,0,,,,0.0,0.0,0.0,0.0,0.0,0,0,0
488,a,100.0,100.0,4.8,405,245,0,0,-2,2,0.4,275,91,4,0,1.3,286,128,0,15,0.7,258,120,0.1,0.8,0,9861,58,74549,130,0.7,0.7,0.09,0.02,0.11,0.56,0.08,0.02,0.1,0.48,21.6,278,118,13.7,253,133,5.0,293,151,4.1,305,138,,,,6,,Ibrahim,Sangaré,I.Sangaré,,,105,0,0,0,1,0,0,0,0,0,0,1,8,,,,0.0,0.0,0.86,0.86,6.86,1,4,3
489,a,100.0,100.0,4.4,549,286,0,0,-1,1,1.1,168,51,0,0,0.0,492,205,0,0,0.0,432,172,0.0,0.0,0,32861,391,99698,354,0.0,0.0,0.0,0.0,0.0,0.0,0.0,0.0,0.0,0.0,0.0,471,194,0.0,463,200,0.0,413,172,0.0,476,195,,,,6,,Ryan,Yates,Yates,,,0,0,0,0,0,0,0,0,0,0,0,0,0,,,,0.0,0.0,0.0,0.0,0.0,0,0,0
490,a,,,5.8,97,25,0,0,-2,2,0.9,189,29,4,0,1.0,397,45,0,13,0.7,279,32,0.1,0.7,0,27537,359,120994,302,0.7,0.7,0.12,0.01,0.13,0.53,0.17,0.01,0.18,0.77,1.2,395,43,4.8,307,39,3.0,316,41,0.7,385,44,,,2.0,6,,Chris,Wood,Wood,,,62,0,0,0,1,0,0,0,0,0,0,0,1,,,,0.0,0.0,1.45,0.0,1.45,0,0,1
491,i,0.0,0.0,5.8,106,27,0,0,-2,2,2.1,124,20,12,0,2.4,205,20,2,53,2.7,117,13,0.5,2.1,0,132129,20,334392,6374,0.0,0.0,1.25,0.08,1.33,2.61,0.44,0.03,0.47,0.91,54.8,177,13,40.7,156,16,100.0,36,14,19.6,90,15,,,4.0,6,,Igor Jesus,Maciel da Cruz,Igor Jesus,Calf injury - Unknown return date,,257,1,0,0,3,0,0,0,1,0,0,2,15,,,,0.0,0.0,1.05,0.7,5.25,2,5,8
493,a,,,5.4,188,44,0,0,-1,1,0.0,497,70,1,0,1.0,388,42,0,3,0.0,620,66,0.0,0.2,0,3192,29,4337,26,0.0,0.0,0.0,0.0,0.0,0.0,0.0,0.0,0.0,0.0,0.0,632,69,0.0,635,73,0.0,622,70,0.0,637,73,,,,6,,Arnaud,Kalimuendo,Kalimuendo,,,1,0,0,0,0,0,0,0,0,0,0,0,0,,,,0.0,0.0,0.0,0.0,0.0,0,0,0
558,a,,,5.0,256,160,0,0,0,0,0.1,410,149,13,0,2.6,187,80,0,70,1.7,180,81,0.3,2.6,0,6083,12,6701,36,1.7,1.7,0.19,0.18,0.37,4.43,0.05,0.04,0.09,1.06,68.4,137,45,25.0,198,112,31.0,152,80,12.5,177,87,3.0,,,6,,Xaver,Schlager,Schlager,,,376,0,0,1,5,0,0,0,1,0,0,4,49,,,,0.0,0.24,1.2,0.96,11.73,17,11,21
581,a,,,5.4,200,26,0,0,-1,1,0.5,247,96,7,0,2.3,208,82,0,17,2.0,158,62,0.4,1.3,0,14921,99,43555,178,2.0,2.0,0.16,0.01,0.17,1.45,0.09,0.01,0.1,0.8,32.4,245,100,1.0,357,131,19.0,196,58,5.2,288,108,,,,6,,Ousmane,Diomande,Diomande,,,163,0,0,0,2,0,0,0,0,0,0,2,19,,,,0.0,0.0,1.1,1.1,10.49,1,18,10
590,a,,,4.5,468,35,0,0,0,0,0.1,463,53,0,0,0.0,523,63,0,0,0.0,470,61,0.0,0.0,0,2764,8,3003,4,0.0,0.0,0.0,0.0,0.0,0.0,0.0,0.0,0.0,0.0,0.0,503,63,0.0,499,49,0.0,451,44,0.0,508,63,,,,6,,Steven,Benda,Benda,,,0,0,0,0,0,0,0,0,0,0,0,0,0,,,,0.0,0.0,0.0,0.0,0.0,0,0,0
112,a,100.0,100.0,4.9,368,68,0,0,-1,1,6.2,62,25,25,1,4.2,80,36,2,89,5.0,37,16,1.0,5.1,0,199463,1724,552998,1438,5.0,5.0,0.69,0.43,1.12,8.13,0.12,0.07,0.19,1.38,171.8,5,2,74.9,67,11,70.0,62,7,31.6,27,3,,,,6,,Jan Paul,van Hecke,Van Hecke,,,532,1,0,2,9,0,0,0,2,0,0,6,51,,,,0.0,0.34,1.52,1.02,8.63,10,41,22
455,a,100.0,100.0,5.3,216,135,0,0,-2,2,1.7,133,40,16,2,2.7,181,75,0,97,2.3,137,57,0.4,3.0,0,50559,366,287094,637,2.3,2.3,0.25,0.64,0.89,8.07,0.04,0.11,0.15,1.43,63.0,153,57,89.0,51,42,28.0,157,83,18.0,107,57,,,,6,,Sandro,Tonali,Tonali,,,509,0,0,2,9,0,0,0,0,0,0,6,48,,,,0.0,0.35,1.59,1.06,8.49,11,13,24
494,u,0.0,0.0,4.5,445,30,0,0,0,0,0.1,390,44,0,0,0.0,513,59,0,0,0.0,459,57,0.0,0.0,0,0,0,22595,38,0.0,0.0,0.0,0.0,0.0,0.0,0.0,0.0,0.0,0.0,0.0,493,59,0.0,488,44,0.0,438,39,0.0,498,59,,,,6,,Guglielmo,Vicario,Vicario,Has joined Juventus on loan for the rest of the season,,0,0,0,0,0,0,0,0,0,0,0,0,0,,,,0.0,0.0,0.0,0.0,0.0,0,0,0
495,a,,,4.0,608,62,0,0,0,0,1.0,176,26,0,0,0.0,450,38,0,0,0.0,380,35,0.0,0.0,0,32154,141,23952,101,0.0,0.0,0.0,0.0,0.0,0.0,0.0,0.0,0.0,0.0,0.0,427,38,0.0,418,19,0.0,362,14,0.0,432,38,,,,6,,Brandon,Austin,Austin,,,0,0,0,0,0,0,0,0,0,0,0,0,0,,,,0.0,0.0,0.0,0.0,0.0,0,0,0
496,a,,,4.5,479,39,0,0,0,0,15.8,28,4,20,2,3.3,124,12,0,83,3.7,73,9,0.8,4.4,0,377657,1007,980453,2098,3.7,3.7,0.0,0.0,0.0,8.13,0.0,0.0,0.0,1.38,104.8,68,12,10.0,282,3,0.0,459,48,11.5,190,11,,,,6,,Antonín,Kinský,Kinsky,,,532,0,0,2,9,0,0,0,0,0,13,6,0,,,,2.2,0.34,1.52,1.02,0.0,0,10,39
497,a,,,4.0,591,53,0,0,0,0,17.0,24,3,0,0,0.0,438,29,0,0,0.0,366,26,0.0,0.0,0,460135,1018,508502,2141,0.0,0.0,0.0,0.0,0.0,0.0,0.0,0.0,0.0,0.0,0.0,415,29,0.0,403,10,0.0,347,5,0.0,419,29,,,,6,,Martin,Dubravka,Dubravka,,,0,0,0,0,0,0,0,0,0,0,0,0,0,,,,0.0,0.0,0.0,0.0,0.0,0,0,0
498,a,,,5.8,101,11,0,0,-2,2,3.4,101,37,5,2,2.5,195,78,0,22,0.7,280,96,0.1,0.9,0,30559,241,477325,915,0.7,0.7,0.0,0.07,0.07,4.22,0.0,0.04,0.04,2.21,36.6,231,92,2.2,328,118,0.0,644,215,3.9,310,116,,,,6,,Marcos,Senesi Barón,Senesi,,,172,0,0,0,4,0,0,0,0,0,0,2,19,,,,0.0,0.0,2.09,1.05,9.94,6,13,9
499,i,0.0,0.0,5.4,185,23,0,0,-1,1,6.3,60,23,9,0,3.0,154,61,1,33,0.3,344,122,0.1,1.7,0,124786,16,1136115,11205,0.0,0.0,0.37,0.16,0.53,1.68,0.17,0.07,0.24,0.76,22.6,276,113,47.6,127,33,28.0,158,47,9.8,213,75,1.0,1.0,,6,,Pedro,Porro Sauceda,Pedro Porro,Hamstring injury - Unknown return date,,198,0,0,1,2,0,0,0,0,0,0,3,9,,,,0.0,0.45,0.91,1.36,4.09,3,6,5
500,u,0.0,0.0,5.0,264,40,0,0,0,0,0.1,437,160,0,0,0.0,605,211,0,0,0.0,573,205,0.0,0.0,0,0,0,16943,15,0.0,0.0,0.0,0.0,0.0,0.0,0.0,0.0,0.0,0.0,0.0,593,210,0.0,595,209,0.0,572,206,0.0,599,210,,,,6,,Cristian,Romero,Romero,Has joined Atletico Madrid permanently,,0,0,0,0,0,0,0,0,0,0,0,0,0,,,,0.0,0.0,0.0,0.0,0.0,0,0,0
502,a,,,4.4,542,135,0,0,-1,1,2.4,113,44,17,0,3.4,120,50,1,68,3.7,71,31,0.8,3.9,0,78995,483,208807,1014,3.7,3.7,0.13,0.43,0.56,7.05,0.03,0.11,0.14,1.73,89.6,98,46,123.9,27,3,41.0,117,28,25.4,51,8,6.0,,,6,,Andrew,Robertson,Robertson,,,366,0,1,1,7,0,0,0,0,0,0,4,20,,,,0.0,0.25,1.72,0.98,4.92,5,15,15
503,a,100.0,100.0,5.0,296,48,0,0,0,0,3.7,92,33,17,1,3.4,121,51,3,72,2.7,113,45,0.5,3.4,0,103504,763,287244,1148,2.7,2.7,0.59,0.05,0.64,3.91,0.14,0.01,0.15,0.96,75.8,121,54,8.7,283,102,18.0,203,61,10.3,206,73,,,,6,,Micky,van de Ven,Van de Ven,,,368,0,0,2,5,0,0,0,1,0,0,4,29,,,,0.0,0.49,1.22,0.98,7.09,5,24,17
505,u,0.0,0.0,4.5,458,103,0,0,0,0,0.2,322,121,0,0,0.0,519,191,0,0,0.0,465,179,0.0,0.0,0,0,0,69903,71,0.0,0.0,0.0,0.0,0.0,0.0,0.0,0.0,0.0,0.0,0.0,499,189,0.0,494,188,0.0,445,178,0.0,504,189,,,,6,,Djed,Spence,Spence,Has joined Internazionale permanently,,0,0,0,0,0,0,0,0,0,0,0,0,0,,,,0.0,0.0,0.0,0.0,0.0,0,0,0
506,a,100.0,100.0,4.4,562,149,0,0,-1,1,0.3,283,104,9,2,2.2,214,86,0,26,0.7,254,89,0.2,2.0,0,5976,76,23851,76,0.7,0.7,0.0,0.28,0.28,1.52,0.0,0.16,0.16,0.86,9.8,326,123,13.5,256,93,4.0,303,108,2.7,328,118,,,,6,,Destiny,Udogie,Udogie,,,159,0,0,1,2,0,0,0,1,0,0,2,10,,,,0.0,0.57,1.13,1.13,5.66,2,8,7
507,u,0.0,0.0,4.5,495,122,0,0,0,0,0.0,597,202,0,0,0.0,538,198,0,0,0.0,486,188,0.0,0.0,0,0,0,1289,1,0.0,0.0,0.0,0.0,0.0,0.0,0.0,0.0,0.0,0.0,0.0,519,197,0.0,516,196,0.0,473,189,0.0,524,197,,,,6,,Ashley,Phillips,Phillips,Has joined Middlesbrough permanently,,0,0,0,0,0,0,0,0,0,0,0,0,0,,,,0.0,0.0,0.0,0.0,0.0,0,0,0
508,a,,,3.9,660,210,0,0,-1,1,0.9,187,71,0,0,0.0,429,152,0,0,0.0,355,123,0.0,0.0,0,27152,636,46007,276,0.0,0.0,0.0,0.0,0.0,0.0,0.0,0.0,0.0,0.0,0.0,406,147,0.0,394,143,0.0,337,127,0.0,410,146,,,,6,,Ben,Davies,Davies,,,0,0,0,0,0,0,0,0,0,0,0,0,0,,,,0.0,0.0,0.0,0.0,0.0,0,0,0
509,a,,,4.0,656,206,0,0,0,0,0.1,481,170,0,0,0.0,484,182,0,0,0.0,419,162,0.0,0.0,0,2467,11,2783,12,0.0,0.0,0.0,0.0,0.0,0.0,0.0,0.0,0.0,0.0,0.0,462,178,0.0,453,177,0.0,398,163,0.0,467,178,,,,6,,Jun'ai,Byfield,Byfield,,,0,0,0,0,0,0,0,0,0,0,0,0,0,,,,0.0,0.0,0.0,0.0,0.0,0,0,0
510,a,,,4.0,632,184,0,0,0,0,0.1,432,157,0,0,0.0,466,166,0,0,0.0,399,144,0.0,0.0,0,3027,7,3710,16,0.0,0.0,0.0,0.0,0.0,0.0,0.0,0.0,0.0,0.0,0.0,443,161,0.0,434,160,0.0,378,145,0.0,448,161,,,,6,,James,Rowswell,Rowswell,,,0,0,0,0,0,0,0,0,0,0,0,0,0,,,,0.0,0.0,0.0,0.0,0.0,0,0,0
511,u,0.0,0.0,4.0,655,205,0,0,0,0,0.2,370,142,0,0,0.0,483,181,0,0,0.0,418,161,0.0,0.0,0,2555,0,17770,60,0.0,0.0,0.0,0.0,0.0,0.0,0.0,0.0,0.0,0.0,0.0,461,177,0.0,452,176,0.0,397,162,0.0,466,177,,,,6,,João Victor,de Souza Menezes,Souza,Has joined FC Porto on loan for the rest of the season,,0,0,0,0,0,0,0,0,0,0,0,0,0,,,,0.0,0.0,0.0,0.0,0.0,0,0,0
512,a,100.0,100.0,6.5,40,27,0,0,0,0,0.2,343,120,10,3,2.0,245,107,0,58,2.7,120,48,0.4,1.5,0,17240,720,12600,65,2.7,2.7,0.37,0.43,0.8,1.69,0.18,0.21,0.39,0.81,37.2,229,99,48.7,123,82,26.0,165,88,11.2,196,93,7.0,6.0,3.0,6,,Mohammed,Kudus,Kudus,,,188,0,1,1,3,0,0,0,0,0,0,1,19,,,,0.0,0.48,1.44,0.48,9.1,4,0,15
513,i,0.0,0.0,5.9,93,59,0,0,-1,1,0.0,595,248,0,0,0.0,659,292,0,0,0.0,651,289,0.0,0.0,0,388,5,1148,6,0.0,0.0,0.0,0.0,0.0,0.0,0.0,0.0,0.0,0.0,0.0,655,291,0.0,659,292,0.0,653,290,0.0,659,292,,2.0,4.0,6,,Xavi,Simons,Xavi,Knee injury - Unknown return date,,0,0,0,0,0,0,0,0,0,0,0,0,0,,,,0.0,0.0,0.0,0.0,0.0,0,0,0
514,a,,,5.7,117,75,0,0,-3,3,0.2,358,129,8,0,2.0,240,104,0,41,0.3,349,165,0.1,1.4,0,9366,34,49009,69,0.3,0.3,0.21,0.23,0.44,5.55,0.07,0.08,0.15,1.94,21.6,280,120,52.7,109,72,72.0,59,36,14.6,150,77,3.0,3.0,,6,,Mathys,Tel,Tel,,,257,0,0,1,4,0,0,0,0,0,0,3,13,,,,0.0,0.35,1.4,1.05,4.55,1,1,11
515,a,100.0,100.0,6.3,44,30,0,0,-2,2,0.4,272,88,4,1,1.0,404,193,0,21,1.0,246,116,0.2,0.6,0,6735,130,98134,78,1.0,1.0,0.06,0.04,0.1,1.03,0.08,0.05,0.13,1.38,21.8,277,117,14.5,247,131,19.0,198,109,5.6,280,126,5.0,5.0,,6,,James,Maddison,Maddison,,,67,0,0,0,2,0,0,0,0,0,0,0,11,,,,0.0,0.0,2.69,0.0,14.78,4,3,4
516,a,,,5.5,135,82,0,0,0,0,0.2,353,126,13,-2,2.2,225,99,0,63,1.7,188,85,0.3,2.4,0,5621,68,9569,52,1.7,1.7,0.02,0.12,0.14,5.7,0.0,0.03,0.03,1.35,77.4,117,38,39.3,159,101,8.0,272,140,12.6,176,86,,,,6,,Rodrigo,Bentancur,Bentancur,,,381,0,0,2,7,0,0,0,0,1,0,4,62,,,,0.0,0.47,1.65,0.94,14.65,15,23,24
517,i,0.0,0.0,5.5,161,102,0,0,0,0,0.0,658,291,0,0,0.0,652,287,0,0,0.0,638,281,0.0,0.0,0,162,1,123,1,0.0,0.0,0.0,0.0,0.0,0.0,0.0,0.0,0.0,0.0,0.0,645,284,0.0,651,286,0.0,640,281,0.0,650,285,,,,6,,Wilson,Odobert,Odobert,Knee injury - Unknown return date,,0,0,0,0,0,0,0,0,0,0,0,0,0,,,,0.0,0.0,0.0,0.0,0.0,0,0,0
518,u,0.0,0.0,4.9,370,219,0,0,-1,1,0.1,472,183,0,0,0.0,590,248,0,0,0.0,551,224,0.0,0.0,0,4138,0,24381,57,0.0,0.0,0.0,0.0,0.0,0.0,0.0,0.0,0.0,0.0,0.0,574,238,0.0,574,244,0.0,542,222,0.0,580,240,,,,6,,Pape Matar,Sarr,P.M.Sarr,Has joined Juventus on loan for the rest of the season,,0,0,0,0,0,0,0,0,0,0,0,0,0,,,,0.0,0.0,0.0,0.0,0.0,0,0,0
519,a,,,5.3,213,132,0,0,-2,2,0.2,342,119,12,3,3.0,151,63,0,64,3.0,99,37,0.6,2.3,0,5317,111,17906,47,3.0,3.0,0.84,0.15,0.99,3.0,0.37,0.07,0.44,1.3,48.6,199,85,12.2,263,136,36.0,135,73,9.6,216,101,,,,6,,Conor,Gallagher,Gallagher,,,207,1,0,1,3,0,0,0,2,0,0,3,31,,,,0.0,0.43,1.3,1.3,13.48,10,4,17
520,a,,,5.3,233,147,0,0,-2,2,0.1,378,136,6,3,1.5,278,125,0,17,1.7,185,83,0.3,1.1,0,1979,20,10016,24,1.7,1.7,0.12,0.29,0.41,2.44,0.08,0.18,0.26,1.54,11.0,320,143,10.8,272,139,11.0,249,129,2.9,325,152,,,,6,,Lucas,Bergvall,Bergvall,,,143,0,0,1,2,0,0,0,0,0,0,2,19,,,,0.0,0.63,1.26,1.26,11.96,5,4,10
521,i,0.0,0.0,6.5,38,26,0,0,0,0,0.0,612,258,0,0,0.0,664,297,0,0,0.0,660,296,0.0,0.0,0,493,6,781,3,0.0,0.0,0.0,0.0,0.0,0.0,0.0,0.0,0.0,0.0,0.0,663,297,0.0,664,297,0.0,662,297,0.0,664,297,,,,6,,Dejan,Kulusevski,Kulusevski,Knee injury - Unknown return date,,0,0,0,0,0,0,0,0,0,0,0,0,0,,,,0.0,0.0,0.0,0.0,0.0,0,0,0
522,a,,,4.9,385,230,0,0,-1,1,0.2,349,123,13,4,2.6,186,79,0,68,3.0,98,36,0.6,2.7,0,7279,68,14366,62,3.0,3.0,0.23,0.08,0.31,6.46,0.05,0.02,0.07,1.49,28.4,258,107,14.6,245,130,27.0,159,84,7.0,248,110,,,,6,,Archie,Gray,Gray,,,389,0,0,1,8,0,0,0,0,0,0,4,40,,,,0.0,0.23,1.85,0.93,9.25,8,14,18
523,u,0.0,0.0,5.0,301,182,0,0,0,0,0.0,499,196,3,0,1.5,275,122,0,11,0.0,591,251,0.0,0.6,0,3258,0,17676,22,0.0,0.0,0.4,0.02,0.42,3.26,0.4,0.02,0.42,3.3,14.2,301,130,6.3,292,147,56.0,83,49,7.5,243,108,,,,6,,Mikey,Moore,Moore,Has joined FC Köln on loan for the rest of the season,,89,0,0,0,4,0,0,0,0,0,0,1,3,,,,0.0,0.0,4.04,1.01,3.03,1,0,2
524,a,,,4.4,565,291,0,0,-1,1,0.9,182,58,0,0,0.0,497,209,0,0,0.0,441,177,0.0,0.0,0,56664,93,54216,449,0.0,0.0,0.0,0.0,0.0,0.0,0.0,0.0,0.0,0.0,0.0,477,198,0.0,469,204,0.0,419,176,0.0,482,199,,,,6,,Callum,Olusesi,Olusesi,,,0,0,0,0,0,0,0,0,0,0,0,0,0,,,,0.0,0.0,0.0,0.0,0.0,0,0,0
525,a,,,5.7,118,76,0,0,-3,3,0.7,212,66,7,0,1.4,285,127,0,50,1.3,217,101,0.2,1.2,0,14995,96,130942,248,1.3,1.3,0.19,0.28,0.47,4.43,0.07,0.1,0.17,1.6,24.2,271,114,92.6,46,39,34.0,142,75,14.6,151,78,4.0,,,6,,Mateus,Fernandes,Fernandes,,,249,0,0,1,4,0,0,0,1,0,0,3,21,,,,0.0,0.36,1.45,1.08,7.59,7,2,12
526,a,,,5.8,98,26,0,0,-2,2,0.8,201,33,9,2,1.5,280,32,0,23,2.0,164,16,0.3,1.6,0,32909,738,100041,262,2.0,2.0,0.96,0.04,1.0,2.92,0.34,0.01,0.35,1.04,8.4,336,33,17.5,227,26,37.0,134,25,6.1,268,29,,,1.0,6,,Dominic,Solanke-Mitchell,Solanke,,,252,0,0,1,2,0,0,0,0,0,0,3,13,,,,0.0,0.36,0.71,1.07,4.64,2,4,7
527,u,0.0,0.0,5.9,83,22,0,0,-1,1,0.6,236,37,2,0,2.0,242,25,0,6,0.0,647,73,0.0,0.3,0,21439,0,272978,283,0.0,0.0,0.0,0.0,0.0,3.02,0.0,0.0,0.0,4.06,0.0,652,74,2.2,329,43,0.0,650,75,0.2,402,46,,,,6,,Richarlison,de Andrade,Richarlison,not included in squad.,,67,0,0,0,3,0,0,0,0,0,0,1,1,,,,0.0,0.0,4.03,1.34,1.34,0,1,0
528,u,0.0,0.0,4.5,482,66,0,0,0,0,1.0,174,27,0,0,0.0,527,52,0,0,0.0,475,43,0.0,0.0,0,42525,0,116029,530,0.0,0.0,0.0,0.0,0.0,0.0,0.0,0.0,0.0,0.0,0.0,507,45,0.0,504,50,0.0,461,44,0.0,512,49,,,,6,,Dane,Scarlett,Scarlett,Has joined Leyton Orient permanently,,0,0,0,0,0,0,0,0,0,0,0,0,0,,,,0.0,0.0,0.0,0.0,0.0,0,0,0
578,i,0.0,0.0,5.3,222,139,0,0,-2,2,0.0,523,210,1,0,1.0,378,173,0,3,0.0,610,264,0.0,0.2,0,5465,3,7941,19,0.0,0.0,0.0,0.0,0.0,0.16,0.0,0.0,0.0,0.9,0.0,625,270,0.1,392,196,2.0,331,165,0.1,407,191,,,,6,,Mykhailo,Mudryk,Mudryk,Ankle injury - Unknown return date,,16,0,0,0,0,0,0,0,0,0,0,0,0,,,,0.0,0.0,0.0,0.0,0.0,0,0,0
601,a,,,4.5,519,271,0,0,0,0,0.1,388,140,0,0,0.0,555,226,0,0,0.0,504,195,0.0,0.0,0,10413,29,7385,42,0.0,0.0,0.0,0.0,0.0,0.0,0.0,0.0,0.0,0.0,0.0,537,215,0.0,533,221,0.0,491,193,0.0,542,216,,,,6,,Luca,Williams-Barnett,Williams-Barnett,,,0,0,0,0,0,0,0,0,0,0,0,0,0,,,,0.0,0.0,0.0,0.0,0.0,0,0,0
501,a,,,5.0,245,36,0,0,0,0,0.2,351,132,4,1,1.0,362,137,0,11,0.7,265,95,0.1,0.8,0,7731,82,10436,62,0.7,0.7,0.2,0.2,0.4,7.03,0.05,0.05,0.1,1.76,55.2,176,74,32.9,176,55,21.0,183,57,11.0,198,71,,,,6,,Kevin,Danso,Danso,,,360,0,0,0,10,0,0,0,0,0,0,4,25,,,,0.0,0.0,2.5,1.0,6.25,2,23,15
529,a,,,4.9,374,20,0,0,-1,1,2.3,117,18,12,1,2.0,234,20,0,49,1.0,231,20,0.2,2.4,0,23785,94,195278,570,1.0,1.0,0.0,0.01,0.01,9.78,0.0,0.0,0.0,1.63,73.4,124,20,0.0,576,62,0.0,544,60,7.3,245,20,,,,6,,Robin,Roefs,Roefs,,,540,0,0,1,12,0,0,0,0,0,8,6,0,,,,1.33,0.17,2.0,1.0,0.0,0,8,44
530,u,0.0,0.0,4.0,613,63,0,0,0,0,0.1,396,45,0,0,0.0,452,39,0,0,0.0,382,36,0.0,0.0,0,0,0,6280,20,0.0,0.0,0.0,0.0,0.0,0.0,0.0,0.0,0.0,0.0,0.0,429,39,0.0,420,20,0.0,364,15,0.0,434,39,,,,6,,Anthony,Patterson,Patterson,Has joined Wrexham permanently,,0,0,0,0,0,0,0,0,0,0,0,0,0,,,,0.0,0.0,0.0,0.0,0.0,0,0,0
531,a,,,4.4,566,46,0,0,-1,1,0.1,446,51,0,0,0.0,498,52,0,0,0.0,442,49,0.0,0.0,0,1335,19,3572,13,0.0,0.0,0.0,0.0,0.0,0.0,0.0,0.0,0.0,0.0,0.0,478,52,0.0,470,34,0.0,420,29,0.0,483,52,,,,6,,Melker,Ellborg,Ellborg,,,0,0,0,0,0,0,0,0,0,0,0,0,0,,,,0.0,0.0,0.0,0.0,0.0,0,0,0
532,i,0.0,0.0,4.9,352,62,0,0,-1,1,1.8,131,51,14,0,2.8,169,70,0,31,0.7,261,93,0.1,2.9,0,45682,3,389363,4227,0.0,0.0,0.31,0.16,0.47,8.66,0.06,0.03,0.09,1.73,104.2,72,33,23.8,203,67,35.0,139,39,16.3,119,40,,,,6,,Daniel,Ballard,Ballard,Hamstring injury - Unknown return date,,450,0,0,1,10,0,0,0,2,0,0,5,49,,,,0.0,0.2,2.0,1.0,9.8,10,39,12
533,a,100.0,100.0,5.4,173,19,0,0,-1,1,1.8,132,52,16,3,3.2,137,57,1,59,1.0,238,83,0.2,3.0,0,49927,270,140862,745,1.0,1.0,0.81,0.33,1.14,7.98,0.16,0.07,0.23,1.6,115.6,51,22,48.4,124,32,59.0,73,10,22.3,68,13,,,,6,,Nordi,Mukiele,Mukiele,,,450,0,0,1,10,0,0,0,1,0,0,5,58,,,,0.0,0.2,2.0,1.0,11.6,16,42,26
534,a,,,4.3,581,156,0,0,-2,2,2.4,116,45,11,1,2.2,212,84,0,52,0.7,252,87,0.2,2.6,0,39047,87,446202,1340,0.7,0.7,0.14,0.32,0.46,5.69,0.04,0.1,0.14,1.73,32.2,246,101,59.0,96,21,23.0,173,51,11.5,189,67,3.0,,,6,,Trai,Hume,Hume,,,296,0,0,1,4,0,0,0,0,0,0,3,20,,,,0.0,0.3,1.22,0.91,6.08,13,7,15
535,a,100.0,100.0,4.8,404,75,0,0,-2,2,0.2,320,120,1,0,1.0,339,131,0,2,0.0,521,198,0.0,0.2,0,5385,14,28681,87,0.0,0.0,0.0,0.01,0.01,0.1,0.0,0.04,0.04,0.39,0.0,554,204,0.6,367,136,0.0,512,198,0.0,559,204,,,,6,,Omar,Alderete,Alderete,,,23,0,0,0,1,0,0,0,0,0,0,0,0,,,,0.0,0.0,3.91,0.0,0.0,0,0,2
536,a,100.0,100.0,4.4,555,144,0,0,-1,1,0.2,308,115,9,2,1.8,248,93,0,51,0.0,435,172,0.0,2.0,0,4451,16,25951,85,0.0,0.0,0.0,0.33,0.33,5.89,0.0,0.07,0.07,1.23,53.8,178,75,36.4,166,46,6.0,283,100,9.5,217,77,,,,6,,Reinildo,Mandava,Reinildo,,,432,0,0,1,6,0,0,0,0,1,0,5,36,,,,0.0,0.21,1.25,1.04,7.5,10,26,21
537,u,0.0,0.0,4.5,491,121,0,0,0,0,0.0,636,213,0,0,0.0,534,197,0,0,0.0,482,187,0.0,0.0,0,61,0,686,3,0.0,0.0,0.0,0.0,0.0,0.0,0.0,0.0,0.0,0.0,0.0,515,196,0.0,512,195,0.0,469,188,0.0,520,196,,,,6,,Jenson,Seelt,Seelt,Has joined Swansea City on loan for the rest of the season,,0,0,0,0,0,0,0,0,0,0,0,0,0,,,,0.0,0.0,0.0,0.0,0.0,0,0,0
538,u,0.0,0.0,4.0,625,180,0,0,0,0,0.0,530,185,0,0,0.0,460,163,0,0,0.0,392,140,0.0,0.0,0,0,0,2655,16,0.0,0.0,0.0,0.0,0.0,0.0,0.0,0.0,0.0,0.0,0.0,437,158,0.0,428,157,0.0,372,142,0.0,442,158,,,,6,,Leo Fuhr,Hjelde,Hjelde,Has joined KV Mechelen on loan for the rest of the season,,0,0,0,0,0,0,0,0,0,0,0,0,0,,,,0.0,0.0,0.0,0.0,0.0,0,0,0
539,a,,,3.9,661,211,0,0,-1,1,2.5,111,43,1,0,1.0,306,107,0,1,0.0,356,124,0.0,0.3,0,49573,1282,138258,694,0.0,0.0,0.01,0.01,0.02,1.69,0.01,0.01,0.02,2.3,11.4,316,120,1.4,345,124,4.0,300,105,1.7,355,124,,,,6,,Luke,O'Nien,O'Nien,,,66,0,0,0,1,0,0,0,1,0,0,1,5,,,,0.0,0.0,1.36,1.36,6.82,1,4,4
540,u,0.0,0.0,4.0,596,163,0,0,0,0,0.1,385,145,0,0,0.0,443,158,0,0,0.0,371,131,0.0,0.0,0,0,0,11979,40,0.0,0.0,0.0,0.0,0.0,0.0,0.0,0.0,0.0,0.0,0.0,420,153,0.0,408,149,0.0,352,134,0.0,424,152,,,,6,,Arthur,Masuaku,Masuaku,Has joined Konyaspor permanently,,0,0,0,0,0,0,0,0,0,0,0,0,0,,,,0.0,0.0,0.0,0.0,0.0,0,0,0
541,d,75.0,100.0,4.5,434,86,0,0,0,0,0.3,297,109,15,1,2.5,191,76,0,42,2.0,149,57,0.4,3.3,0,9351,64,11081,119,1.5,2.0,0.49,0.58,1.07,6.32,0.1,0.12,0.22,1.33,70.2,132,58,41.4,151,40,43.0,110,25,15.6,127,42,,,,6,,Thomas,Meunier,Meunier,Groin injury - 75% chance of playing,,429,0,1,1,8,0,0,0,0,0,0,6,20,,,,0.0,0.21,1.68,1.26,4.2,4,16,16
542,a,,,5.7,115,73,0,0,-3,3,3.2,103,34,20,2,3.3,127,48,1,104,2.3,142,60,0.4,3.5,0,60921,676,688207,1195,2.3,2.3,2.08,1.59,3.67,9.39,0.36,0.28,0.64,1.63,88.6,101,29,137.3,22,21,82.0,45,27,31.0,30,21,1.0,3.0,2.0,6,,Enzo,Le Fée,E.Le Fée,,,518,1,1,1,10,0,0,1,0,0,0,6,25,,,,0.0,0.17,1.74,1.04,4.34,7,3,15
543,i,0.0,0.0,5.3,230,144,0,0,-2,2,0.0,562,232,5,0,2.5,194,82,0,18,0.0,612,265,0.0,0.9,0,566,3,6095,5,0.0,0.0,0.03,0.16,0.19,0.12,0.1,0.51,0.61,0.39,15.6,297,127,10.9,271,138,2.0,332,166,2.9,324,151,,,1.0,6,,Habib,Diarra,Diarra,Hamstring injury - Expected back 18 Oct,,28,0,1,0,1,0,0,0,0,0,0,0,0,,,,0.0,0.0,3.21,0.0,0.0,0,0,0
544,a,,,5.5,126,80,0,0,0,0,3.4,99,32,23,2,3.8,101,39,5,132,1.7,186,84,0.3,4.2,0,136645,534,234888,2086,1.7,1.7,0.14,1.39,1.53,9.78,0.02,0.23,0.25,1.63,93.6,89,26,191.1,5,5,3.0,315,159,28.8,37,27,2.0,2.0,,6,,Granit,Xhaka,Xhaka,,,540,0,1,1,12,0,0,0,2,0,0,6,62,,,,0.0,0.17,2.0,1.0,10.33,11,14,37
545,a,,,4.9,391,236,0,0,-1,1,0.2,327,115,13,3,2.2,219,94,1,100,2.3,130,51,0.5,2.7,0,6162,52,20000,95,2.3,2.3,0.44,0.28,0.72,7.59,0.08,0.05,0.13,1.37,52.8,183,73,59.5,94,66,81.0,46,28,19.2,96,52,,,,6,,Noah,Sadiki,Sadiki,,,500,0,0,1,11,0,0,0,1,0,0,6,37,,,,0.0,0.18,1.98,1.08,6.66,8,12,17
546,u,0.0,0.0,4.9,382,227,0,0,-1,1,0.0,563,233,0,0,0.0,593,250,0,0,0.0,558,230,0.0,0.0,0,240,0,7642,16,0.0,0.0,0.0,0.0,0.0,0.0,0.0,0.0,0.0,0.0,0.0,578,241,0.0,579,247,0.0,548,226,0.0,584,243,,,,6,,Simon,Adingra,Adingra,Has joined Ajax on loan for the rest of the season,,0,0,0,0,0,0,0,0,0,0,0,0,0,,,,0.0,0.0,0.0,0.0,0.0,0,0,0
547,i,0.0,0.0,4.8,413,251,0,0,-2,2,0.0,638,274,1,0,1.0,341,148,0,2,0.0,527,210,0.0,0.2,0,207,0,709,2,0.0,0.0,0.17,0.0,0.17,0.09,15.3,0.0,15.3,8.1,8.0,340,158,0.1,391,195,17.0,208,114,2.5,336,157,,,,6,,Romaine,Mundle,Mundle,Knee injury - Unknown return date,,1,0,0,0,0,0,0,0,0,0,0,0,1,,,,0.0,0.0,0.0,0.0,90.0,0,1,0
548,a,,,4.9,387,232,0,0,-1,1,0.0,509,202,2,0,1.0,356,159,0,6,0.0,562,234,0.0,0.4,0,503,4,3078,18,0.0,0.0,0.0,0.0,0.0,0.44,0.0,0.0,0.0,2.33,0.0,582,245,0.3,380,189,0.0,552,230,0.0,588,247,,,,6,,Chris,Rigg,Rigg,,,17,0,0,0,1,0,0,0,0,0,0,0,1,,,,0.0,0.0,5.29,0.0,5.29,0,0,1
549,a,,,5.3,231,145,0,0,-2,2,0.1,389,141,1,0,1.0,381,176,0,1,0.0,613,266,0.0,0.2,0,1419,8,12300,23,0.0,0.0,0.0,0.0,0.0,0.14,0.0,0.0,0.0,0.41,0.0,627,272,0.9,360,179,0.0,616,266,0.0,632,273,,,,6,,Chemsdine,Talbi,Talbi,,,31,0,0,0,1,0,0,0,0,0,0,0,2,,,,0.0,0.0,2.9,0.0,5.81,0,0,2
550,a,,,4.9,397,241,0,0,-1,1,0.0,630,268,1,1,1.0,361,164,0,4,0.3,320,147,0.1,0.2,0,352,3,471,1,0.3,0.3,0.0,0.03,0.03,0.28,0.0,0.16,0.16,1.48,0.0,586,248,0.0,586,253,0.0,561,238,0.0,592,250,,,,6,,Djiamgone Jocelin Ta,Bi,Jocelin.T,,,17,0,0,0,1,0,0,0,0,0,0,0,0,,,,0.0,0.0,5.29,0.0,0.0,0,0,0
612,a,100.0,100.0,4.5,528,133,0,0,0,0,0.0,613,208,0,1,0.0,561,203,0,-7,0.0,511,195,0.0,0.0,0,974,6,531,2,0.0,0.0,0.03,0.01,0.04,3.1,0.03,0.01,0.04,2.61,8.0,339,125,2.0,333,119,2.0,322,122,1.2,372,132,,,,6,,Dayann,Méthalie,Methalie,,,107,0,0,0,6,0,0,0,1,0,0,1,5,,,,0.0,0.0,5.05,0.84,4.21,1,4,6
613,a,,,4.5,535,281,0,0,0,0,0.2,316,110,0,0,0.0,567,235,0,0,0.0,517,204,0.0,0.0,0,25854,80,15261,105,0.0,0.0,0.0,0.0,0.0,0.0,0.0,0.0,0.0,0.0,0.0,549,224,0.0,545,230,0.0,506,203,0.0,554,225,,,,6,,Jules,Ahoka,Ahoka,,,0,0,0,0,0,0,0,0,0,0,0,0,0,,,,0.0,0.0,0.0,0.0,0.0,0,0,0
646,a,,,5.5,159,100,0,0,0,0,0.0,534,216,4,1,1.0,394,185,0,21,1.0,242,113,0.2,0.7,0,4291,29,1945,21,1.0,1.0,0.41,0.02,0.43,3.99,0.32,0.02,0.34,3.1,12.4,310,137,2.1,332,167,44.0,108,62,5.8,277,124,,,,6,,Malick,Fofana,Fofana,,,116,0,0,0,4,0,0,0,0,0,0,0,9,,,,0.0,0.0,3.1,0.0,6.98,2,2,5
651,a,,,4.5,532,79,0,0,0,0,0.8,205,34,1,1,1.0,337,37,0,3,0.3,310,37,0.1,0.2,0,100415,941,35284,471,0.3,0.3,0.0,0.0,0.0,0.19,0.0,0.0,0.0,1.9,0.0,546,58,0.0,542,62,0.0,503,57,0.0,551,62,,,,6,,Juan,Angulo,J.Angulo,,,9,0,0,0,1,0,0,0,0,0,0,0,0,,,,0.0,0.0,10.0,0.0,0.0,0,0,0
