id,first_name,second_name,web_name,status,news,news_added,now_cost,now_cost_rank,now_cost_rank_type,selected_by_percent,selected_rank,selected_rank_type,form,form_rank,form_rank_type,event_points,cost_change_event,cost_change_event_fall,cost_change_start,cost_change_start_fall,transfers_in_event,transfers_out_event,value_form,value_season,ep_next,ep_this,points_per_game,points_per_game_rank,points_per_game_rank_type,chance_of_playing_next_round,chance_of_playing_this_round,influence_rank,influence_rank_type,creativity_rank,creativity_rank_type,threat_rank,threat_rank_type,ict_index_rank,ict_index_rank_type,corners_and_indirect_freekicks_order,direct_freekicks_order,penalties_order,set_piece_threat,corners_and_indirect_freekicks_text,direct_freekicks_text,penalties_text,expected_goals_per_90,expected_assists_per_90,expected_goal_involvements_per_90,expected_goals_conceded_per_90,saves_per_90,clean_sheets_per_90,goals_conceded_per_90,starts_per_90,defensive_contribution_per_90,gw,total_points,minutes,goals_scored,assists,clean_sheets,goals_conceded,own_goals,penalties_saved,penalties_missed,yellow_cards,red_cards,saves,starts,bonus,bps,transfers_in,transfers_out,dreamteam_count,expected_goals,expected_assists,expected_goal_involvements,expected_goals_conceded,influence,creativity,threat,ict_index,tackles,clearances_blocks_interceptions,recoveries,defensive_contribution
10,Benjamin,White,White,a,,,5.5,134,15,7.7,56,22,6.3,27,13,1,0,0,0,0,32599,20436,1.1,3.5,6.3,6.3,6.3,29,14,100.0,100.0,59,22,35,7,124,39,56,12,,,,,,,,0.07,0.11,0.18,0.26,0.0,0.8,0.4,1.19,4.78,3,1,45.0,0.0,0.0,0.0,1.0,0.0,0.0,0.0,0.0,0.0,0.0,1.0,0.0,4.0,33865.0,22605.0,0.0,0.0,0.020000000000000018,0.020000000000000018,0.12,0.0,0.0,0.0,0.0,1.0,2.0,3.0,3.0
32,Matty,Cash,Cash,a,,,4.5,457,99,6.9,59,24,2.3,148,60,6,0,0,0,0,6630,10883,0.5,1.6,2.3,2.3,2.3,165,65,,,149,67,230,73,165,57,206,80,1.0,,,,,,,0.05,0.01,0.06,1.8,0.0,0.36,1.79,1.08,5.02,3,6,84.0,0.0,0.0,1.0,0.0,0.0,0.0,0.0,0.0,0.0,0.0,1.0,0.0,23.0,7018.0,11425.0,0.0,0.0,0.03,0.03,0.22000000000000064,0.0,0.0,0.0,0.0,0.0,1.0,1.0,1.0
7,Myles,Lewis-Skelly,Lewis-Skelly,a,,,5.5,175,107,0.7,227,74,2.3,162,70,1,0,0,0,0,2036,1931,0.4,1.3,2.3,2.3,2.3,178,76,,,171,64,99,61,133,68,146,71,,,,,,,,0.07,0.1,0.17,0.28,0.0,0.87,0.44,1.31,6.12,3,1,45.0,0.0,0.0,0.0,1.0,0.0,0.0,0.0,0.0,0.0,0.0,1.0,0.0,0.0,2081.0,2033.0,0.0,0.03,0.09,0.12,0.12,0.0,0.0,0.0,0.0,0.0,0.0,2.0,2.0
618,Leon,Goretzka,Goretzka,a,,,6.0,60,42,0.1,496,200,0.0,637,279,0,0,0,0,0,450,407,0.0,0.0,0.0,0.0,0.0,637,279,,,633,278,633,278,628,274,634,278,,,,,,,,0.0,0.0,0.0,0.0,0.0,0.0,0.0,0.0,0.0,3,0,0.0,0.0,0.0,0.0,0.0,0.0,0.0,0.0,0.0,0.0,0.0,0.0,0.0,0.0,471.0,410.0,0.0,0.0,0.0,0.0,0.0,0.0,0.0,0.0,0.0,0.0,0.0,0.0,0.0
1,David,Raya Martín,Raya,a,,,6.0,61,1,38.6,6,1,4.3,68,3,1,0,0,0,0,47342,31967,0.7,2.2,4.3,4.3,4.3,73,4,,,194,20,634,71,629,71,267,20,,,,,,,,0.0,0.0,0.0,0.26,1.19,0.8,0.4,1.19,0.0,3,1,45.0,0.0,0.0,0.0,1.0,0.0,0.0,0.0,0.0,0.0,2.0,1.0,0.0,4.0,50738.0,34574.0,0.0,0.0,0.0,0.0,0.12,0.0,0.0,0.0,0.0,0.0,0.0,4.0,0.0
8,Riccardo,Calafiori,Calafiori,a,,,5.7,117,11,46.4,4,1,7.0,17,9,1,0,0,2,-2,103936,12412,1.2,3.7,7.0,7.0,7.0,18,9,,,69,28,110,34,126,40,89,28,,,,,,,,0.25,0.24,0.49,0.21,0.0,0.83,0.42,1.25,3.75,3,1,45.0,0.0,0.0,0.0,1.0,0.0,0.0,0.0,0.0,0.0,0.0,1.0,0.0,-3.0,107891.0,14126.0,0.0,0.43999999999999995,0.029999999999999916,0.47,0.12,0.0,0.0,0.0,0.0,1.0,0.0,0.0,1.0
9,Piero,Hincapié,Hincapie,a,,,5.3,236,34,1.1,179,70,0.3,365,132,0,-1,1,-2,2,1172,4638,0.1,0.2,0.3,0.3,1.0,327,126,,,333,124,310,116,559,205,346,123,,,,,,,,0.0,0.0,0.0,1.5,0.0,0.0,0.0,0.0,0.0,3,0,0.0,0.0,0.0,0.0,0.0,0.0,0.0,0.0,0.0,0.0,0.0,0.0,0.0,0.0,1186.0,4865.0,0.0,0.0,0.0,0.0,0.0,0.0,0.0,0.0,0.0,0.0,0.0,0.0,0.0
4,Gabriel,dos Santos Magalhães,Gabriel,a,,,8.0,7,1,25.4,10,2,4.7,57,22,1,0,0,0,0,11344,45952,0.6,1.8,4.7,4.7,4.7,62,24,,,154,69,210,67,182,61,207,81,,,,,,,,0.2,0.02,0.22,0.26,0.0,0.8,0.4,1.19,6.77,3,1,45.0,0.0,0.0,0.0,1.0,0.0,0.0,0.0,0.0,0.0,0.0,1.0,0.0,1.0,11641.0,49619.0,0.0,0.31,0.010000000000000002,0.32000000000000006,0.12,0.0,0.0,0.0,0.0,0.0,3.0,2.0,3.0
11,Cristhian,Mosquera,Mosquera,d,Unspecified injury - 75% chance of playing,,5.5,176,23,4.1,86,33,4.0,79,33,0,0,0,0,0,388,31776,0.7,2.2,3.0,3.0,6.0,38,17,75.0,75.0,157,71,250,85,607,211,227,88,,,,,,,,0.0,0.01,0.01,0.28,0.0,1.07,0.0,1.07,5.36,3,0,0.0,0.0,0.0,0.0,0.0,0.0,0.0,0.0,0.0,0.0,0.0,0.0,0.0,0.0,396.0,34945.0,0.0,0.0,0.0,0.0,0.0,0.0,0.0,0.0,0.0,0.0,0.0,0.0,0.0
12,Bukayo,Saka,Saka,a,,,9.5,4,3,11.2,36,12,7.0,22,9,1,0,0,0,0,47925,15474,0.7,2.2,7.0,7.0,7.0,23,10,,,6,5,66,45,10,6,7,6,2.0,2.0,1.0,,,,,0.59,0.07,0.66,0.23,0.0,0.89,0.44,1.33,8.87,3,1,45.0,0.0,0.0,0.0,1.0,0.0,0.0,0.0,0.0,0.0,0.0,1.0,0.0,6.0,51394.0,17073.0,0.0,0.06000000000000005,0.03,0.09000000000000008,0.12,0.0,0.0,0.0,0.0,1.0,0.0,1.0,2.0
2,Kepa,Arrizabalaga Revuelta,Arrizabalaga,a,,,4.9,380,18,0.1,461,52,0.0,528,65,0,-1,1,-1,1,115,211,0.0,0.0,0.0,0.0,0.0,528,65,,,492,65,493,52,438,51,501,65,,,,,,,,0.0,0.0,0.0,0.0,0.0,0.0,0.0,0.0,0.0,3,0,0.0,0.0,0.0,0.0,0.0,0.0,0.0,0.0,0.0,0.0,0.0,0.0,0.0,0.0,117.0,218.0,0.0,0.0,0.0,0.0,0.0,0.0,0.0,0.0,0.0,0.0,0.0,0.0,0.0
382,Jayden,Danns,Danns,a,,,4.5,514,67,0.1,437,63,0.0,481,47,0,0,0,0,0,2279,572,0.0,0.0,0.0,0.0,0.0,481,47,100.0,100.0,442,37,444,43,386,39,452,42,,,,,,,,0.0,0.0,0.0,0.0,0.0,0.0,0.0,0.0,0.0,3,0,0.0,0.0,0.0,0.0,0.0,0.0,0.0,0.0,0.0,0.0,0.0,0.0,0.0,0.0,2345.0,579.0,0.0,0.0,0.0,0.0,0.0,0.0,0.0,0.0,0.0,0.0,0.0,0.0,0.0
325,Karl,Darlow,Darlow,a,,,4.5,425,23,0.0,511,57,0.0,443,46,0,0,0,0,0,93,90,0.0,0.0,0.0,0.0,0.0,443,46,100.0,100.0,399,46,391,25,323,24,409,46,,,,,,,,0.0,0.0,0.0,0.0,0.0,0.0,0.0,0.0,0.0,3,0,0.0,0.0,0.0,0.0,0.0,0.0,0.0,0.0,0.0,0.0,0.0,0.0,0.0,0.0,93.0,93.0,0.0,0.0,0.0,0.0,0.0,0.0,0.0,0.0,0.0,0.0,0.0,0.0,0.0
5,Jurriën,Timber,J.Timber,d,Groin injury - 25% chance of playing,,6.5,40,3,0.1,451,160,0.0,647,214,0,0,0,0,0,234,422,0.0,0.0,0.0,0.0,0.0,647,214,25.0,25.0,646,214,646,214,645,214,646,214,,,,,,,,0.0,0.0,0.0,0.0,0.0,0.0,0.0,0.0,0.0,3,0,0.0,0.0,0.0,0.0,0.0,0.0,0.0,0.0,0.0,0.0,0.0,0.0,0.0,0.0,237.0,430.0,0.0,0.0,0.0,0.0,0.0,0.0,0.0,0.0,0.0,0.0,0.0,0.0,0.0
3,Illan,Meslier,Meslier,a,,,4.9,395,20,0.0,536,60,0.0,535,66,0,-1,1,-1,1,51,90,0.0,0.0,0.0,0.0,0.0,535,66,,,501,66,502,54,450,53,511,66,,,,,,,,0.0,0.0,0.0,0.0,0.0,0.0,0.0,0.0,0.0,3,0,0.0,0.0,0.0,0.0,0.0,0.0,0.0,0.0,0.0,0.0,0.0,0.0,0.0,0.0,53.0,92.0,0.0,0.0,0.0,0.0,0.0,0.0,0.0,0.0,0.0,0.0,0.0,0.0,0.0
6,William,Saliba,Saliba,i,Back injury - Unknown return date,,6.0,74,8,0.2,325,118,0.0,639,213,0,0,0,0,0,299,1138,0.0,0.0,0.0,0.0,0.0,639,213,0.0,0.0,635,213,636,213,631,213,636,213,,,,,,,,0.0,0.0,0.0,0.0,0.0,0.0,0.0,0.0,0.0,3,0,0.0,0.0,0.0,0.0,0.0,0.0,0.0,0.0,0.0,0.0,0.0,0.0,0.0,0.0,301.0,1151.0,0.0,0.0,0.0,0.0,0.0,0.0,0.0,0.0,0.0,0.0,0.0,0.0,0.0
601,Luca,Williams-Barnett,Williams-Barnett,a,,,4.5,554,283,0.1,393,146,0.0,514,202,0,0,0,0,0,808,475,0.0,0.0,0.0,0.0,0.0,514,202,,,477,180,478,189,422,147,487,185,,,,,,,,0.0,0.0,0.0,0.0,0.0,0.0,0.0,0.0,0.0,3,0,0.0,0.0,0.0,0.0,0.0,0.0,0.0,0.0,0.0,0.0,0.0,0.0,0.0,0.0,827.0,481.0,0.0,0.0,0.0,0.0,0.0,0.0,0.0,0.0,0.0,0.0,0.0,0.0,0.0
13,Declan,Rice,Rice,a,,,7.4,19,11,14.0,29,11,4.3,71,34,5,-1,1,-1,1,5849,31075,0.6,1.8,4.3,4.3,4.3,76,35,,,134,49,67,46,246,120,128,64,1.0,1.0,,,,,,0.03,0.1,0.13,0.23,0.0,0.91,0.46,1.37,9.14,3,5,45.0,0.0,1.0,0.0,1.0,0.0,0.0,0.0,0.0,0.0,0.0,1.0,1.0,18.0,5957.0,32883.0,0.0,0.0,0.04000000000000001,0.03999999999999998,0.12,0.0,0.0,0.0,0.0,0.0,1.0,1.0,2.0
14,Eberechi,Eze,Eze,a,,,6.4,51,35,1.4,154,48,0.7,328,151,0,0,0,-1,1,1560,5224,0.1,0.3,0.7,0.7,1.0,365,171,,,316,142,220,120,215,104,307,140,,3.0,,,,,,0.06,0.11,0.17,0.59,0.0,0.0,0.0,0.0,7.63,3,0,0.0,0.0,0.0,0.0,0.0,0.0,0.0,0.0,0.0,0.0,0.0,0.0,0.0,0.0,1628.0,5456.0,0.0,0.0,0.0,0.0,0.0,0.0,0.0,0.0,0.0,0.0,0.0,0.0,0.0
15,Martin,Ødegaard,Ødegaard,a,,,6.6,32,21,11.1,37,13,5.0,51,25,1,0,0,1,-1,24483,24235,0.8,2.3,5.0,5.0,5.0,56,26,,,37,17,33,27,53,31,29,23,4.0,4.0,3.0,,,,,0.19,0.43,0.62,0.24,0.0,0.94,0.47,1.41,6.6,3,1,45.0,0.0,0.0,0.0,1.0,0.0,0.0,0.0,0.0,0.0,0.0,1.0,0.0,13.0,25262.0,25925.0,0.0,0.11000000000000004,0.74,0.8500000000000001,0.12,0.0,0.0,0.0,0.0,0.0,0.0,1.0,1.0
16,Noni,Madueke,Madueke,a,,,6.3,55,39,0.2,318,113,0.3,381,178,0,0,0,-2,2,625,960,0.0,0.2,0.3,0.3,1.0,363,169,,,237,99,44,35,639,280,163,77,6.0,,,,,,,0.0,0.16,0.16,0.61,0.0,0.0,0.0,0.0,8.18,3,0,0.0,0.0,0.0,0.0,0.0,0.0,0.0,0.0,0.0,0.0,0.0,0.0,0.0,0.0,629.0,1006.0,0.0,0.0,0.0,0.0,0.0,0.0,0.0,0.0,0.0,0.0,0.0,0.0,0.0
17,Mikel,Merino Zazón,Merino,a,,,5.9,91,59,0.5,253,84,0.7,324,149,0,0,0,-1,1,655,2314,0.1,0.3,0.7,0.7,1.0,354,163,,,258,115,241,128,121,61,244,109,,,,,,,,0.38,0.05,0.43,0.41,0.0,0.0,0.0,0.0,16.36,3,0,0.0,0.0,0.0,0.0,0.0,0.0,0.0,0.0,0.0,0.0,0.0,0.0,0.0,0.0,668.0,2361.0,0.0,0.0,0.0,0.0,0.0,0.0,0.0,0.0,0.0,0.0,0.0,0.0,0.0
18,Gabriel,Martinelli Silva,Martinelli,u,Has joined Al Hilal permanently,,6.3,56,40,0.1,404,154,0.0,644,285,0,0,0,-2,2,0,2803,0.0,0.0,0.0,0.0,0.0,644,285,0.0,0.0,643,284,643,284,640,281,643,284,,,,,,,,0.0,0.0,0.0,0.0,0.0,0.0,0.0,0.0,0.0,3,0,0.0,0.0,0.0,0.0,0.0,0.0,0.0,0.0,0.0,0.0,0.0,0.0,0.0,0.0,0.0,2850.0,0.0,0.0,0.0,0.0,0.0,0.0,0.0,0.0,0.0,0.0,0.0,0.0,0.0
19,Martín,Zubimendi Ibáñez,Zubimendi,a,,,5.4,221,137,0.8,220,72,0.7,316,145,0,0,0,-1,1,599,2638,0.1,0.4,0.7,0.7,1.0,333,150,,,241,101,226,123,575,237,288,129,,,,,,,,0.0,0.07,0.07,0.5,0.0,0.0,0.0,0.0,16.67,3,0,0.0,0.0,0.0,0.0,0.0,0.0,0.0,0.0,0.0,0.0,0.0,0.0,0.0,0.0,604.0,2760.0,0.0,0.0,0.0,0.0,0.0,0.0,0.0,0.0,0.0,0.0,0.0,0.0,0.0
20,Max,Dowman,Dowman,a,,,5.4,234,148,0.1,471,185,0.0,616,265,0,0,0,-1,1,165,354,0.0,0.0,0.0,0.0,0.0,616,265,,,601,258,603,259,583,244,607,259,,,,,,,,0.0,0.0,0.0,0.0,0.0,0.0,0.0,0.0,0.0,3,0,0.0,0.0,0.0,0.0,0.0,0.0,0.0,0.0,0.0,0.0,0.0,0.0,0.0,0.0,166.0,368.0,0.0,0.0,0.0,0.0,0.0,0.0,0.0,0.0,0.0,0.0,0.0,0.0,0.0
22,Ethan,Nwaneri,Nwaneri,u,Has joined Borussia Dortmund on loan for the rest of the season,,5.4,225,140,0.0,605,256,0.0,614,263,0,0,0,-1,1,0,149,0.0,0.0,0.0,0.0,0.0,614,263,0.0,0.0,595,253,600,257,578,240,602,255,,,,,,,,0.0,0.0,0.0,0.0,0.0,0.0,0.0,0.0,0.0,3,0,0.0,0.0,0.0,0.0,0.0,0.0,0.0,0.0,0.0,0.0,0.0,0.0,0.0,0.0,0.0,156.0,0.0,0.0,0.0,0.0,0.0,0.0,0.0,0.0,0.0,0.0,0.0,0.0,0.0
23,Fábio,Ferreira Vieira,Fábio Vieira,u,Has joined Hamburger SV permanently,,5.5,155,93,0.0,610,259,0.0,623,269,0,0,0,0,0,0,113,0.0,0.0,0.0,0.0,0.0,623,269,0.0,0.0,611,263,615,264,601,254,616,264,,,,,,,,0.0,0.0,0.0,0.0,0.0,0.0,0.0,0.0,0.0,3,0,0.0,0.0,0.0,0.0,0.0,0.0,0.0,0.0,0.0,0.0,0.0,0.0,0.0,0.0,0.0,115.0,0.0,0.0,0.0,0.0,0.0,0.0,0.0,0.0,0.0,0.0,0.0,0.0,0.0
24,Reiss,Nelson,Nelson,u,has departed the club as a free agent.,,5.5,136,83,0.0,619,265,0.0,620,266,0,0,0,0,0,0,38,0.0,0.0,0.0,0.0,0.0,620,266,0.0,0.0,606,259,609,260,592,247,611,260,,,,,,,,0.0,0.0,0.0,0.0,0.0,0.0,0.0,0.0,0.0,3,0,0.0,0.0,0.0,0.0,0.0,0.0,0.0,0.0,0.0,0.0,0.0,0.0,0.0,0.0,0.0,40.0,0.0,0.0,0.0,0.0,0.0,0.0,0.0,0.0,0.0,0.0,0.0,0.0,0.0
25,Viktor,Gyökeres,Gyökeres,a,,,7.3,23,8,4.4,82,12,0.0,648,76,0,0,0,-2,2,2410,19726,0.0,0.0,0.0,0.0,0.0,648,76,,,648,76,648,76,648,76,648,76,,,2.0,,,,,0.0,0.0,0.0,0.0,0.0,0.0,0.0,0.0,0.0,3,0,0.0,0.0,0.0,0.0,0.0,0.0,0.0,0.0,0.0,0.0,0.0,0.0,0.0,0.0,2445.0,21255.0,0.0,0.0,0.0,0.0,0.0,0.0,0.0,0.0,0.0,0.0,0.0,0.0,0.0
26,Kai,Havertz,Havertz,a,,,7.5,16,6,6.8,61,8,5.3,44,4,8,0,0,0,0,18596,19923,0.7,2.1,5.3,5.3,5.3,48,4,,,94,8,140,13,36,11,65,9,,,,,,,,0.22,0.06,0.28,0.26,0.0,0.8,0.4,1.19,3.19,3,8,45.0,1.0,0.0,0.0,1.0,0.0,0.0,0.0,0.0,0.0,0.0,1.0,3.0,34.0,19029.0,21356.0,0.0,0.26,0.09,0.3499999999999999,0.12,0.0,0.0,0.0,0.0,0.0,1.0,0.0,1.0
27,Gabriel,Fernando de Jesus,G.Jesus,u,Has joined FC Barcelona permanently,,5.9,92,24,0.2,332,54,0.0,632,75,0,0,0,-1,1,0,3517,0.0,0.0,0.0,0.0,0.0,632,75,0.0,0.0,624,70,627,73,617,71,627,73,,,,,,,,0.0,0.0,0.0,0.0,0.0,0.0,0.0,0.0,0.0,3,0,0.0,0.0,0.0,0.0,0.0,0.0,0.0,0.0,0.0,0.0,0.0,0.0,0.0,0.0,0.0,3572.0,0.0,0.0,0.0,0.0,0.0,0.0,0.0,0.0,0.0,0.0,0.0,0.0,0.0
31,Ezri,Konsa Ngoyo,Konsa,a,,,4.4,569,153,11.6,33,11,0.7,283,99,1,0,0,-1,1,77000,23885,0.2,0.5,0.7,0.7,1.0,271,100,,,299,113,324,119,319,136,323,116,,,,,,,,0.0,0.0,0.0,0.19,0.0,0.0,1.58,1.58,9.47,3,1,45.0,0.0,0.0,0.0,1.0,0.0,0.0,0.0,0.0,0.0,0.0,1.0,0.0,3.0,82729.0,25490.0,0.0,0.0,0.0,0.0,0.12,0.0,0.0,0.0,0.0,1.0,4.0,3.0,5.0
452,Bruno,Guimarães Rodriguez Moura,Bruno G.,a,,,6.8,31,20,2.0,129,39,0.3,384,181,0,0,0,-2,2,403,9121,0.0,0.1,0.3,0.2,1.0,369,175,100.0,75.0,320,145,294,149,245,119,322,147,5.0,,4.0,,,,,0.0,0.05,0.05,0.0,0.0,0.0,0.0,0.0,14.21,3,0,0.0,0.0,0.0,0.0,0.0,0.0,0.0,0.0,0.0,0.0,0.0,0.0,0.0,0.0,417.0,9578.0,0.0,0.0,0.0,0.0,0.0,0.0,0.0,0.0,0.0,0.0,0.0,0.0,0.0
557,Christos,Tzolis,Tzolis,a,,,6.5,38,26,18.5,18,8,2.3,167,75,1,0,0,0,0,9722,88817,0.4,1.1,2.3,2.3,2.3,183,81,,,195,76,30,25,56,32,67,41,3.0,,,,,,,0.1,0.15,0.25,0.15,0.0,0.54,0.54,1.63,7.05,3,1,45.0,0.0,0.0,0.0,1.0,0.0,0.0,0.0,0.0,0.0,0.0,1.0,0.0,7.0,10031.0,103366.0,0.0,0.0,0.12000000000000002,0.12,0.12000000000000002,0.0,0.0,0.0,0.0,0.0,1.0,3.0,4.0
29,Marco,Bizot,M.Bizot,a,,,4.5,426,24,0.1,385,46,0.3,338,22,0,0,0,0,0,268,384,0.1,0.2,0.3,0.3,1.0,276,22,,,138,15,392,26,324,25,223,15,,,,,,,,0.0,0.0,0.0,3.77,3.0,0.0,4.0,1.0,0.0,3,0,0.0,0.0,0.0,0.0,0.0,0.0,0.0,0.0,0.0,0.0,0.0,0.0,0.0,0.0,276.0,398.0,0.0,0.0,0.0,0.0,0.0,0.0,0.0,0.0,0.0,0.0,0.0,0.0,0.0
30,Lucas,Digne,Digne,u,Has joined Paris Saint-Germain permanently,,4.5,431,84,0.1,480,169,0.0,445,172,0,0,0,0,0,0,332,0.0,0.0,0.0,0.0,0.0,445,172,0.0,0.0,401,161,395,159,328,141,411,161,,,,,,,,0.0,0.0,0.0,0.0,0.0,0.0,0.0,0.0,0.0,3,0,0.0,0.0,0.0,0.0,0.0,0.0,0.0,0.0,0.0,0.0,0.0,0.0,0.0,0.0,0.0,338.0,0.0,0.0,0.0,0.0,0.0,0.0,0.0,0.0,0.0,0.0,0.0,0.0,0.0
33,Tyrone,Mings,Mings,a,,,4.5,442,87,0.4,278,103,2.3,147,59,6,0,0,0,0,639,574,0.5,1.6,2.3,2.3,3.5,103,39,,,311,116,403,160,337,142,332,119,,,,,,,,0.09,0.02,0.11,0.67,0.0,0.85,0.0,0.85,5.09,3,6,90.0,0.0,0.0,1.0,0.0,0.0,0.0,0.0,0.0,0.0,0.0,1.0,0.0,28.0,656.0,588.0,0.0,0.11,0.02,0.13,0.5700000000000001,0.0,0.0,0.0,0.0,1.0,4.0,2.0,5.0
34,Pau,Torres,Pau,a,,,4.5,482,117,0.4,265,97,0.7,290,105,0,0,0,0,0,397,1243,0.2,0.4,0.7,0.7,1.0,284,111,,,229,94,265,91,361,157,286,103,,,,,,,,0.0,0.01,0.01,2.53,0.0,0.0,2.76,1.1,4.97,3,0,0.0,0.0,0.0,0.0,0.0,0.0,0.0,0.0,0.0,0.0,0.0,0.0,0.0,0.0,451.0,1272.0,0.0,0.0,0.0,0.0,0.0,0.0,0.0,0.0,0.0,0.0,0.0,0.0,0.0
35,Lamare,Bogarde,Bogarde,a,,,5.0,341,204,0.1,472,186,0.3,361,166,0,0,0,0,0,207,301,0.1,0.2,0.3,0.3,1.0,319,139,,,307,138,309,156,535,209,327,150,,,,,,,,0.0,0.0,0.0,1.24,0.0,0.0,0.0,0.0,5.62,3,0,0.0,0.0,0.0,0.0,0.0,0.0,0.0,0.0,0.0,0.0,0.0,0.0,0.0,0.0,215.0,309.0,0.0,0.0,0.0,0.0,0.0,0.0,0.0,0.0,0.0,0.0,0.0,0.0,0.0
36,Ian,Maatsen,Maatsen,a,,,4.5,490,124,0.8,221,82,2.7,126,51,7,0,0,0,0,1945,1264,0.6,1.8,2.7,2.7,2.7,143,58,,,212,89,271,97,112,33,217,84,,,,,,,,0.04,0.15,0.19,1.79,0.0,0.37,1.84,1.1,7.35,3,7,74.0,0.0,0.0,1.0,0.0,0.0,0.0,0.0,0.0,0.0,0.0,1.0,1.0,29.0,2108.0,1327.0,0.0,0.0,0.42,0.42000000000000004,0.21999999999999975,0.0,0.0,0.0,0.0,1.0,2.0,0.0,3.0
37,Victor,Lindelöf,Lindelöf,a,,,4.5,454,96,0.3,303,112,2.0,173,69,6,0,0,0,0,592,416,0.4,1.3,2.0,2.0,2.0,190,73,,,196,83,270,96,344,146,264,97,,,,,,,,0.0,0.05,0.05,1.79,0.0,0.33,1.67,1.0,4.67,3,6,90.0,0.0,0.0,1.0,0.0,0.0,0.0,0.0,0.0,0.0,0.0,1.0,0.0,28.0,610.0,433.0,0.0,0.0,0.08,0.08,0.5700000000000003,0.0,0.0,0.0,0.0,0.0,4.0,3.0,4.0
38,Andrés,García,A.García,a,,,4.0,647,208,1.7,139,58,0.0,436,165,0,0,0,0,0,4104,4159,0.0,0.0,0.0,0.0,0.0,436,165,,,392,154,384,152,312,129,402,154,,,,,,,,0.0,0.0,0.0,0.0,0.0,0.0,0.0,0.0,0.0,3,0,0.0,0.0,0.0,0.0,0.0,0.0,0.0,0.0,0.0,0.0,0.0,0.0,0.0,0.0,4239.0,4257.0,0.0,0.0,0.0,0.0,0.0,0.0,0.0,0.0,0.0,0.0,0.0,0.0,0.0
39,Kosta,Nedeljkovic,Nedeljkovic,u,Has joined Rangers on loan for the rest of the season,,4.0,644,206,0.2,354,131,0.0,434,164,0,0,0,0,0,0,595,0.0,0.0,0.0,0.0,0.0,434,164,0.0,0.0,390,153,382,151,309,127,400,153,,,,,,,,0.0,0.0,0.0,0.0,0.0,0.0,0.0,0.0,0.0,3,0,0.0,0.0,0.0,0.0,0.0,0.0,0.0,0.0,0.0,0.0,0.0,0.0,0.0,0.0,0.0,615.0,0.0,0.0,0.0,0.0,0.0,0.0,0.0,0.0,0.0,0.0,0.0,0.0,0.0
41,Emiliano,Buendía Stati,Buendía,a,,,6.0,63,43,1.1,186,57,2.3,165,73,3,0,0,0,0,2130,4679,0.4,1.2,2.3,2.3,2.3,181,79,,,277,127,85,53,105,54,176,84,3.0,1.0,1.0,,,,,0.28,0.06,0.34,1.76,0.0,0.36,1.81,1.08,5.06,3,3,74.0,0.0,0.0,1.0,0.0,0.0,0.0,0.0,0.0,0.0,0.0,1.0,0.0,2.0,2476.0,4870.0,0.0,0.61,0.05,0.6599999999999999,0.21999999999999975,0.0,0.0,0.0,0.0,0.0,0.0,2.0,2.0
44,Leon,Bailey,Bailey,u,Has joined Olympiakos permanently,,5.4,202,125,0.1,424,168,0.0,607,258,0,0,0,-1,1,0,1924,0.0,0.0,0.0,0.0,0.0,607,258,0.0,0.0,584,245,591,251,564,230,592,248,,,,,,,,0.0,0.0,0.0,0.0,0.0,0.0,0.0,0.0,0.0,3,0,0.0,0.0,0.0,0.0,0.0,0.0,0.0,0.0,0.0,0.0,0.0,0.0,0.0,0.0,0.0,1954.0,0.0,0.0,0.0,0.0,0.0,0.0,0.0,0.0,0.0,0.0,0.0,0.0,0.0
45,John,McGinn,McGinn,a,,,5.4,197,121,2.4,115,35,1.7,206,94,3,0,0,-1,1,3049,7254,0.3,0.9,1.7,1.7,1.7,233,103,,,315,141,152,91,139,69,248,112,2.0,,,,,,,0.27,0.03,0.3,1.8,0.0,0.34,1.72,1.03,5.17,3,3,90.0,0.0,0.0,1.0,0.0,0.0,0.0,0.0,0.0,0.0,0.0,1.0,0.0,6.0,3211.0,7543.0,0.0,0.68,0.03,0.71,0.5700000000000003,0.0,0.0,0.0,0.0,2.0,1.0,2.0,5.0
46,Ross,Barkley,Barkley,a,,,5.0,241,151,0.3,310,109,2.3,153,65,3,0,0,0,0,1123,744,0.5,1.4,2.3,2.3,2.3,170,71,,,166,59,42,34,153,75,107,55,4.0,,,,,,,0.13,0.05,0.18,1.94,0.0,0.38,1.88,1.12,6.38,3,3,90.0,0.0,0.0,1.0,0.0,0.0,0.0,0.0,0.0,0.0,0.0,1.0,0.0,15.0,1171.0,769.0,0.0,0.21999999999999997,0.09,0.30999999999999994,0.5700000000000003,0.0,0.0,0.0,0.0,0.0,2.0,4.0,6.0
47,Boubacar,Kamara,Kamara,a,,,5.0,283,172,0.3,282,94,2.3,156,67,3,0,0,0,0,1002,1051,0.5,1.4,2.3,2.3,2.3,173,73,100.0,100.0,170,63,137,83,495,189,196,88,,,,,,,,0.0,0.03,0.03,1.79,0.0,0.33,1.67,1.0,8.33,3,3,90.0,0.0,0.0,1.0,0.0,0.0,0.0,0.0,0.0,0.0,0.0,1.0,0.0,20.0,1027.0,1089.0,0.0,0.0,0.07,0.07,0.5700000000000003,0.0,0.0,0.0,0.0,1.0,3.0,6.0,10.0
48,Amadou,Onana,Onana,i,Knee injury - Unknown return date,,5.0,299,179,0.0,576,237,0.0,568,235,0,0,0,0,0,34,95,0.0,0.0,0.0,0.0,0.0,568,235,0.0,0.0,541,218,546,225,507,195,549,221,,,,,,,,0.0,0.0,0.0,0.0,0.0,0.0,0.0,0.0,0.0,3,0,0.0,0.0,0.0,0.0,0.0,0.0,0.0,0.0,0.0,0.0,0.0,0.0,0.0,0.0,34.0,97.0,0.0,0.0,0.0,0.0,0.0,0.0,0.0,0.0,0.0,0.0,0.0,0.0,0.0
49,Samuel,Iling-Junior,Iling Jr,u,Has joined Bolton Wanderers on loan for the rest of the season,,5.0,310,185,0.0,644,283,0.0,573,238,0,0,0,0,0,0,9,0.0,0.0,0.0,0.0,0.0,573,238,0.0,0.0,547,222,553,229,515,199,555,225,,,,,,,,0.0,0.0,0.0,0.0,0.0,0.0,0.0,0.0,0.0,3,0,0.0,0.0,0.0,0.0,0.0,0.0,0.0,0.0,0.0,0.0,0.0,0.0,0.0,0.0,0.0,9.0,0.0,0.0,0.0,0.0,0.0,0.0,0.0,0.0,0.0,0.0,0.0,0.0,0.0
50,Bradley,Burrowes,Burrowes,a,,,4.5,563,287,0.7,235,80,0.0,521,205,0,0,0,0,0,2031,1829,0.0,0.0,0.0,0.0,0.0,521,205,,,485,184,485,192,430,150,494,188,,,,,,,,0.0,0.0,0.0,0.0,0.0,0.0,0.0,0.0,0.0,3,0,0.0,0.0,0.0,0.0,0.0,0.0,0.0,0.0,0.0,0.0,0.0,0.0,0.0,0.0,2095.0,1880.0,0.0,0.0,0.0,0.0,0.0,0.0,0.0,0.0,0.0,0.0,0.0,0.0,0.0
51,George,Hemmings,George Hemmings,a,,,4.5,543,277,1.0,189,59,2.3,151,63,3,0,0,0,0,10278,3507,0.5,1.6,2.3,2.3,2.3,168,69,,,222,91,144,86,224,106,218,96,,,,,,,,0.03,0.06,0.09,1.92,0.0,0.38,1.92,1.15,6.92,3,3,74.0,0.0,0.0,1.0,0.0,0.0,0.0,0.0,0.0,0.0,0.0,1.0,0.0,12.0,10672.0,3645.0,0.0,0.07,0.13999999999999999,0.21,0.21999999999999975,0.0,0.0,0.0,0.0,1.0,2.0,4.0,7.0
52,Alysson Edward Franco,da Rocha dos Santos,Alysson,a,,,5.0,374,227,0.0,501,204,0.7,311,141,1,0,0,0,0,116,174,0.1,0.4,0.7,0.7,0.7,376,178,,,270,122,293,148,236,112,301,135,,,,,,,,0.0,0.0,0.0,1.09,0.0,0.0,0.0,0.0,12.86,3,1,15.0,0.0,0.0,0.0,0.0,0.0,0.0,0.0,0.0,0.0,0.0,0.0,0.0,3.0,121.0,176.0,0.0,0.0,0.0,0.0,0.35,0.0,0.0,0.0,0.0,0.0,0.0,1.0,1.0
53,Johan,Manzambi,Manzambi,i,Knee injury - Expected back 12 Sep,,5.9,115,75,0.1,389,143,0.0,636,278,0,0,0,-1,1,125,587,0.0,0.0,0.0,0.0,0.0,636,278,0.0,0.0,632,277,632,277,627,273,633,277,,,,,,,,0.0,0.0,0.0,0.0,0.0,0.0,0.0,0.0,0.0,3,0,0.0,0.0,0.0,0.0,0.0,0.0,0.0,0.0,0.0,0.0,0.0,0.0,0.0,0.0,128.0,600.0,0.0,0.0,0.0,0.0,0.0,0.0,0.0,0.0,0.0,0.0,0.0,0.0,0.0
54,Joao,Gomes,Gomes,s,Suspended until 19 Sep,,5.5,159,96,0.0,518,214,-0.7,653,290,0,0,0,0,0,21,144,-0.1,-0.4,0.0,0.0,-2.0,653,290,0.0,0.0,327,149,179,102,602,255,289,130,,,,,,,,0.0,0.02,0.02,5.95,0.0,0.0,9.23,2.31,16.15,3,0,0.0,0.0,0.0,0.0,0.0,0.0,0.0,0.0,0.0,0.0,0.0,0.0,0.0,0.0,23.0,149.0,0.0,0.0,0.0,0.0,0.0,0.0,0.0,0.0,0.0,0.0,0.0,0.0,0.0
55,Ollie,Watkins,Watkins,u,Has joined Al Hilal permanently,,7.8,13,4,3.8,88,13,0.0,652,78,0,0,0,-2,2,0,50164,0.0,0.0,0.0,0.0,0.0,652,78,0.0,0.0,652,78,652,78,652,78,652,78,,,,,,,,0.0,0.0,0.0,0.0,0.0,0.0,0.0,0.0,0.0,3,0,0.0,0.0,0.0,0.0,0.0,0.0,0.0,0.0,0.0,0.0,0.0,0.0,0.0,0.0,0.0,52200.0,0.0,0.0,0.0,0.0,0.0,0.0,0.0,0.0,0.0,0.0,0.0,0.0,0.0
56,Tammy,Abraham,Abraham,a,,,5.5,130,34,0.2,366,56,0.7,319,37,1,0,0,0,0,1368,631,0.1,0.4,0.7,0.7,1.0,342,38,100.0,100.0,604,64,276,36,589,66,347,40,,,,,,,,0.0,0.0,0.0,1.39,0.0,0.0,0.0,0.0,3.75,3,1,5.0,0.0,0.0,0.0,0.0,0.0,0.0,0.0,0.0,0.0,0.0,0.0,0.0,3.0,1398.0,648.0,0.0,0.0,0.0,0.0,0.35,0.0,0.0,0.0,0.0,1.0,0.0,0.0,1.0
160,Alejandro,Garnacho Ferreyra,Garnacho,a,,,5.9,107,68,0.4,263,88,1.0,275,126,1,0,0,-1,1,465,2291,0.2,0.5,1.0,1.0,1.0,358,166,,,338,157,251,131,624,270,338,157,,,,,,,,0.0,0.0,0.0,1.42,0.0,0.0,0.0,0.0,5.81,3,1,15.0,0.0,0.0,0.0,0.0,0.0,0.0,0.0,0.0,0.0,0.0,0.0,0.0,4.0,482.0,2365.0,0.0,0.0,0.0,0.0,0.35,0.0,0.0,0.0,0.0,0.0,0.0,0.0,0.0
166,Nicolas,Jackson,N.Jackson,a,,,6.5,45,11,1.0,190,30,1.3,239,26,2,0,0,0,0,7287,3856,0.2,0.6,1.3,1.3,2.0,222,24,,,285,27,204,26,244,37,290,34,,,,,,,,0.14,0.32,0.46,0.72,0.0,0.58,0.58,1.17,2.92,3,2,84.0,0.0,0.0,1.0,0.0,0.0,0.0,0.0,0.0,0.0,0.0,1.0,0.0,10.0,7893.0,3953.0,0.0,0.24,0.44000000000000006,0.68,0.21999999999999997,0.0,0.0,0.0,0.0,0.0,0.0,2.0,2.0
582,Brian,Madjo,Madjo,i,Unspecified injury - Unknown return date,,5.5,195,46,0.3,296,49,0.0,629,73,0,0,0,0,0,132,1375,0.0,0.0,0.0,0.0,0.0,629,73,0.0,0.0,620,67,624,71,614,69,624,71,,,,,,,,0.0,0.0,0.0,0.0,0.0,0.0,0.0,0.0,0.0,3,0,0.0,0.0,0.0,0.0,0.0,0.0,0.0,0.0,0.0,0.0,0.0,0.0,0.0,0.0,132.0,1438.0,0.0,0.0,0.0,0.0,0.0,0.0,0.0,0.0,0.0,0.0,0.0,0.0,0.0
596,Matteo,Ruggeri,Ruggeri,a,,,4.5,506,133,0.1,429,150,0.7,293,108,1,0,0,0,0,63,313,0.2,0.4,0.7,0.7,1.0,289,115,,,287,107,436,177,378,166,316,114,,,,,,,,0.0,0.04,0.04,1.92,0.0,0.0,0.0,0.0,11.74,3,1,15.0,0.0,0.0,0.0,0.0,0.0,0.0,0.0,0.0,0.0,0.0,0.0,0.0,3.0,66.0,324.0,0.0,0.0,0.01,0.01,0.35,0.0,0.0,0.0,0.0,0.0,1.0,2.0,1.0
597,Zion,Suzuki,Suzuki,a,,,5.0,295,13,1.2,165,24,4.0,75,4,10,0,0,0,0,11339,2059,0.8,2.4,4.0,4.0,6.0,32,2,,,215,22,545,63,504,63,282,22,,,,,,,,0.0,0.0,0.0,0.8,2.5,0.5,0.5,1.0,0.0,3,10,90.0,0.0,0.0,1.0,0.0,0.0,0.0,0.0,0.0,0.0,4.0,1.0,3.0,38.0,11653.0,2159.0,0.0,0.0,0.0,0.0,0.5700000000000001,0.0,0.0,0.0,0.0,0.0,1.0,13.0,0.0
606,Triston,Rowe,Rowe,a,,,4.0,639,201,0.1,372,137,0.0,430,160,0,0,0,0,0,814,418,0.0,0.0,0.0,0.0,0.0,430,160,,,386,149,378,147,304,122,396,149,,,,,,,,0.0,0.0,0.0,0.0,0.0,0.0,0.0,0.0,0.0,3,0,0.0,0.0,0.0,0.0,0.0,0.0,0.0,0.0,0.0,0.0,0.0,0.0,0.0,0.0,843.0,424.0,0.0,0.0,0.0,0.0,0.0,0.0,0.0,0.0,0.0,0.0,0.0,0.0,0.0
607,Luka,Lynch,Lynch,u,Has joined Oxford United on loan until January,,4.5,538,275,0.1,422,166,0.0,502,196,0,0,0,0,0,0,1208,0.0,0.0,0.0,0.0,0.0,502,196,0.0,0.0,465,174,466,183,409,141,475,179,,,,,,,,0.0,0.0,0.0,0.0,0.0,0.0,0.0,0.0,0.0,3,0,0.0,0.0,0.0,0.0,0.0,0.0,0.0,0.0,0.0,0.0,0.0,0.0,0.0,0.0,0.0,1222.0,0.0,0.0,0.0,0.0,0.0,0.0,0.0,0.0,0.0,0.0,0.0,0.0,0.0
611,Aaron,Wan-Bissaka,Wan-Bissaka,a,,,4.5,461,101,0.2,361,134,1.0,247,90,1,0,0,0,0,697,463,0.2,0.4,1.0,1.0,1.0,280,107,,,294,111,289,106,348,148,315,113,,,,,,,,0.0,0.0,0.0,1.85,0.0,0.0,0.0,0.0,15.88,3,1,5.0,0.0,0.0,0.0,0.0,0.0,0.0,0.0,0.0,0.0,0.0,0.0,0.0,3.0,732.0,474.0,0.0,0.0,0.0,0.0,0.35,0.0,0.0,0.0,0.0,0.0,1.0,0.0,1.0
630,Taylor,Harwood-Bellis,Harwood-Bellis,a,,,4.5,483,118,0.0,598,202,0.0,466,179,0,0,0,0,0,241,78,0.0,0.0,1.8,1.8,0.0,466,179,,,427,172,424,172,362,158,437,172,,,,,,,,0.0,0.0,0.0,0.0,0.0,0.0,0.0,0.0,0.0,3,0,0.0,0.0,0.0,0.0,0.0,0.0,0.0,0.0,0.0,0.0,0.0,0.0,0.0,0.0,255.0,84.0,0.0,0.0,0.0,0.0,0.0,0.0,0.0,0.0,0.0,0.0,0.0,0.0,0.0
631,Ibrahim,Mbaye,Mbaye,a,,,6.0,85,56,0.0,498,202,0.0,642,283,0,0,0,0,0,1188,349,0.0,0.0,2.2,2.2,0.0,642,283,,,641,282,641,282,637,278,641,282,,,,,,,,0.0,0.0,0.0,0.0,0.0,0.0,0.0,0.0,0.0,3,0,0.0,0.0,0.0,0.0,0.0,0.0,0.0,0.0,0.0,0.0,0.0,0.0,0.0,0.0,1249.0,361.0,0.0,0.0,0.0,0.0,0.0,0.0,0.0,0.0,0.0,0.0,0.0,0.0,0.0
57,Đorđe,Petrović,Petrović,a,,,4.5,494,40,3.4,94,15,2.0,175,16,1,0,0,0,0,7052,7034,0.4,1.3,2.0,2.0,2.0,195,17,,,16,2,431,42,370,41,120,2,,,,,,,,0.0,0.0,0.0,1.6,3.0,0.0,1.67,1.0,0.0,3,1,90.0,0.0,0.0,0.0,2.0,0.0,0.0,0.0,0.0,0.0,0.0,1.0,0.0,0.0,7400.0,7324.0,0.0,0.0,0.0,0.0,0.71,0.0,0.0,0.0,0.0,0.0,1.0,8.0,0.0
59,Will,Dennis,Dennis,u,Has joined MK Dons permanently,,4.0,612,65,0.1,369,42,0.0,410,39,0,0,0,0,0,0,419,0.0,0.0,0.0,0.0,0.0,410,39,0.0,0.0,365,39,357,18,281,17,375,39,,,,,,,,0.0,0.0,0.0,0.0,0.0,0.0,0.0,0.0,0.0,3,0,0.0,0.0,0.0,0.0,0.0,0.0,0.0,0.0,0.0,0.0,0.0,0.0,0.0,0.0,0.0,432.0,0.0,0.0,0.0,0.0,0.0,0.0,0.0,0.0,0.0,0.0,0.0,0.0,0.0
60,James,Hill,Hill,a,,,5.5,163,20,0.8,210,80,2.0,191,71,1,0,0,0,0,1328,2337,0.4,1.1,2.0,2.0,2.0,213,80,,,109,48,122,38,202,72,140,52,,,,,,,,0.0,0.25,0.25,1.6,0.0,0.0,1.67,1.0,8.0,3,1,90.0,0.0,0.0,0.0,2.0,0.0,0.0,0.0,0.0,0.0,0.0,1.0,0.0,4.0,1362.0,2415.0,0.0,0.0,0.020000000000000018,0.020000000000000018,0.71,0.0,0.0,0.0,0.0,0.0,6.0,1.0,6.0
61,Adrien,Truffert,Truffert,a,,,5.5,173,22,3.7,92,36,1.7,213,76,0,0,0,0,0,2174,10925,0.3,0.9,1.7,1.7,1.7,237,85,,,80,34,105,33,203,73,115,41,,,,,,,,0.0,0.04,0.04,1.6,0.0,0.0,1.67,1.0,7.33,3,0,90.0,0.0,0.0,0.0,2.0,0.0,0.0,0.0,1.0,0.0,0.0,1.0,0.0,-3.0,2224.0,11244.0,0.0,0.01,0.06,0.07,0.71,0.0,0.0,0.0,0.0,3.0,3.0,5.0,6.0
62,Bafodé,Diakité,Diakité,a,,,5.0,290,49,0.2,348,128,0.0,566,204,0,0,0,0,0,302,746,0.0,0.0,0.0,0.0,0.0,566,204,,,539,203,542,203,500,196,547,203,,,,,,,,0.0,0.0,0.0,0.0,0.0,0.0,0.0,0.0,0.0,3,0,0.0,0.0,0.0,0.0,0.0,0.0,0.0,0.0,0.0,0.0,0.0,0.0,0.0,0.0,305.0,762.0,0.0,0.0,0.0,0.0,0.0,0.0,0.0,0.0,0.0,0.0,0.0,0.0,0.0
63,Veljko,Milosavljevic,Milosavljević,i,Unspecified injury - Unknown return date,,5.0,369,66,0.0,609,205,0.0,597,209,0,0,0,0,0,23,45,0.0,0.0,0.0,0.0,0.0,597,209,0.0,0.0,574,208,581,208,552,204,582,208,,,,,,,,0.0,0.0,0.0,0.0,0.0,0.0,0.0,0.0,0.0,3,0,0.0,0.0,0.0,0.0,0.0,0.0,0.0,0.0,0.0,0.0,0.0,0.0,0.0,0.0,24.0,47.0,0.0,0.0,0.0,0.0,0.0,0.0,0.0,0.0,0.0,0.0,0.0,0.0,0.0
64,Adam,Smith,Smith,a,,,4.5,424,81,0.1,390,145,0.7,286,102,0,0,0,0,0,254,366,0.2,0.4,0.7,0.7,0.7,372,130,,,165,77,142,44,322,139,195,73,,,,,,,,0.0,0.02,0.02,1.6,0.0,0.0,1.67,1.0,5.0,3,0,90.0,0.0,0.0,0.0,2.0,0.0,0.0,0.0,1.0,0.0,0.0,1.0,0.0,3.0,262.0,375.0,0.0,0.01,0.039999999999999994,0.05,0.71,0.0,0.0,0.0,0.0,1.0,3.0,6.0,4.0
65,Julián,Araujo Zúñiga,J.Araujo,i,Thigh injury - Unknown return date,,4.5,487,121,0.0,589,200,0.0,468,180,0,0,0,0,0,34,63,0.0,0.0,0.0,0.0,0.0,468,180,0.0,0.0,429,173,426,173,365,160,439,173,,,,,,,,0.0,0.0,0.0,0.0,0.0,0.0,0.0,0.0,0.0,3,0,0.0,0.0,0.0,0.0,0.0,0.0,0.0,0.0,0.0,0.0,0.0,0.0,0.0,0.0,35.0,65.0,0.0,0.0,0.0,0.0,0.0,0.0,0.0,0.0,0.0,0.0,0.0,0.0,0.0
66,Julio,Soler Barreto,Soler,a,,,4.0,641,203,0.3,316,115,0.0,431,161,0,0,0,0,0,1123,627,0.0,0.0,0.0,0.0,0.0,431,161,100.0,100.0,387,150,379,148,306,124,397,150,,,,,,,,0.0,0.0,0.0,0.0,0.0,0.0,0.0,0.0,0.0,3,0,0.0,0.0,0.0,0.0,0.0,0.0,0.0,0.0,0.0,0.0,0.0,0.0,0.0,0.0,1169.0,640.0,0.0,0.0,0.0,0.0,0.0,0.0,0.0,0.0,0.0,0.0,0.0,0.0,0.0
67,Rayan Vitor,Simplício Rocha,Rayan,a,,,6.5,43,29,2.2,123,38,2.0,195,90,2,0,0,0,0,1859,10673,0.3,0.9,2.0,2.0,2.0,221,98,,,208,82,150,90,22,13,79,45,,,,,,,,0.16,0.02,0.18,1.54,0.0,0.0,1.35,1.02,2.71,3,2,88.0,0.0,0.0,0.0,2.0,0.0,0.0,0.0,0.0,0.0,0.0,1.0,0.0,8.0,1931.0,11052.0,0.0,0.03999999999999998,0.009999999999999995,0.050000000000000044,0.6599999999999997,0.0,0.0,0.0,0.0,1.0,1.0,0.0,2.0
68,Marcus,Tavernier,Tavernier,a,,,6.0,64,44,2.7,111,34,7.0,19,6,10,0,0,0,0,40410,6900,1.2,3.5,7.0,7.0,7.0,20,7,,,44,21,25,22,65,39,30,24,1.0,1.0,3.0,,,,,0.5,0.11,0.61,1.6,0.0,0.0,1.68,1.01,9.4,3,10,88.0,1.0,0.0,0.0,2.0,0.0,0.0,0.0,0.0,0.0,0.0,1.0,3.0,43.0,40669.0,7287.0,0.0,1.01,0.050000000000000044,1.06,0.6600000000000001,0.0,0.0,0.0,0.0,1.0,0.0,8.0,9.0
69,Alex,Scott,Scott,a,,,6.0,77,52,3.0,104,31,8.0,7,4,10,0,0,0,0,81137,6285,1.3,4.0,8.0,8.0,8.0,8,5,,,33,16,55,42,89,48,47,33,2.0,4.0,,,,,,0.11,0.1,0.21,1.58,0.0,0.34,1.35,1.02,12.52,3,10,90.0,0.0,2.0,0.0,2.0,0.0,0.0,0.0,0.0,0.0,0.0,1.0,2.0,37.0,81470.0,6391.0,0.0,0.07,0.019999999999999962,0.08999999999999997,0.71,0.0,0.0,0.0,0.0,0.0,5.0,6.0,11.0
58,Fraser,Forster,Forster,a,,,4.0,577,50,3.4,96,16,0.0,386,24,0,0,0,0,0,7597,3340,0.0,0.0,0.0,0.0,0.0,386,24,,,341,24,331,3,253,2,350,24,,,,,,,,0.0,0.0,0.0,0.0,0.0,0.0,0.0,0.0,0.0,3,0,0.0,0.0,0.0,0.0,0.0,0.0,0.0,0.0,0.0,0.0,0.0,0.0,0.0,0.0,8102.0,3613.0,0.0,0.0,0.0,0.0,0.0,0.0,0.0,0.0,0.0,0.0,0.0,0.0,0.0
70,Justin,Kluivert,Kluivert,a,,,6.0,67,46,1.1,187,58,2.3,166,74,1,0,0,0,0,1933,5099,0.4,1.2,2.3,2.3,2.3,182,80,,,168,61,47,37,11,7,32,25,3.0,2.0,2.0,,,,,0.31,0.02,0.33,1.61,0.0,0.79,0.39,1.18,7.07,3,1,75.0,0.0,0.0,0.0,1.0,0.0,0.0,0.0,1.0,0.0,0.0,1.0,0.0,6.0,1999.0,5244.0,0.0,0.06000000000000005,0.009999999999999995,0.06999999999999995,0.48,0.0,0.0,0.0,0.0,1.0,0.0,3.0,4.0
71,Lewis,Cook,Cook,a,,,5.0,252,155,0.2,331,119,2.3,155,66,1,0,0,0,0,731,818,0.5,1.4,2.3,2.3,2.3,172,72,,,242,102,148,89,480,181,238,106,5.0,,,,,,,0.0,0.01,0.01,2.2,0.0,1.15,0.57,1.15,5.73,3,1,14.0,0.0,0.0,0.0,1.0,0.0,0.0,0.0,0.0,0.0,0.0,0.0,0.0,2.0,783.0,839.0,0.0,0.0,0.0,0.0,0.22999999999999998,0.0,0.0,0.0,0.0,0.0,1.0,0.0,1.0
72,Ben,Gannon-Doak,Gannon-Doak,a,,,5.0,328,195,0.1,474,187,0.7,306,137,1,0,0,0,0,88,264,0.1,0.4,0.7,0.7,1.0,317,137,,,336,155,328,166,233,110,335,155,,,,,,,,0.9,0.0,0.9,10.8,0.0,0.0,45.0,0.0,135.0,3,1,1.0,0.0,0.0,0.0,0.0,0.0,0.0,0.0,0.0,0.0,0.0,0.0,0.0,3.0,90.0,273.0,0.0,0.02,0.0,0.02,0.04999999999999999,0.0,0.0,0.0,0.0,1.0,0.0,1.0,2.0
73,Tyler,Adams,Adams,a,,,5.0,264,163,0.3,311,110,2.0,179,78,4,0,0,0,0,1558,862,0.4,1.2,2.0,2.0,2.0,200,85,100.0,100.0,269,121,252,132,488,186,306,139,,,,,,,,0.0,0.01,0.01,0.77,0.0,0.0,3.24,0.81,14.59,3,4,75.0,0.0,0.0,0.0,1.0,0.0,0.0,0.0,0.0,0.0,0.0,1.0,0.0,15.0,1593.0,879.0,0.0,0.0,0.01,0.01,0.48,0.0,0.0,0.0,0.0,3.0,1.0,8.0,12.0
74,David,Brooks,Brooks,a,,,5.0,246,152,0.1,488,195,0.7,301,135,1,0,0,0,0,209,191,0.1,0.4,0.7,0.7,1.0,305,130,100.0,100.0,519,206,263,137,475,178,343,160,4.0,3.0,,,,,,0.0,0.04,0.04,1.53,0.0,0.0,7.83,0.0,0.0,3,1,14.0,0.0,0.0,0.0,1.0,0.0,0.0,0.0,0.0,0.0,0.0,0.0,0.0,2.0,226.0,200.0,0.0,0.0,0.0,0.0,0.23,0.0,0.0,0.0,0.0,0.0,0.0,0.0,0.0
75,Ryan,Christie,Christie,a,,,5.0,253,156,0.0,545,222,0.7,303,136,1,0,0,0,0,145,130,0.1,0.4,0.7,0.7,1.0,307,131,100.0,100.0,303,136,313,158,481,182,326,149,6.0,,,,,,,0.0,0.0,0.0,2.92,0.0,0.0,22.5,0.0,45.0,3,1,1.0,0.0,0.0,0.0,0.0,0.0,0.0,0.0,0.0,0.0,0.0,0.0,0.0,3.0,147.0,132.0,0.0,0.0,0.0,0.0,0.0,0.0,0.0,0.0,0.0,0.0,0.0,0.0,0.0
76,Alex,Tóth,Tóth.A,a,,,5.0,368,225,0.0,580,240,0.3,364,169,0,0,0,0,0,25,62,0.1,0.2,0.3,0.3,1.0,326,145,,,304,137,300,151,551,224,329,152,,,,,,,,0.0,0.0,0.0,1.86,0.0,0.0,12.0,0.0,12.0,3,0,0.0,0.0,0.0,0.0,0.0,0.0,0.0,0.0,0.0,0.0,0.0,0.0,0.0,0.0,25.0,62.0,0.0,0.0,0.0,0.0,0.0,0.0,0.0,0.0,0.0,0.0,0.0,0.0,0.0
77,Amine,Adli,Adli,i,Unspecified injury - Unknown return date,,4.9,404,244,0.0,577,238,0.0,541,218,0,0,0,-1,1,16,79,0.0,0.0,0.0,0.0,0.0,541,218,0.0,0.0,508,198,509,206,457,166,518,203,,,,,,,,0.0,0.0,0.0,0.0,0.0,0.0,0.0,0.0,0.0,3,0,0.0,0.0,0.0,0.0,0.0,0.0,0.0,0.0,0.0,0.0,0.0,0.0,0.0,0.0,16.0,81.0,0.0,0.0,0.0,0.0,0.0,0.0,0.0,0.0,0.0,0.0,0.0,0.0,0.0
78,Junior,Kroupi,Kroupi.Jr,i,Foot injury - Unknown return date,,7.4,22,14,0.2,330,118,0.0,650,289,0,0,0,-1,1,64,1090,0.0,0.0,0.0,0.0,0.0,650,289,0.0,0.0,650,289,650,289,650,289,650,289,,,1.0,,,,,0.0,0.0,0.0,0.0,0.0,0.0,0.0,0.0,0.0,3,0,0.0,0.0,0.0,0.0,0.0,0.0,0.0,0.0,0.0,0.0,0.0,0.0,0.0,0.0,64.0,1115.0,0.0,0.0,0.0,0.0,0.0,0.0,0.0,0.0,0.0,0.0,0.0,0.0,0.0
79,Francisco Evanilson,de Lima Barbosa,Evanilson,a,,,6.0,72,16,3.3,99,15,3.7,92,9,2,0,0,0,0,11234,9991,0.6,1.8,3.7,3.7,3.7,100,12,,,120,11,65,6,80,18,77,12,,,,,,,,0.26,0.1,0.36,1.59,0.0,0.74,0.74,1.11,6.64,3,2,90.0,0.0,0.0,0.0,2.0,0.0,0.0,0.0,0.0,0.0,0.0,1.0,0.0,4.0,11606.0,10267.0,0.0,0.13,0.010000000000000009,0.14,0.7100000000000004,0.0,0.0,0.0,0.0,0.0,4.0,3.0,7.0
80,Enes,Ünal,Enes Ünal,u,Has joined Getafe permanently,,5.5,127,32,0.0,572,75,0.0,618,71,0,0,0,0,0,0,69,0.0,0.0,0.0,0.0,0.0,618,71,0.0,0.0,603,63,607,68,588,65,609,68,,,,,,,,0.0,0.0,0.0,0.0,0.0,0.0,0.0,0.0,0.0,3,0,0.0,0.0,0.0,0.0,0.0,0.0,0.0,0.0,0.0,0.0,0.0,0.0,0.0,0.0,0.0,71.0,0.0,0.0,0.0,0.0,0.0,0.0,0.0,0.0,0.0,0.0,0.0,0.0,0.0
81,Álvaro,Rodríguez,Rodríguez,a,,,6.0,82,19,0.1,407,57,0.3,380,45,0,0,0,0,0,366,442,0.0,0.2,0.3,0.3,1.0,361,43,100.0,100.0,638,74,638,74,634,74,638,74,,,,,,,,0.0,0.0,0.0,1.6,0.0,0.0,10.0,0.0,10.0,3,0,0.0,0.0,0.0,0.0,0.0,0.0,0.0,0.0,0.0,0.0,0.0,0.0,0.0,0.0,369.0,448.0,0.0,0.0,0.0,0.0,0.0,0.0,0.0,0.0,0.0,0.0,0.0,0.0,0.0
566,António João,Pereira de Albuquerque Tavares da Silva,Silva,a,,,5.0,315,57,0.4,269,99,2.3,158,65,1,0,0,0,0,839,1073,0.5,1.4,2.3,2.3,2.3,174,69,,,56,19,245,82,123,38,134,48,,,,,,,,0.09,0.01,0.1,1.6,0.0,0.0,1.67,1.0,10.33,3,1,90.0,0.0,0.0,0.0,2.0,0.0,0.0,0.0,0.0,0.0,0.0,1.0,0.0,8.0,886.0,1122.0,0.0,0.020000000000000018,0.010000000000000002,0.02999999999999997,0.71,0.0,0.0,0.0,0.0,1.0,7.0,2.0,8.0
573,Juanlu,Sánchez,Sanchez,a,,,4.5,512,134,0.2,344,127,0.0,479,184,0,0,0,0,0,69,367,0.0,0.0,0.0,0.0,0.0,479,184,,,440,177,442,178,384,167,450,177,,,,,,,,0.0,0.0,0.0,0.0,0.0,0.0,0.0,0.0,0.0,3,0,0.0,0.0,0.0,0.0,0.0,0.0,0.0,0.0,0.0,0.0,0.0,0.0,0.0,0.0,70.0,380.0,0.0,0.0,0.0,0.0,0.0,0.0,0.0,0.0,0.0,0.0,0.0,0.0,0.0
608,Daniel,Jebbison,Jebbison,a,,,5.0,344,60,0.1,432,62,0.7,308,35,1,0,0,0,0,990,407,0.1,0.4,0.7,0.7,1.0,320,34,,,297,29,292,37,103,21,254,29,,,,,,,,0.56,0.0,0.56,2.02,0.0,0.0,11.25,0.0,5.62,3,1,1.0,0.0,0.0,0.0,0.0,0.0,0.0,0.0,0.0,0.0,0.0,0.0,0.0,4.0,1012.0,413.0,0.0,0.0,0.0,0.0,0.04999999999999999,0.0,0.0,0.0,0.0,0.0,0.0,0.0,0.0
615,Michele,Di Gregorio,Di Gregorio,a,,,4.5,471,36,0.0,537,61,0.0,461,57,0,0,0,0,0,218,122,0.0,0.0,0.0,0.0,0.0,461,57,,,421,57,417,38,353,37,431,57,,,,,,,,0.0,0.0,0.0,0.0,0.0,0.0,0.0,0.0,0.0,3,0,0.0,0.0,0.0,0.0,0.0,0.0,0.0,0.0,0.0,0.0,0.0,0.0,0.0,0.0,222.0,124.0,0.0,0.0,0.0,0.0,0.0,0.0,0.0,0.0,0.0,0.0,0.0,0.0,0.0
82,Caoimhín,Kelleher,Kelleher,a,,,5.0,263,10,6.9,60,9,3.7,86,5,2,0,0,0,0,8254,11445,0.7,2.2,3.7,3.7,3.7,94,5,,,87,11,531,60,487,60,191,12,,,,,,,,0.0,0.0,0.0,1.25,2.33,0.33,0.67,1.0,0.0,3,2,90.0,0.0,0.0,0.0,1.0,0.0,0.0,0.0,0.0,0.0,2.0,1.0,0.0,10.0,9405.0,11964.0,0.0,0.0,0.0,0.0,1.7100000000000004,0.0,0.0,0.0,0.0,0.0,2.0,6.0,0.0
83,Hákon Rafn,Valdimarsson,Valdimarsson,a,,,4.5,517,44,0.1,417,48,0.0,484,60,0,0,0,0,0,129,222,0.0,0.0,0.0,0.0,0.0,484,60,,,445,60,447,46,389,45,455,60,,,,,,,,0.0,0.0,0.0,0.0,0.0,0.0,0.0,0.0,0.0,3,0,0.0,0.0,0.0,0.0,0.0,0.0,0.0,0.0,0.0,0.0,0.0,0.0,0.0,0.0,139.0,241.0,0.0,0.0,0.0,0.0,0.0,0.0,0.0,0.0,0.0,0.0,0.0,0.0,0.0
84,Nathan,Collins,Collins,d,Calf injury - 25% chance of playing,,5.5,153,18,2.0,125,51,3.3,103,39,1,0,0,0,0,1105,14408,0.6,1.8,0.8,3.3,3.3,114,45,25.0,,93,42,115,35,32,2,52,10,,,,,,,,0.23,0.02,0.25,0.98,0.0,0.46,0.46,1.38,7.81,3,1,16.0,0.0,0.0,0.0,0.0,0.0,0.0,0.0,0.0,0.0,0.0,1.0,0.0,4.0,1575.0,14565.0,0.0,0.0,0.0,0.0,0.10000000000000009,0.0,0.0,0.0,0.0,0.0,1.0,0.0,1.0
85,Sepp,van den Berg,Van den Berg,i,Groin injury - Unknown return date,,4.9,399,72,0.1,460,163,0.0,538,199,0,0,0,-1,1,18,389,0.0,0.0,0.0,0.0,0.0,538,199,0.0,0.0,505,195,506,195,454,187,515,195,,,,,,,,0.0,0.0,0.0,0.0,0.0,0.0,0.0,0.0,0.0,3,0,0.0,0.0,0.0,0.0,0.0,0.0,0.0,0.0,0.0,0.0,0.0,0.0,0.0,0.0,21.0,398.0,0.0,0.0,0.0,0.0,0.0,0.0,0.0,0.0,0.0,0.0,0.0,0.0,0.0
86,Keane,Lewis-Potter,Lewis-Potter,a,,,5.5,150,91,2.2,118,37,6.0,33,14,2,0,0,0,0,8583,6559,1.1,3.3,6.0,6.0,6.0,37,16,,,5,4,34,28,86,47,24,18,,1.0,,,,,,0.35,0.22,0.57,1.26,0.0,0.34,0.67,1.01,9.1,3,2,90.0,0.0,0.0,0.0,1.0,0.0,0.0,0.0,0.0,0.0,0.0,1.0,0.0,4.0,9535.0,6785.0,0.0,0.24,0.4,0.6399999999999999,1.7100000000000004,0.0,0.0,0.0,0.0,1.0,4.0,1.0,6.0
87,Kristoffer,Ajer,Ajer,a,,,4.5,455,97,5.1,72,30,4.3,59,24,2,0,0,0,0,13810,16011,1.0,2.9,4.3,4.3,4.3,65,27,,,35,11,117,36,49,8,46,8,,,,,,,,0.04,0.01,0.05,1.25,0.0,0.33,0.67,1.0,10.67,3,2,90.0,0.0,0.0,0.0,1.0,0.0,0.0,0.0,0.0,0.0,0.0,1.0,0.0,8.0,17418.0,17188.0,0.0,0.0,0.0,0.0,1.7100000000000004,0.0,0.0,0.0,0.0,0.0,5.0,2.0,5.0
88,Michael,Kayode,Kayode,a,,,4.6,423,80,9.4,44,17,5.3,40,18,1,0,0,1,-1,13888,25539,1.2,3.5,5.3,5.3,5.3,45,20,,,63,25,134,39,29,1,45,7,,,,,,,,0.24,0.09,0.33,0.99,0.0,0.43,0.43,1.3,5.65,3,1,45.0,0.0,0.0,0.0,0.0,0.0,0.0,0.0,0.0,0.0,0.0,1.0,0.0,2.0,15708.0,26144.0,0.0,0.030000000000000027,0.0,0.030000000000000027,0.34999999999999987,0.0,0.0,0.0,0.0,0.0,5.0,2.0,5.0
89,Rico,Henry,Henry,a,,,4.5,456,98,0.2,333,122,0.3,340,123,0,0,0,0,0,87,449,0.1,0.2,0.3,0.3,1.0,279,106,,,415,165,410,164,345,147,425,165,,,,,,,,0.0,0.0,0.0,0.0,0.0,0.0,0.0,0.0,0.0,3,0,0.0,0.0,0.0,0.0,0.0,0.0,0.0,0.0,0.0,0.0,0.0,0.0,0.0,0.0,88.0,463.0,0.0,0.0,0.0,0.0,0.0,0.0,0.0,0.0,0.0,0.0,0.0,0.0,0.0
90,Aaron,Hickey,Hickey,a,,,4.5,500,129,0.1,464,164,1.0,252,94,1,0,0,0,0,83,158,0.2,0.7,1.0,1.0,1.0,287,113,,,286,106,214,68,375,165,300,109,,,,,,,,0.0,0.03,0.03,2.15,0.0,0.0,1.48,0.0,8.85,3,1,45.0,0.0,0.0,0.0,1.0,0.0,0.0,0.0,0.0,0.0,0.0,0.0,0.0,0.0,91.0,164.0,0.0,0.0,0.0,0.0,1.3599999999999999,0.0,0.0,0.0,0.0,1.0,4.0,2.0,5.0
92,Kim,Ji-soo,Ji-soo,a,,,4.5,537,142,0.0,573,196,0.0,501,190,0,0,0,0,0,30,63,0.0,0.0,0.0,0.0,0.0,501,190,,,464,184,465,185,408,174,474,184,,,,,,,,0.0,0.0,0.0,0.0,0.0,0.0,0.0,0.0,0.0,3,0,0.0,0.0,0.0,0.0,0.0,0.0,0.0,0.0,0.0,0.0,0.0,0.0,0.0,0.0,31.0,66.0,0.0,0.0,0.0,0.0,0.0,0.0,0.0,0.0,0.0,0.0,0.0,0.0,0.0
93,Jannik,Schuster,Schuster,a,,,4.5,519,137,0.1,374,139,1.3,219,81,4,0,0,0,0,49,156,0.3,0.9,1.3,1.3,4.0,79,32,,,447,180,449,181,391,170,457,180,,,,,,,,0.12,0.01,0.13,1.98,0.0,0.0,1.23,0.0,12.33,3,4,73.0,0.0,0.0,0.0,1.0,0.0,0.0,0.0,0.0,0.0,0.0,0.0,0.0,11.0,50.0,168.0,0.0,0.1,0.01,0.11,1.61,0.0,0.0,0.0,0.0,0.0,10.0,0.0,10.0
94,Kevin,Schade,Schade,a,,,6.0,78,53,4.2,85,28,5.0,49,23,2,0,0,0,0,8754,15928,0.8,2.5,5.0,5.0,5.0,54,24,,,30,15,111,67,4,1,15,11,,,2.0,,,,,0.26,0.07,0.33,1.26,0.0,0.34,0.67,1.01,7.75,3,2,90.0,0.0,0.0,0.0,1.0,0.0,0.0,0.0,0.0,0.0,0.0,1.0,0.0,11.0,11665.0,16533.0,0.0,0.0,0.17,0.16999999999999993,1.7100000000000004,0.0,0.0,0.0,0.0,0.0,0.0,5.0,5.0
95,Dango,Ouattara,O.Dango,a,,,6.4,52,36,0.8,218,71,1.7,214,98,1,-1,1,-1,1,365,5378,0.3,0.8,1.7,1.7,1.7,238,106,,,201,80,38,31,106,55,100,52,4.0,,,,,,,0.04,0.24,0.28,1.4,0.0,0.64,0.64,1.29,15.43,3,1,45.0,0.0,0.0,0.0,0.0,0.0,0.0,0.0,0.0,0.0,0.0,1.0,0.0,6.0,406.0,5688.0,0.0,0.0,0.010000000000000009,0.010000000000000009,0.3500000000000001,0.0,0.0,0.0,0.0,1.0,3.0,7.0,11.0
96,Mikkel,Damsgaard,Damsgaard,a,,,5.5,156,94,0.5,256,85,4.0,78,36,8,0,0,0,0,1139,830,0.7,2.2,4.0,4.0,4.0,83,37,,,159,58,20,18,77,43,59,39,2.0,3.0,,,,,,0.02,0.24,0.26,1.0,0.0,0.54,0.54,1.08,9.16,3,8,85.0,0.0,1.0,0.0,1.0,0.0,0.0,0.0,0.0,0.0,0.0,1.0,3.0,30.0,1160.0,905.0,0.0,0.0,0.21000000000000002,0.20999999999999996,1.6300000000000001,0.0,0.0,0.0,0.0,0.0,1.0,3.0,4.0
97,Mathias,Jensen,Jensen,i,Unspecified injury - Expected back 18 Sep,,5.5,142,86,0.1,368,135,2.0,190,88,0,0,0,0,0,9,1213,0.4,1.1,0.0,0.0,6.0,36,15,0.0,0.0,221,90,39,32,125,63,118,60,1.0,2.0,3.0,,,,,0.11,0.46,0.57,0.64,0.0,1.36,0.0,1.36,6.82,3,0,0.0,0.0,0.0,0.0,0.0,0.0,0.0,0.0,0.0,0.0,0.0,0.0,0.0,0.0,10.0,1277.0,0.0,0.0,0.0,0.0,0.0,0.0,0.0,0.0,0.0,0.0,0.0,0.0,0.0
98,Vitaly,Janelt,Janelt,a,,,5.0,266,165,1.0,196,61,7.0,16,5,11,0,0,0,0,26685,3926,1.4,4.2,7.0,7.0,7.0,17,6,,,18,11,10,10,66,40,16,12,3.0,,,,,,,0.17,0.11,0.28,1.25,0.0,0.33,0.67,1.0,11.67,3,11,90.0,1.0,0.0,0.0,1.0,0.0,0.0,0.0,1.0,0.0,0.0,1.0,3.0,30.0,26906.0,4009.0,0.0,0.10999999999999999,0.010000000000000009,0.12,1.7100000000000004,0.0,0.0,0.0,0.0,4.0,3.0,5.0,12.0
99,Antoni,Milambo,Milambo,i,Knee injury - Unknown return date,,5.0,350,211,0.0,646,285,0.0,591,249,0,0,0,0,0,7,9,0.0,0.0,0.0,0.0,0.0,591,249,0.0,0.0,566,234,574,241,540,214,574,237,,,,,,,,0.0,0.0,0.0,0.0,0.0,0.0,0.0,0.0,0.0,3,0,0.0,0.0,0.0,0.0,0.0,0.0,0.0,0.0,0.0,0.0,0.0,0.0,0.0,0.0,7.0,11.0,0.0,0.0,0.0,0.0,0.0,0.0,0.0,0.0,0.0,0.0,0.0,0.0,0.0
100,Fábio,Freitas Gouveia Carvalho,Carvalho,a,,,5.0,291,176,0.0,565,233,0.0,567,234,0,0,0,0,0,131,94,0.0,0.0,0.0,0.0,0.0,567,234,100.0,100.0,540,217,543,224,501,192,548,220,,,,,,,,0.0,0.0,0.0,0.0,0.0,0.0,0.0,0.0,0.0,3,0,0.0,0.0,0.0,0.0,0.0,0.0,0.0,0.0,0.0,0.0,0.0,0.0,0.0,0.0,133.0,95.0,0.0,0.0,0.0,0.0,0.0,0.0,0.0,0.0,0.0,0.0,0.0,0.0,0.0
102,Yehor,Yarmoliuk,Yarmoliuk,a,,,4.9,407,246,0.9,205,64,0.7,297,133,0,0,0,-1,1,267,3403,0.1,0.4,0.7,0.7,0.7,374,177,,,268,120,159,96,168,81,228,101,,,,,,,,0.07,0.03,0.1,2.81,0.0,0.0,2.02,0.0,11.12,3,0,45.0,0.0,0.0,0.0,1.0,0.0,0.0,0.0,1.0,0.0,0.0,0.0,0.0,1.0,275.0,3535.0,0.0,0.030000000000000006,0.019999999999999997,0.05,1.3599999999999999,0.0,0.0,0.0,0.0,1.0,1.0,3.0,5.0
103,Josh,Dasilva,Dasilva,i,Hamstring injury - Expected back 10 Oct,,5.0,260,160,0.0,569,235,0.0,556,229,0,0,0,0,0,8,212,0.0,0.0,0.0,0.0,0.0,556,229,0.0,0.0,527,211,530,219,486,185,536,215,,,,,,,,0.0,0.0,0.0,0.0,0.0,0.0,0.0,0.0,0.0,3,0,0.0,0.0,0.0,0.0,0.0,0.0,0.0,0.0,0.0,0.0,0.0,0.0,0.0,0.0,9.0,216.0,0.0,0.0,0.0,0.0,0.0,0.0,0.0,0.0,0.0,0.0,0.0,0.0,0.0
105,Jaidon,Anthony,Anthony,a,,,6.0,73,49,0.2,364,134,1.3,236,107,1,0,0,0,0,176,598,0.2,0.7,1.3,1.3,1.3,259,117,,,214,86,19,17,109,58,78,44,,,,,,,,0.13,0.3,0.43,1.09,0.0,0.7,0.7,0.7,9.14,3,1,45.0,0.0,0.0,0.0,1.0,0.0,0.0,0.0,0.0,0.0,0.0,0.0,0.0,3.0,187.0,619.0,0.0,0.04999999999999999,0.010000000000000009,0.05999999999999994,1.36,0.0,0.0,0.0,0.0,0.0,0.0,4.0,4.0
106,Igor Thiago,Nascimento Rodrigues,Thiago,a,,,8.0,9,3,12.9,32,6,1.3,242,28,2,0,0,0,0,5414,78438,0.2,0.5,1.3,1.3,1.3,261,32,,,279,26,186,23,19,9,105,15,,,1.0,,,,,0.79,0.03,0.82,1.26,0.0,0.34,0.69,1.03,5.15,3,2,90.0,0.0,0.0,0.0,1.0,0.0,0.0,0.0,0.0,0.0,0.0,1.0,0.0,9.0,6229.0,80990.0,0.0,0.4999999999999998,0.010000000000000009,0.51,1.71,0.0,0.0,0.0,0.0,1.0,3.0,2.0,6.0
107,Kaye,Furo,Furo,a,,,4.5,547,74,1.1,183,29,0.0,508,53,0,0,0,0,0,5470,2980,0.0,0.0,0.0,0.0,0.0,508,53,,,471,44,472,49,416,46,481,49,,,,,,,,0.0,0.0,0.0,0.0,0.0,0.0,0.0,0.0,0.0,3,0,0.0,0.0,0.0,0.0,0.0,0.0,0.0,0.0,0.0,0.0,0.0,0.0,0.0,0.0,5672.0,3083.0,0.0,0.0,0.0,0.0,0.0,0.0,0.0,0.0,0.0,0.0,0.0,0.0,0.0
108,Callum,Wilson,Wilson,a,,,5.5,122,31,0.4,277,48,1.0,264,30,1,0,0,0,0,825,1412,0.2,0.5,1.0,1.0,1.0,341,37,,,308,33,185,22,131,24,234,25,,,,,,,,0.48,0.28,0.76,1.04,0.0,0.0,0.0,0.0,13.85,3,1,4.0,0.0,0.0,0.0,0.0,0.0,0.0,0.0,0.0,0.0,0.0,0.0,0.0,2.0,859.0,1455.0,0.0,0.0,0.0,0.0,0.07999999999999999,0.0,0.0,0.0,0.0,0.0,1.0,0.0,1.0
565,Mamadou,Sangaré,M.Sangaré,a,,,5.7,118,77,15.0,28,10,6.0,34,15,0,0,0,2,-2,42877,60112,1.1,3.2,6.0,6.0,6.0,39,17,,,41,19,36,29,59,34,33,26,,,,,,,,0.18,0.16,0.34,0.98,0.0,0.43,0.43,1.29,13.71,3,0,45.0,0.0,0.0,0.0,0.0,0.0,0.0,0.0,1.0,0.0,0.0,1.0,0.0,0.0,51409.0,62070.0,0.0,0.14999999999999997,0.010000000000000009,0.16000000000000003,0.34999999999999987,0.0,0.0,0.0,0.0,1.0,1.0,3.0,5.0
620,El Hadji Malick,Diouf,Diouf,a,,,4.5,555,148,0.1,433,152,0.0,515,194,0,0,0,0,0,540,607,0.0,0.0,0.0,0.0,0.0,515,194,,,478,188,479,189,423,179,488,188,,,,,,,,0.0,0.0,0.0,0.0,0.0,0.0,0.0,0.0,0.0,3,0,0.0,0.0,0.0,0.0,0.0,0.0,0.0,0.0,0.0,0.0,0.0,0.0,0.0,0.0,579.0,620.0,0.0,0.0,0.0,0.0,0.0,0.0,0.0,0.0,0.0,0.0,0.0,0.0,0.0
109,Bart,Verbruggen,Verbruggen,a,,,4.5,507,43,22.1,12,2,3.0,111,11,3,0,0,0,0,39611,32986,0.7,2.0,3.0,3.0,3.0,123,11,,,197,21,437,45,379,44,269,21,,,,,,,,0.0,0.07,0.07,1.9,1.33,0.33,1.67,1.0,0.0,3,3,90.0,0.0,0.0,0.0,1.0,0.0,0.0,0.0,0.0,0.0,3.0,1.0,0.0,17.0,43184.0,36199.0,0.0,0.0,0.2,0.2,2.4899999999999998,0.0,0.0,0.0,0.0,0.0,0.0,5.0,0.0
111,Jason,Steele,Steele,a,,,4.0,578,51,4.2,84,13,0.0,387,25,0,0,0,0,0,10773,5453,0.0,0.0,0.0,0.0,0.0,387,25,,,342,25,332,4,254,3,351,25,,,,,,,,0.0,0.0,0.0,0.0,0.0,0.0,0.0,0.0,0.0,3,0,0.0,0.0,0.0,0.0,0.0,0.0,0.0,0.0,0.0,0.0,0.0,0.0,0.0,0.0,11619.0,6029.0,0.0,0.0,0.0,0.0,0.0,0.0,0.0,0.0,0.0,0.0,0.0,0.0,0.0
113,Ferdi,Kadıoğlu,F.Kadıoğlu,a,,,4.4,571,155,1.9,131,54,0.7,284,100,2,0,0,-1,1,1544,5228,0.2,0.5,0.7,0.7,1.0,272,101,100.0,100.0,302,114,138,42,158,53,222,86,3.0,,,,,,,0.04,0.01,0.05,2.87,0.0,0.0,2.69,1.08,2.69,3,2,77.0,0.0,0.0,0.0,1.0,0.0,0.0,0.0,0.0,0.0,0.0,1.0,0.0,8.0,1653.0,5528.0,0.0,0.06,0.01,0.07,2.4,0.0,0.0,0.0,0.0,1.0,4.0,2.0,5.0
114,Olivier,Boscagli,Boscagli,a,,,4.5,459,100,0.3,302,111,2.3,149,61,2,0,0,0,0,490,566,0.5,1.6,2.3,2.3,2.3,166,66,,,130,58,68,16,99,28,91,29,,,,,,,,0.02,0.16,0.18,1.9,0.0,0.33,1.67,1.0,4.33,3,2,90.0,0.0,0.0,0.0,1.0,0.0,0.0,0.0,0.0,0.0,0.0,1.0,0.0,17.0,535.0,598.0,0.0,0.0,0.32999999999999996,0.33,2.4899999999999998,0.0,0.0,0.0,0.0,0.0,4.0,4.0,4.0
115,Maxim,De Cuyper,De Cuyper,a,,,4.7,421,79,18.2,19,5,7.0,15,8,4,0,0,2,-2,112234,21263,1.5,4.5,7.0,7.0,7.0,16,8,,,60,23,14,1,35,4,19,1,2.0,4.0,,,,,,0.56,0.15,0.71,2.08,0.0,0.37,1.85,1.11,2.96,3,4,76.0,0.0,1.0,0.0,1.0,0.0,0.0,0.0,1.0,0.0,0.0,1.0,0.0,17.0,125322.0,22184.0,0.0,0.0,0.14,0.1399999999999999,2.4,0.0,0.0,0.0,0.0,1.0,1.0,4.0,2.0
116,Lewis,Dunk,Dunk,a,,,4.5,429,82,1.3,160,64,3.3,94,35,5,0,0,0,0,3278,1685,0.7,2.2,3.3,3.3,3.3,105,41,,,139,62,193,61,327,140,202,78,,3.0,,,,,,0.0,0.02,0.02,1.9,0.0,0.33,1.67,1.0,5.67,3,5,90.0,0.0,0.0,0.0,1.0,0.0,0.0,0.0,0.0,0.0,0.0,1.0,1.0,20.0,3453.0,1774.0,0.0,0.0,0.009999999999999995,0.009999999999999995,2.4899999999999998,0.0,0.0,0.0,0.0,0.0,12.0,5.0,12.0
117,Diego,Coppola,Coppola,a,,,4.5,529,140,0.0,571,195,0.0,495,189,0,0,0,0,0,32,64,0.0,0.0,0.0,0.0,0.0,495,189,,,457,183,459,184,401,173,467,183,,,,,,,,0.0,0.0,0.0,0.0,0.0,0.0,0.0,0.0,0.0,3,0,0.0,0.0,0.0,0.0,0.0,0.0,0.0,0.0,0.0,0.0,0.0,0.0,0.0,0.0,33.0,65.0,0.0,0.0,0.0,0.0,0.0,0.0,0.0,0.0,0.0,0.0,0.0,0.0,0.0
118,Igor Julio,dos Santos de Paulo,Igor,u,Has joined Burnley permanently,,4.5,466,105,0.1,481,170,0.0,460,175,0,0,0,0,0,0,696,0.0,0.0,0.0,0.0,0.0,460,175,0.0,0.0,420,167,416,167,352,151,430,167,,,,,,,,0.0,0.0,0.0,0.0,0.0,0.0,0.0,0.0,0.0,3,0,0.0,0.0,0.0,0.0,0.0,0.0,0.0,0.0,0.0,0.0,0.0,0.0,0.0,0.0,0.0,712.0,0.0,0.0,0.0,0.0,0.0,0.0,0.0,0.0,0.0,0.0,0.0,0.0,0.0
119,João Pedro,Loureiro da Costa,Costinha,a,,,4.5,493,126,0.0,523,181,0.7,291,106,1,0,0,0,0,46,62,0.2,0.4,0.7,0.7,0.7,373,131,,,244,98,239,79,95,26,224,87,,,,,,,,0.22,0.3,0.52,0.45,0.0,0.0,0.0,0.0,9.38,3,1,12.0,0.0,0.0,0.0,0.0,0.0,0.0,0.0,0.0,0.0,0.0,0.0,0.0,7.0,52.0,65.0,0.0,0.0,0.16,0.16000000000000003,0.09999999999999998,0.0,0.0,0.0,0.0,0.0,1.0,0.0,1.0
120,Michael,Svoboda,Svoboda,a,,,5.0,302,53,0.1,492,173,0.0,570,205,0,0,0,0,0,182,205,0.0,0.0,0.0,0.0,0.0,570,205,,,544,204,549,204,510,198,552,204,,,,,,,,0.0,0.0,0.0,0.0,0.0,0.0,0.0,0.0,0.0,3,0,0.0,0.0,0.0,0.0,0.0,0.0,0.0,0.0,0.0,0.0,0.0,0.0,0.0,0.0,187.0,212.0,0.0,0.0,0.0,0.0,0.0,0.0,0.0,0.0,0.0,0.0,0.0,0.0,0.0
121,Mitoma,Kaoru,Mitoma,i,Hamstring injury - Unknown return date,,5.9,101,65,0.0,528,217,0.0,633,275,0,-1,1,-1,1,16,150,0.0,0.0,0.0,0.0,0.0,633,275,0.0,0.0,628,273,628,273,622,268,629,273,,,,,,,,0.0,0.0,0.0,0.0,0.0,0.0,0.0,0.0,0.0,3,0,0.0,0.0,0.0,0.0,0.0,0.0,0.0,0.0,0.0,0.0,0.0,0.0,0.0,0.0,16.0,153.0,0.0,0.0,0.0,0.0,0.0,0.0,0.0,0.0,0.0,0.0,0.0,0.0,0.0
122,Yankuba,Minteh,Minteh,i,Leg injury - Expected back 28 Nov,,5.9,111,71,0.0,508,208,0.0,635,277,0,0,0,-1,1,13,247,0.0,0.0,0.0,0.0,0.0,635,277,0.0,0.0,630,275,630,275,625,271,631,275,5.0,,,,,,,0.0,0.0,0.0,0.0,0.0,0.0,0.0,0.0,0.0,3,0,0.0,0.0,0.0,0.0,0.0,0.0,0.0,0.0,0.0,0.0,0.0,0.0,0.0,0.0,14.0,249.0,0.0,0.0,0.0,0.0,0.0,0.0,0.0,0.0,0.0,0.0,0.0,0.0,0.0
123,Jack,Hinshelwood,Hinshelwood,d,Unspecified injury - 50% chance of playing,,6.0,79,54,1.2,170,53,5.3,43,21,0,0,0,0,0,450,11381,0.9,2.7,2.6,2.6,16.0,1,1,50.0,50.0,12,8,158,95,24,14,26,20,,,,,,,,2.01,0.03,2.04,0.27,0.0,1.43,0.0,1.43,4.29,3,0,0.0,0.0,0.0,0.0,0.0,0.0,0.0,0.0,0.0,0.0,0.0,0.0,0.0,0.0,465.0,11895.0,0.0,0.0,0.0,0.0,0.0,0.0,0.0,0.0,0.0,0.0,0.0,0.0,0.0
124,Pascal,Groß,Groß,a,,,5.5,121,78,16.0,25,9,5.3,41,19,1,0,0,0,0,61833,30982,1.0,2.9,5.3,5.3,5.3,46,21,,,19,12,5,5,62,37,8,7,1.0,1.0,1.0,,,,,0.28,0.14,0.42,1.9,0.0,0.33,1.67,1.0,5.0,3,1,90.0,0.0,0.0,0.0,1.0,0.0,0.0,0.0,1.0,0.0,0.0,1.0,0.0,-1.0,69454.0,32310.0,0.0,0.7899999999999999,0.03999999999999998,0.8300000000000001,2.4899999999999998,0.0,0.0,0.0,0.0,0.0,2.0,2.0,4.0
125,Georginio,Rutter,Georginio,d,Unspecified injury - 75% chance of playing,,5.5,162,42,0.7,228,38,1.7,212,20,0,0,0,0,0,320,4496,0.3,0.9,1.3,1.3,5.0,52,5,75.0,75.0,177,14,176,19,116,22,183,20,,,,,,,,0.08,0.44,0.52,0.29,0.0,1.0,0.0,1.0,7.0,3,0,0.0,0.0,0.0,0.0,0.0,0.0,0.0,0.0,0.0,0.0,0.0,0.0,0.0,0.0,344.0,4713.0,0.0,0.0,0.0,0.0,0.0,0.0,0.0,0.0,0.0,0.0,0.0,0.0,0.0
126,Matt,O'Riley,O'Riley,a,,,5.5,144,87,0.1,423,167,0.0,622,268,0,0,0,0,0,223,347,0.0,0.0,0.0,0.0,0.0,622,268,,,608,261,612,262,596,250,613,262,,,3.0,,,,,0.0,0.0,0.0,0.0,0.0,0.0,0.0,0.0,0.0,3,0,0.0,0.0,0.0,0.0,0.0,0.0,0.0,0.0,0.0,0.0,0.0,0.0,0.0,0.0,226.0,357.0,0.0,0.0,0.0,0.0,0.0,0.0,0.0,0.0,0.0,0.0,0.0,0.0,0.0
127,Diego,Gómez Amarilla,Gomez,a,,,5.0,338,201,5.0,75,23,4.3,61,30,2,0,0,0,0,21562,16634,0.9,2.6,4.3,4.3,4.3,67,31,,,106,39,41,33,6,3,20,15,,5.0,,,,,,0.22,0.24,0.46,1.94,0.0,0.34,1.7,1.02,6.79,3,2,90.0,0.0,0.0,0.0,1.0,0.0,0.0,0.0,0.0,0.0,0.0,1.0,0.0,13.0,24474.0,17680.0,0.0,0.08999999999999997,0.04999999999999993,0.14000000000000012,2.4899999999999998,0.0,0.0,0.0,0.0,3.0,2.0,4.0,9.0
128,Facundo,Buonanotte,Buonanotte,u,Has joined Elche on loan for the rest of the season,,5.0,348,209,0.0,642,282,0.0,590,248,0,0,0,0,0,0,17,0.0,0.0,0.0,0.0,0.0,590,248,0.0,0.0,565,233,573,240,539,213,573,236,,,,,,,,0.0,0.0,0.0,0.0,0.0,0.0,0.0,0.0,0.0,3,0,0.0,0.0,0.0,0.0,0.0,0.0,0.0,0.0,0.0,0.0,0.0,0.0,0.0,0.0,0.0,17.0,0.0,0.0,0.0,0.0,0.0,0.0,0.0,0.0,0.0,0.0,0.0,0.0,0.0
129,Yasin,Ayari,Ayari,a,,,5.4,227,142,0.4,272,91,1.3,228,103,2,0,0,-1,1,378,1790,0.2,0.7,1.3,1.0,2.0,211,94,100.0,75.0,597,255,147,88,190,94,274,122,4.0,2.0,,,,,,0.16,0.04,0.2,1.58,0.0,0.59,0.59,1.18,4.12,3,2,90.0,0.0,0.0,0.0,1.0,0.0,0.0,0.0,0.0,0.0,0.0,1.0,0.0,18.0,379.0,1967.0,0.0,0.17000000000000004,0.04000000000000001,0.20999999999999996,2.49,0.0,0.0,0.0,0.0,0.0,1.0,2.0,3.0
130,Mats,Wieffer,Wieffer,i,Knee injury - Unknown return date,,5.0,309,55,0.4,276,102,2.3,157,64,0,0,0,0,0,24,6466,0.5,1.4,0.0,0.0,3.5,104,40,0.0,0.0,110,49,60,14,148,48,93,31,,,,,,,,0.07,0.08,0.15,1.83,0.0,0.58,2.31,1.15,8.65,3,0,0.0,0.0,0.0,0.0,0.0,0.0,0.0,0.0,0.0,0.0,0.0,0.0,0.0,0.0,25.0,6649.0,0.0,0.0,0.0,0.0,0.0,0.0,0.0,0.0,0.0,0.0,0.0,0.0,0.0
132,Harry,Howell,Howell,u,Has joined Leicester City on loan for the rest of the season,,4.5,550,281,0.0,516,212,0.0,511,201,0,0,0,0,0,0,164,0.0,0.0,0.0,0.0,0.0,511,201,0.0,0.0,474,179,475,188,419,146,484,184,,,,,,,,0.0,0.0,0.0,0.0,0.0,0.0,0.0,0.0,0.0,3,0,0.0,0.0,0.0,0.0,0.0,0.0,0.0,0.0,0.0,0.0,0.0,0.0,0.0,0.0,0.0,166.0,0.0,0.0,0.0,0.0,0.0,0.0,0.0,0.0,0.0,0.0,0.0,0.0,0.0
133,Tom,Watson,Watson,u,Has joined Leicester City on loan for the rest of the season,,5.0,353,214,0.0,649,287,0.0,593,251,0,0,0,0,0,0,5,0.0,0.0,0.0,0.0,0.0,593,251,0.0,0.0,568,236,576,243,543,217,576,239,,,,,,,,0.0,0.0,0.0,0.0,0.0,0.0,0.0,0.0,0.0,3,0,0.0,0.0,0.0,0.0,0.0,0.0,0.0,0.0,0.0,0.0,0.0,0.0,0.0,0.0,0.0,5.0,0.0,0.0,0.0,0.0,0.0,0.0,0.0,0.0,0.0,0.0,0.0,0.0,0.0
134,Nehemiah,Oriola,Oriola,a,,,4.5,533,274,0.3,306,106,0.0,498,195,0,0,0,0,0,617,636,0.0,0.0,0.0,0.0,0.0,498,195,,,460,173,462,182,404,140,470,178,,,,,,,,0.0,0.0,0.0,0.0,0.0,0.0,0.0,0.0,0.0,3,0,0.0,0.0,0.0,0.0,0.0,0.0,0.0,0.0,0.0,0.0,0.0,0.0,0.0,0.0,640.0,657.0,0.0,0.0,0.0,0.0,0.0,0.0,0.0,0.0,0.0,0.0,0.0,0.0,0.0
135,Zadok,Yohanna,Yohanna,a,,,4.9,420,256,0.1,485,193,0.3,352,160,0,-1,1,-1,1,132,252,0.1,0.2,0.3,0.3,1.0,304,129,,,335,154,273,140,468,175,334,154,,,,,,,,0.0,0.22,0.22,0.0,0.0,0.0,0.0,0.0,0.0,3,0,0.0,0.0,0.0,0.0,0.0,0.0,0.0,0.0,0.0,0.0,0.0,0.0,0.0,0.0,135.0,261.0,0.0,0.0,0.0,0.0,0.0,0.0,0.0,0.0,0.0,0.0,0.0,0.0,0.0
138,Charalampos,Kostoulas,Kostoulas,a,,,5.5,194,45,0.5,252,42,2.7,138,13,2,0,0,0,0,3147,1313,0.5,1.5,2.7,2.7,2.7,153,17,,,276,25,145,14,71,16,184,21,,,,,,,,0.36,0.02,0.38,2.53,0.0,0.0,2.31,0.92,7.38,3,2,90.0,0.0,0.0,0.0,1.0,0.0,0.0,0.0,0.0,0.0,0.0,1.0,0.0,9.0,3418.0,1363.0,0.0,0.43000000000000005,0.02,0.44999999999999996,2.49,0.0,0.0,0.0,0.0,1.0,3.0,4.0,8.0
139,Evan,Ferguson,Ferguson,i,Ankle injury - Expected back 10 Oct,,5.0,318,57,0.0,534,71,0.0,576,61,0,0,0,0,0,123,157,0.0,0.0,0.0,0.0,0.0,576,61,0.0,0.0,550,52,557,57,520,54,558,57,,,,,,,,0.0,0.0,0.0,0.0,0.0,0.0,0.0,0.0,0.0,3,0,0.0,0.0,0.0,0.0,0.0,0.0,0.0,0.0,0.0,0.0,0.0,0.0,0.0,0.0,125.0,160.0,0.0,0.0,0.0,0.0,0.0,0.0,0.0,0.0,0.0,0.0,0.0,0.0,0.0
328,Pascal,Struijk,Struijk,a,,,5.0,281,47,0.2,341,125,0.3,356,131,1,0,0,0,0,285,577,0.1,0.2,0.3,0.3,1.0,311,124,100.0,100.0,534,202,537,202,494,195,542,202,,,,,,,,0.0,0.0,0.0,0.0,0.0,0.0,0.0,0.0,0.0,3,1,1.0,0.0,0.0,0.0,0.0,0.0,0.0,0.0,0.0,0.0,0.0,0.0,0.0,3.0,300.0,596.0,0.0,0.0,0.0,0.0,0.0,0.0,0.0,0.0,0.0,0.0,0.0,0.0,0.0
504,Luka,Vušković,Vuskovic,a,,,5.0,366,65,2.5,114,46,6.0,30,14,12,0,0,0,0,14148,4877,1.2,3.6,6.0,6.0,6.0,33,15,,,116,53,164,49,104,30,135,49,,,,,,,,0.12,0.02,0.14,1.9,0.0,0.33,1.67,1.0,7.33,3,12,90.0,1.0,0.0,0.0,1.0,0.0,0.0,0.0,0.0,0.0,0.0,1.0,2.0,27.0,14457.0,5207.0,0.0,0.18999999999999997,0.009999999999999995,0.19999999999999998,2.4899999999999998,0.0,0.0,0.0,0.0,2.0,8.0,4.0,10.0
594,Promise,David,David,a,,,6.0,80,17,0.2,317,52,0.3,379,44,0,0,0,0,0,740,1243,0.0,0.2,0.3,0.3,0.5,384,45,,,637,73,222,31,633,73,321,38,,,2.0,,,,,1.64,0.0,1.64,0.55,0.0,0.0,0.0,0.0,0.0,3,0,13.0,0.0,0.0,0.0,0.0,0.0,0.0,0.0,1.0,0.0,0.0,0.0,0.0,-7.0,764.0,1290.0,0.0,0.42,0.0,0.42,0.1,0.0,0.0,0.0,0.0,0.0,0.0,0.0,0.0
600,Ibrahim,Osman,Osman,a,,,5.0,367,224,0.0,574,236,0.7,310,140,0,0,0,0,0,44,66,0.1,0.4,0.7,0.7,1.0,325,144,,,251,110,139,84,189,93,219,97,,,,,,,,0.0,0.19,0.19,0.32,0.0,0.0,3.21,0.0,9.64,3,0,0.0,0.0,0.0,0.0,0.0,0.0,0.0,0.0,0.0,0.0,0.0,0.0,0.0,0.0,46.0,67.0,0.0,0.0,0.0,0.0,0.0,0.0,0.0,0.0,0.0,0.0,0.0,0.0,0.0
605,Malick,Yalcouyé,Yalcouyé,a,,,4.5,553,282,2.4,116,36,3.7,84,38,2,0,0,0,0,42768,8396,0.8,2.4,3.7,3.7,3.7,92,40,,,50,26,112,68,41,25,48,34,,,,,,,,0.4,0.14,0.54,2.87,0.0,0.0,2.16,1.08,6.47,3,2,90.0,0.0,0.0,0.0,1.0,0.0,0.0,0.0,0.0,0.0,0.0,1.0,0.0,16.0,44963.0,8797.0,0.0,0.050000000000000044,0.09,0.14,2.49,0.0,0.0,0.0,0.0,0.0,2.0,3.0,5.0
614,Jaouen,Hadjam,Hadjam,a,,,4.5,518,136,0.0,514,178,0.0,485,186,0,0,0,0,0,125,153,0.0,0.0,0.0,0.0,0.0,485,186,,,446,179,448,180,390,169,456,179,,,,,,,,0.0,0.0,0.0,0.0,0.0,0.0,0.0,0.0,0.0,3,0,0.0,0.0,0.0,0.0,0.0,0.0,0.0,0.0,0.0,0.0,0.0,0.0,0.0,0.0,131.0,154.0,0.0,0.0,0.0,0.0,0.0,0.0,0.0,0.0,0.0,0.0,0.0,0.0,0.0
624,Amario,Cozier-Duberry,Cozier-Duberry,u,Has joined Middlesbrough on loan for the rest of the season,,5.0,342,205,0.0,651,289,0.0,587,245,0,0,0,0,0,0,21,0.0,0.0,0.0,0.0,0.0,587,245,0.0,0.0,562,230,570,237,536,210,570,233,,,,,,,,0.0,0.0,0.0,0.0,0.0,0.0,0.0,0.0,0.0,3,0,0.0,0.0,0.0,0.0,0.0,0.0,0.0,0.0,0.0,0.0,0.0,0.0,0.0,0.0,0.0,21.0,0.0,0.0,0.0,0.0,0.0,0.0,0.0,0.0,0.0,0.0,0.0,0.0,0.0
137,Stefanos,Tzimas,Tzimas,i,Knee injury - Unknown return date,,5.5,192,44,0.0,615,77,0.0,628,72,0,0,0,0,0,18,38,0.0,0.0,0.0,0.0,0.0,628,72,0.0,0.0,619,66,623,70,612,68,623,70,,,,,,,,0.0,0.0,0.0,0.0,0.0,0.0,0.0,0.0,0.0,3,0,0.0,0.0,0.0,0.0,0.0,0.0,0.0,0.0,0.0,0.0,0.0,0.0,0.0,0.0,19.0,39.0,0.0,0.0,0.0,0.0,0.0,0.0,0.0,0.0,0.0,0.0,0.0,0.0,0.0
639,José María,Andrés Baixauli,Andrés,a,,,5.5,191,118,0.0,626,270,0.0,627,273,0,0,0,0,0,154,43,0.0,0.0,2.0,2.0,0.0,627,273,,,618,270,622,271,611,263,622,270,,,,,,,,0.0,0.0,0.0,0.0,0.0,0.0,0.0,0.0,0.0,3,0,0.0,0.0,0.0,0.0,0.0,0.0,0.0,0.0,0.0,0.0,0.0,0.0,0.0,0.0,158.0,44.0,0.0,0.0,0.0,0.0,0.0,0.0,0.0,0.0,0.0,0.0,0.0,0.0,0.0
652,Femi,Azeez,Azeez,i,Unspecified injury - Expected back 13 Sep,,5.5,166,100,0.0,638,279,0.0,624,270,0,0,0,0,0,55,20,0.0,0.0,0.0,0.0,0.0,624,270,0.0,0.0,612,264,616,265,604,257,617,265,,,,,,,,0.0,0.0,0.0,0.0,0.0,0.0,0.0,0.0,0.0,3,0,0.0,0.0,0.0,0.0,0.0,0.0,0.0,0.0,0.0,0.0,0.0,0.0,0.0,0.0,57.0,22.0,0.0,0.0,0.0,0.0,0.0,0.0,0.0,0.0,0.0,0.0,0.0,0.0,0.0
28,Emiliano,Martínez Romero,Martinez,a,,,5.0,244,7,4.6,78,11,1.7,201,18,3,0,0,0,0,24598,9564,0.3,1.0,1.7,1.7,2.5,158,14,,,113,12,126,1,473,57,151,8,,,,,,,,0.0,0.01,0.01,1.73,5.96,0.0,2.65,1.32,0.0,3,3,45.0,0.0,0.0,0.0,1.0,0.0,0.0,0.0,0.0,0.0,5.0,1.0,1.0,18.0,24948.0,9928.0,0.0,0.0,0.0,0.0,1.2100000000000002,0.0,0.0,0.0,0.0,0.0,0.0,5.0,0.0
40,Morgan,Rogers,Rogers,a,,,7.5,17,10,25.6,9,5,7.0,20,7,8,0,0,0,0,138762,30314,0.9,2.8,7.0,7.0,7.0,21,8,,,9,6,2,2,31,20,5,4,4.0,,,,,,,0.48,0.46,0.94,1.6,0.0,0.0,2.49,1.24,6.64,3,8,45.0,1.0,0.0,0.0,1.0,0.0,0.0,0.0,0.0,0.0,0.0,1.0,2.0,22.0,140021.0,33702.0,0.0,0.04999999999999982,0.010000000000000009,0.06000000000000005,1.21,0.0,0.0,0.0,0.0,0.0,0.0,4.0,4.0
101,Jordan,Henderson,Henderson,d,Wrist injury - 75% chance of playing,,5.0,238,149,0.0,532,219,0.0,547,223,0,0,0,0,0,51,146,0.0,0.0,0.0,0.0,0.0,547,223,75.0,75.0,515,204,517,213,469,176,525,209,,,,,,,,0.0,0.0,0.0,0.0,0.0,0.0,0.0,0.0,0.0,3,0,0.0,0.0,0.0,0.0,0.0,0.0,0.0,0.0,0.0,0.0,0.0,0.0,0.0,0.0,51.0,150.0,0.0,0.0,0.0,0.0,0.0,0.0,0.0,0.0,0.0,0.0,0.0,0.0,0.0
136,Danny,Welbeck,Welbeck,a,,,5.9,86,21,0.8,214,36,0.0,631,74,0,0,0,-1,1,2056,3168,0.0,0.0,0.0,0.0,0.0,631,74,100.0,100.0,622,68,626,72,616,70,626,72,,,,,,,,0.0,0.0,0.0,0.0,0.0,0.0,0.0,0.0,0.0,3,0,0.0,0.0,0.0,0.0,0.0,0.0,0.0,0.0,0.0,0.0,0.0,0.0,0.0,0.0,2095.0,3274.0,0.0,0.0,0.0,0.0,0.0,0.0,0.0,0.0,0.0,0.0,0.0,0.0,0.0
140,Robert,Lynch Sánchez,Sánchez,u,Has joined Como on loan for the rest of the season,,4.9,387,19,1.2,173,26,0.7,295,21,0,0,0,-1,1,0,15384,0.1,0.4,0.0,0.0,2.0,197,18,0.0,0.0,172,18,497,53,444,52,252,18,,,,,,,,0.0,0.01,0.01,1.33,4.0,0.0,2.0,1.0,0.0,3,0,0.0,0.0,0.0,0.0,0.0,0.0,0.0,0.0,0.0,0.0,0.0,0.0,0.0,0.0,0.0,15974.0,0.0,0.0,0.0,0.0,0.0,0.0,0.0,0.0,0.0,0.0,0.0,0.0,0.0
141,Filip,Jörgensen,Jörgensen,u,Has joined RC Strasbourg on loan for the rest of the season,,5.0,336,17,0.0,604,70,0.0,586,71,0,0,0,0,0,0,38,0.0,0.0,0.0,0.0,0.0,586,71,0.0,0.0,561,71,569,67,534,67,569,71,,,,,,,,0.0,0.0,0.0,0.0,0.0,0.0,0.0,0.0,0.0,3,0,0.0,0.0,0.0,0.0,0.0,0.0,0.0,0.0,0.0,0.0,0.0,0.0,0.0,0.0,0.0,39.0,0.0,0.0,0.0,0.0,0.0,0.0,0.0,0.0,0.0,0.0,0.0,0.0,0.0
142,Reece,James,James,a,,,5.4,205,28,7.9,54,21,0.7,314,115,1,-1,1,-1,1,7923,20015,0.1,0.4,0.7,0.7,0.7,377,133,,,161,73,135,40,84,20,141,53,1.0,1.0,,,,,,0.06,0.06,0.12,1.53,0.0,0.0,2.28,1.14,3.99,3,1,45.0,0.0,0.0,0.0,1.0,0.0,0.0,0.0,0.0,0.0,0.0,1.0,0.0,3.0,8029.0,21597.0,0.0,0.009999999999999995,0.039999999999999994,0.04999999999999999,1.2100000000000002,0.0,0.0,0.0,0.0,0.0,1.0,2.0,1.0
143,Trevoh,Chalobah,Chalobah,u,Has joined Como permanently,,5.5,132,14,0.1,439,156,0.0,619,212,0,0,0,0,0,0,435,0.0,0.0,0.0,0.0,0.0,619,212,0.0,0.0,605,212,608,212,590,210,610,212,,,,,,,,0.0,0.0,0.0,0.0,0.0,0.0,0.0,0.0,0.0,3,0,0.0,0.0,0.0,0.0,0.0,0.0,0.0,0.0,0.0,0.0,0.0,0.0,0.0,0.0,0.0,447.0,0.0,0.0,0.0,0.0,0.0,0.0,0.0,0.0,0.0,0.0,0.0,0.0,0.0
144,Malo,Gusto,Gusto,a,,,5.0,314,56,1.1,180,71,0.7,305,114,0,0,0,0,0,2311,2952,0.1,0.4,0.7,0.7,1.0,314,125,,,207,88,183,59,187,65,213,83,,,,,,,,0.0,0.02,0.02,1.37,0.0,0.0,2.73,1.09,4.36,3,0,0.0,0.0,0.0,0.0,0.0,0.0,0.0,0.0,0.0,0.0,0.0,0.0,0.0,0.0,2349.0,3077.0,0.0,0.0,0.0,0.0,0.0,0.0,0.0,0.0,0.0,0.0,0.0,0.0,0.0
145,Wesley,Fofana,Fofana,a,,,5.0,297,52,0.1,447,159,1.0,256,95,3,0,0,0,0,1023,276,0.2,0.6,1.0,1.0,1.5,240,86,100.0,100.0,179,78,285,104,505,197,258,95,,,,,,,,0.0,0.03,0.03,1.97,0.0,0.0,2.39,1.59,16.73,3,3,45.0,0.0,0.0,0.0,1.0,0.0,0.0,0.0,0.0,0.0,0.0,1.0,0.0,4.0,1031.0,280.0,0.0,0.0,0.03,0.03,1.2100000000000002,0.0,0.0,0.0,0.0,2.0,10.0,2.0,12.0
146,Benoît,Badiashile Mukinayi,B.Badiashile,u,Has joined Napoli on loan for the rest of the season,,4.5,477,113,0.0,590,201,0.0,464,177,0,0,0,0,0,0,93,0.0,0.0,0.0,0.0,0.0,464,177,0.0,0.0,424,169,421,169,358,154,434,169,,,,,,,,0.0,0.0,0.0,0.0,0.0,0.0,0.0,0.0,0.0,3,0,0.0,0.0,0.0,0.0,0.0,0.0,0.0,0.0,0.0,0.0,0.0,0.0,0.0,0.0,0.0,95.0,0.0,0.0,0.0,0.0,0.0,0.0,0.0,0.0,0.0,0.0,0.0,0.0,0.0
148,Jorrel,Hato,Hato,a,,,4.5,530,141,0.7,225,85,3.0,112,44,4,0,0,0,0,10689,2123,0.7,2.0,3.0,3.0,3.0,124,51,,,98,45,72,20,138,46,92,30,,,,,,,,0.0,0.05,0.05,1.65,0.0,0.0,2.7,1.35,5.85,3,4,45.0,0.0,1.0,0.0,1.0,0.0,0.0,0.0,0.0,0.0,0.0,1.0,0.0,8.0,10817.0,2191.0,0.0,0.0,0.020000000000000004,0.01999999999999999,1.21,0.0,0.0,0.0,0.0,2.0,2.0,1.0,4.0
149,Levi,Samuels Colwill,Colwill,a,,,4.9,401,73,1.2,168,67,0.3,348,128,0,-1,1,-1,1,2009,4204,0.1,0.2,0.3,0.3,0.5,380,134,,,180,79,248,84,166,58,220,85,,,,,,,,0.01,0.02,0.03,1.48,0.0,0.0,2.24,1.12,7.27,3,0,0.0,0.0,0.0,0.0,0.0,0.0,0.0,0.0,0.0,0.0,0.0,0.0,0.0,0.0,2050.0,4496.0,0.0,0.0,0.0,0.0,0.0,0.0,0.0,0.0,0.0,0.0,0.0,0.0,0.0
150,Mamadou,Sarr,M.Sarr,u,Has joined Real Sociedad on loan for the rest of the season,,4.5,539,143,0.0,512,177,0.0,503,191,0,0,0,0,0,0,321,0.0,0.0,0.0,0.0,0.0,503,191,0.0,0.0,466,185,467,186,410,175,476,185,,,,,,,,0.0,0.0,0.0,0.0,0.0,0.0,0.0,0.0,0.0,3,0,0.0,0.0,0.0,0.0,0.0,0.0,0.0,0.0,0.0,0.0,0.0,0.0,0.0,0.0,0.0,330.0,0.0,0.0,0.0,0.0,0.0,0.0,0.0,0.0,0.0,0.0,0.0,0.0,0.0
151,Josh,Acheampong,Acheampong,a,,,4.5,542,145,0.4,275,101,1.7,200,75,1,0,0,0,0,889,902,0.4,1.1,1.7,1.7,1.7,228,84,,,96,44,237,77,223,84,187,70,,,,,,,,0.0,0.01,0.01,1.53,0.0,0.0,2.28,1.14,10.82,3,1,45.0,0.0,0.0,0.0,1.0,0.0,0.0,0.0,0.0,0.0,0.0,1.0,0.0,-1.0,905.0,945.0,0.0,0.0,0.01,0.01,1.2100000000000002,0.0,0.0,0.0,0.0,0.0,1.0,1.0,1.0
152,Marco,Palestra,Palestra,d,Unspecified injury - 75% chance of playing,,5.4,235,33,1.2,169,68,0.0,617,211,0,0,0,-1,1,241,7208,0.0,0.0,0.0,0.0,0.0,617,211,75.0,75.0,602,211,604,211,584,209,608,211,,,,,,,,0.0,0.0,0.0,0.0,0.0,0.0,0.0,0.0,0.0,3,0,0.0,0.0,0.0,0.0,0.0,0.0,0.0,0.0,0.0,0.0,0.0,0.0,0.0,0.0,247.0,8091.0,0.0,0.0,0.0,0.0,0.0,0.0,0.0,0.0,0.0,0.0,0.0,0.0,0.0
154,Cole,Palmer,Palmer,a,,,9.6,3,2,20.3,13,6,6.7,26,10,0,0,0,1,-1,136205,16766,0.7,2.1,6.7,6.7,6.7,27,11,100.0,100.0,3,3,15,14,9,5,3,3,,3.0,1.0,,,,,0.4,0.14,0.54,1.59,0.0,0.0,2.48,1.24,7.43,3,0,45.0,0.0,0.0,0.0,1.0,0.0,0.0,0.0,1.0,0.0,0.0,1.0,0.0,1.0,140099.0,19109.0,0.0,0.020000000000000018,0.020000000000000018,0.040000000000000036,1.21,0.0,0.0,0.0,0.0,0.0,0.0,1.0,1.0
156,Pedro,Lomba Neto,Neto,a,,,6.5,37,25,1.3,159,49,3.0,124,50,1,0,0,0,0,5230,2799,0.5,1.4,3.0,3.0,3.0,140,55,,,53,27,83,51,43,26,42,31,2.0,4.0,,,,,,0.33,0.29,0.62,1.91,0.0,0.0,2.13,1.42,8.5,3,1,45.0,0.0,0.0,0.0,1.0,0.0,0.0,0.0,0.0,0.0,0.0,1.0,0.0,4.0,5319.0,2931.0,0.0,0.02999999999999997,0.009999999999999953,0.040000000000000036,1.21,0.0,0.0,0.0,0.0,0.0,2.0,2.0,4.0
157,Estêvão,Almeida de Oliveira Gonçalves,Estêvão,a,,,6.4,53,37,0.8,216,69,0.3,383,180,0,0,0,-1,1,739,3658,0.0,0.2,0.3,0.3,1.0,366,172,,,339,158,312,157,641,282,348,163,5.0,,3.0,,,,,0.0,0.0,0.0,1.16,0.0,0.0,0.0,0.0,12.86,3,0,0.0,0.0,0.0,0.0,0.0,0.0,0.0,0.0,0.0,0.0,0.0,0.0,0.0,0.0,750.0,3823.0,0.0,0.0,0.0,0.0,0.0,0.0,0.0,0.0,0.0,0.0,0.0,0.0,0.0
158,Jamie,Bynoe-Gittens,Gittens,a,,,5.9,102,66,0.0,541,221,0.0,634,276,0,0,0,-1,1,80,132,0.0,0.0,0.0,0.0,0.0,634,276,,,629,274,629,274,623,269,630,274,,,,,,,,0.0,0.0,0.0,0.0,0.0,0.0,0.0,0.0,0.0,3,0,0.0,0.0,0.0,0.0,0.0,0.0,0.0,0.0,0.0,0.0,0.0,0.0,0.0,0.0,84.0,142.0,0.0,0.0,0.0,0.0,0.0,0.0,0.0,0.0,0.0,0.0,0.0,0.0,0.0
159,Moisés,Caicedo Corozo,Caicedo,d,Unspecified injury - 75% chance of playing,,5.4,223,138,1.8,134,41,0.3,370,171,0,0,0,-1,1,642,10774,0.1,0.2,0.2,0.2,1.0,335,151,75.0,75.0,593,251,329,167,576,238,600,253,,,,,,,,0.0,0.0,0.0,0.48,0.0,0.0,0.0,0.0,0.0,3,0,0.0,0.0,0.0,0.0,0.0,0.0,0.0,0.0,0.0,0.0,0.0,0.0,0.0,0.0,655.0,11304.0,0.0,0.0,0.0,0.0,0.0,0.0,0.0,0.0,0.0,0.0,0.0,0.0,0.0
161,Roméo,Lavia,Lavia,a,,,5.0,339,202,0.2,335,121,3.0,117,47,1,0,0,0,0,2184,750,0.6,1.8,3.0,3.0,3.0,132,52,,,48,24,114,70,15,9,28,22,,,,,,,,0.38,0.02,0.4,1.79,0.0,0.0,2.54,1.53,10.68,3,1,45.0,0.0,0.0,0.0,1.0,0.0,0.0,0.0,0.0,0.0,0.0,1.0,0.0,6.0,2276.0,773.0,0.0,0.0,0.010000000000000002,0.010000000000000009,1.21,0.0,0.0,0.0,0.0,0.0,2.0,3.0,5.0
163,Dário,Luís Essugo,D.Essugo,u,Has joined RC Strasbourg on loan for the rest of the season,,4.5,509,267,0.1,376,138,0.0,476,188,0,0,0,0,0,0,1449,0.0,0.0,0.0,0.0,0.0,476,188,0.0,0.0,437,166,439,175,381,133,447,171,,,,,,,,0.0,0.0,0.0,0.0,0.0,0.0,0.0,0.0,0.0,3,0,0.0,0.0,0.0,0.0,0.0,0.0,0.0,0.0,0.0,0.0,0.0,0.0,0.0,0.0,0.0,1492.0,0.0,0.0,0.0,0.0,0.0,0.0,0.0,0.0,0.0,0.0,0.0,0.0,0.0
164,Geovany,Quenda,Quenda,a,,,5.4,233,147,0.0,521,215,0.3,374,174,0,0,0,-1,1,71,141,0.1,0.2,0.3,0.3,1.0,340,155,100.0,100.0,325,147,317,161,240,116,319,146,,,,,,,,0.0,0.0,0.0,1.01,0.0,0.0,0.0,0.0,11.25,3,0,0.0,0.0,0.0,0.0,0.0,0.0,0.0,0.0,0.0,0.0,0.0,0.0,0.0,0.0,73.0,147.0,0.0,0.0,0.0,0.0,0.0,0.0,0.0,0.0,0.0,0.0,0.0,0.0,0.0
165,João Pedro,Junqueira de Jesus,João Pedro,a,,,7.7,15,5,71.8,1,1,6.7,25,3,0,0,0,2,-2,94815,18228,0.9,2.6,6.7,6.7,6.7,26,3,,,4,1,40,1,7,4,4,1,,,,,,,,0.74,0.04,0.78,1.57,0.0,0.0,2.39,1.19,2.79,3,0,45.0,0.0,0.0,0.0,1.0,0.0,0.0,0.0,1.0,0.0,0.0,1.0,0.0,0.0,97514.0,21307.0,0.0,0.010000000000000009,0.009999999999999995,0.020000000000000018,1.21,0.0,0.0,0.0,0.0,0.0,0.0,1.0,1.0
168,Marc,Guiu Paz,Marc Guiu,u,Has joined RB Leipzig permanently,,5.0,330,58,0.3,297,50,0.0,583,62,0,0,0,0,0,0,3060,0.0,0.0,0.0,0.0,0.0,583,62,0.0,0.0,558,53,566,58,531,55,566,58,,,,,,,,0.0,0.0,0.0,0.0,0.0,0.0,0.0,0.0,0.0,3,0,0.0,0.0,0.0,0.0,0.0,0.0,0.0,0.0,0.0,0.0,0.0,0.0,0.0,0.0,0.0,3142.0,0.0,0.0,0.0,0.0,0.0,0.0,0.0,0.0,0.0,0.0,0.0,0.0,0.0
169,Shumaira,Mheuka,Mheuka,a,,,4.5,536,73,0.4,271,47,0.0,500,52,0,0,0,0,0,2365,1331,0.0,0.0,0.0,0.0,0.0,500,52,,,463,43,464,48,407,45,473,48,,,,,,,,0.0,0.0,0.0,0.0,0.0,0.0,0.0,0.0,0.0,3,0,0.0,0.0,0.0,0.0,0.0,0.0,0.0,0.0,0.0,0.0,0.0,0.0,0.0,0.0,2412.0,1354.0,0.0,0.0,0.0,0.0,0.0,0.0,0.0,0.0,0.0,0.0,0.0,0.0,0.0
170,Emmanuel,Emegha,Emegha,a,,,5.0,335,59,0.2,359,55,0.0,585,63,0,0,0,0,0,915,679,0.0,0.0,0.0,0.0,0.0,585,63,100.0,100.0,560,54,568,59,533,56,568,59,,,,,,,,0.0,0.0,0.0,0.0,0.0,0.0,0.0,0.0,0.0,3,0,0.0,0.0,0.0,0.0,0.0,0.0,0.0,0.0,0.0,0.0,0.0,0.0,0.0,0.0,935.0,699.0,0.0,0.0,0.0,0.0,0.0,0.0,0.0,0.0,0.0,0.0,0.0,0.0,0.0
200,Maxence,Lacroix,Lacroix,a,,,6.0,71,7,8.2,53,20,2.7,140,54,1,0,0,0,0,12203,15772,0.4,1.3,2.7,2.7,2.7,155,60,,,38,13,177,56,162,55,110,38,,,,,,,,0.01,0.08,0.09,1.57,0.0,0.0,2.39,1.19,9.56,3,1,45.0,0.0,0.0,0.0,1.0,0.0,0.0,0.0,0.0,0.0,0.0,1.0,0.0,0.0,12292.0,16770.0,0.0,0.0,0.0,0.0,1.21,0.0,0.0,0.0,0.0,0.0,3.0,0.0,3.0
560,Mike,Penders,Penders,a,,,4.5,528,47,0.1,477,54,0.0,494,63,0,0,0,0,0,62,175,0.0,0.0,0.0,0.0,0.0,494,63,,,456,63,458,49,400,48,466,63,,,,,,,,0.0,0.0,0.0,0.0,0.0,0.0,0.0,0.0,0.0,3,0,0.0,0.0,0.0,0.0,0.0,0.0,0.0,0.0,0.0,0.0,0.0,0.0,0.0,0.0,62.0,179.0,0.0,0.0,0.0,0.0,0.0,0.0,0.0,0.0,0.0,0.0,0.0,0.0,0.0
561,Aaron,Anselmino,Anselmino,a,,,4.5,559,150,0.0,570,194,0.0,517,195,0,0,0,0,0,66,39,0.0,0.0,0.0,0.0,0.0,517,195,100.0,100.0,481,189,481,190,426,181,490,189,,,,,,,,0.0,0.0,0.0,0.0,0.0,0.0,0.0,0.0,0.0,3,0,0.0,0.0,0.0,0.0,0.0,0.0,0.0,0.0,0.0,0.0,0.0,0.0,0.0,0.0,68.0,42.0,0.0,0.0,0.0,0.0,0.0,0.0,0.0,0.0,0.0,0.0,0.0,0.0,0.0
568,Valentín,Barco,Barco,a,,,5.5,180,111,0.1,392,145,0.3,375,175,0,0,0,0,0,214,303,0.1,0.2,0.3,0.3,1.0,349,160,,,615,267,619,268,204,98,336,156,,,,,,,,0.45,0.0,0.45,0.79,0.0,0.0,11.25,0.0,11.25,3,0,0.0,0.0,0.0,0.0,0.0,0.0,0.0,0.0,0.0,0.0,0.0,0.0,0.0,0.0,218.0,315.0,0.0,0.0,0.0,0.0,0.0,0.0,0.0,0.0,0.0,0.0,0.0,0.0,0.0
583,Pep,Chavarría,Chavarria,a,,,4.9,405,75,0.2,351,129,0.7,296,109,0,-1,1,-1,1,146,478,0.1,0.4,0.7,0.7,1.0,297,119,,,239,97,307,115,225,85,287,104,,,,,,,,0.0,0.04,0.04,0.77,0.0,0.0,2.09,0.0,8.37,3,0,0.0,0.0,0.0,0.0,0.0,0.0,0.0,0.0,0.0,0.0,0.0,0.0,0.0,0.0,146.0,506.0,0.0,0.0,0.0,0.0,0.0,0.0,0.0,0.0,0.0,0.0,0.0,0.0,0.0
91,Ethan,Pinnock,Pinnock,a,,,4.5,472,110,0.1,470,167,1.3,218,80,3,0,0,0,0,171,158,0.3,0.9,1.3,1.3,2.0,192,75,,,291,108,295,108,354,152,310,111,,,,,,,,0.1,0.0,0.1,2.35,0.0,0.0,1.76,0.88,13.24,3,3,90.0,0.0,0.0,0.0,1.0,0.0,0.0,0.0,1.0,0.0,0.0,1.0,0.0,3.0,173.0,171.0,0.0,0.11,0.0,0.11,2.12,0.0,0.0,0.0,0.0,1.0,12.0,2.0,13.0
104,Frank,Onyeka,Onyeka,a,,,5.0,293,177,0.1,405,155,1.3,225,100,2,0,0,0,0,90,353,0.3,0.8,1.3,1.3,2.0,202,86,,,296,134,264,138,502,193,311,142,,,,,,,,0.0,0.01,0.01,1.81,0.0,0.0,2.37,1.18,7.11,3,2,62.0,0.0,0.0,0.0,1.0,0.0,0.0,0.0,0.0,0.0,0.0,1.0,0.0,5.0,94.0,387.0,0.0,0.0,0.0,0.0,1.17,0.0,0.0,0.0,0.0,1.0,0.0,2.0,3.0
110,Carl,Rushworth,Rushworth,a,,,4.5,501,41,1.0,193,30,1.7,199,17,2,0,0,0,0,1093,3625,0.4,1.1,1.7,1.7,1.7,227,19,,,153,17,434,43,376,42,231,17,,,,,,,,0.0,0.0,0.0,1.57,1.67,0.0,1.67,1.0,0.0,3,2,90.0,0.0,0.0,0.0,1.0,0.0,0.0,0.0,0.0,0.0,2.0,1.0,0.0,13.0,1125.0,3866.0,0.0,0.0,0.0,0.0,2.1199999999999997,0.0,0.0,0.0,0.0,0.0,1.0,9.0,0.0
171,Oliver,Dovin,Dovin,u,Has joined Leyton Orient on loan for the rest of the season,,4.0,622,68,1.3,158,23,0.0,416,42,0,0,0,0,0,0,5160,0.0,0.0,0.0,0.0,0.0,416,42,0.0,0.0,371,42,363,21,288,20,381,42,,,,,,,,0.0,0.0,0.0,0.0,0.0,0.0,0.0,0.0,0.0,3,0,0.0,0.0,0.0,0.0,0.0,0.0,0.0,0.0,0.0,0.0,0.0,0.0,0.0,0.0,0.0,5345.0,0.0,0.0,0.0,0.0,0.0,0.0,0.0,0.0,0.0,0.0,0.0,0.0,0.0
172,Ben,Wilson,Wilson,a,,,4.5,437,29,0.4,274,36,0.0,448,50,0,0,0,0,0,72,494,0.0,0.0,0.0,0.0,0.0,448,50,,,405,50,399,31,333,30,415,50,,,,,,,,0.0,0.0,0.0,0.0,0.0,0.0,0.0,0.0,0.0,3,0,0.0,0.0,0.0,0.0,0.0,0.0,0.0,0.0,0.0,0.0,0.0,0.0,0.0,0.0,76.0,522.0,0.0,0.0,0.0,0.0,0.0,0.0,0.0,0.0,0.0,0.0,0.0,0.0,0.0
173,Bobby,Thomas,Thomas,a,,,4.0,618,184,8.6,50,18,5.0,45,19,4,0,0,0,0,25822,14495,1.2,3.8,5.0,5.0,5.0,49,21,,,89,40,172,53,248,91,159,59,,,,,,,,0.08,0.07,0.15,1.46,0.0,0.35,1.4,1.05,10.86,3,4,90.0,0.0,0.0,0.0,1.0,0.0,0.0,0.0,0.0,0.0,0.0,1.0,0.0,19.0,26672.0,15246.0,0.0,0.22,0.17,0.39,2.1199999999999997,0.0,0.0,0.0,0.0,1.0,11.0,3.0,12.0
174,Liam,Kitching,Kitching,u,Has joined Sheffield United on loan for the rest of the season,,4.0,611,179,0.5,254,96,0.0,409,145,0,0,0,0,0,0,3010,0.0,0.0,0.0,0.0,0.0,409,145,0.0,0.0,364,133,356,131,280,104,374,133,,,,,,,,0.0,0.0,0.0,0.0,0.0,0.0,0.0,0.0,0.0,3,0,0.0,0.0,0.0,0.0,0.0,0.0,0.0,0.0,0.0,0.0,0.0,0.0,0.0,0.0,0.0,3146.0,0.0,0.0,0.0,0.0,0.0,0.0,0.0,0.0,0.0,0.0,0.0,0.0,0.0
175,Milan,van Ewijk,van Ewijk,a,,,4.0,616,182,11.6,34,12,2.0,169,66,3,0,0,0,0,7771,27825,0.5,1.5,2.0,2.0,2.0,185,70,,,148,66,58,13,157,52,123,44,,,,,,,,0.0,0.09,0.09,1.57,0.0,0.0,1.67,1.0,6.67,3,3,90.0,0.0,0.0,0.0,1.0,0.0,0.0,0.0,1.0,0.0,0.0,1.0,0.0,5.0,8055.0,29078.0,0.0,0.0,0.06,0.06,2.1199999999999997,0.0,0.0,0.0,0.0,3.0,8.0,4.0,11.0
176,Jay,Dasilva,Dasilva,a,,,4.0,596,167,0.8,223,83,1.7,197,73,2,0,0,0,0,520,910,0.4,1.2,1.7,1.7,1.7,226,83,,,136,61,178,57,98,27,148,56,,,,,,,,0.06,0.05,0.11,1.61,0.0,0.0,1.7,1.02,5.45,3,2,84.0,0.0,0.0,0.0,1.0,0.0,0.0,0.0,0.0,0.0,0.0,1.0,0.0,10.0,539.0,975.0,0.0,0.0,0.07999999999999999,0.08000000000000002,2.1199999999999997,0.0,0.0,0.0,0.0,2.0,5.0,3.0,7.0
177,Kaine,Kesler-Hayden,Kesler-Hayden,i,Hamstring injury - Unknown return date,,4.0,620,185,0.0,502,175,0.0,414,147,0,0,0,0,0,30,163,0.0,0.0,0.0,0.0,0.0,414,147,0.0,0.0,369,135,361,133,286,107,379,135,,,,,,,,0.0,0.0,0.0,0.0,0.0,0.0,0.0,0.0,0.0,3,0,0.0,0.0,0.0,0.0,0.0,0.0,0.0,0.0,0.0,0.0,0.0,0.0,0.0,0.0,32.0,168.0,0.0,0.0,0.0,0.0,0.0,0.0,0.0,0.0,0.0,0.0,0.0,0.0,0.0
178,Jake,Bidwell,Bidwell,a,,,4.0,582,160,0.1,453,161,0.0,391,137,0,0,0,0,0,174,174,0.0,0.0,0.0,0.0,0.0,391,137,,,346,125,336,121,258,92,355,124,,,,,,,,0.0,0.0,0.0,0.0,0.0,0.0,0.0,0.0,0.0,3,0,0.0,0.0,0.0,0.0,0.0,0.0,0.0,0.0,0.0,0.0,0.0,0.0,0.0,0.0,179.0,182.0,0.0,0.0,0.0,0.0,0.0,0.0,0.0,0.0,0.0,0.0,0.0,0.0,0.0
179,Joel,Latibeaudiere,Latibeaudiere,a,,,4.0,600,171,0.0,519,179,0.0,402,141,0,0,0,0,0,64,75,0.0,0.0,0.0,0.0,0.0,402,141,,,357,129,349,127,273,100,367,129,,,,,,,,0.0,0.0,0.0,0.0,0.0,0.0,0.0,0.0,0.0,3,0,0.0,0.0,0.0,0.0,0.0,0.0,0.0,0.0,0.0,0.0,0.0,0.0,0.0,0.0,69.0,78.0,0.0,0.0,0.0,0.0,0.0,0.0,0.0,0.0,0.0,0.0,0.0,0.0,0.0
180,Luke,Woolfenden,Woolfenden,i,Knee injury - Unknown return date,,4.0,605,175,0.1,386,143,0.0,405,143,0,0,0,0,0,106,511,0.0,0.0,0.0,0.0,0.0,405,143,0.0,0.0,360,131,352,129,276,102,370,131,,,,,,,,0.0,0.0,0.0,0.0,0.0,0.0,0.0,0.0,0.0,3,0,0.0,0.0,0.0,0.0,0.0,0.0,0.0,0.0,0.0,0.0,0.0,0.0,0.0,0.0,108.0,525.0,0.0,0.0,0.0,0.0,0.0,0.0,0.0,0.0,0.0,0.0,0.0,0.0,0.0
181,Miguel,Brau,Brau,u,Has joined Academico de Viseu on loan for the rest of the season,,4.0,642,204,0.0,540,187,0.0,432,162,0,0,0,0,0,0,104,0.0,0.0,0.0,0.0,0.0,432,162,0.0,0.0,388,151,380,149,307,125,398,151,,,,,,,,0.0,0.0,0.0,0.0,0.0,0.0,0.0,0.0,0.0,3,0,0.0,0.0,0.0,0.0,0.0,0.0,0.0,0.0,0.0,0.0,0.0,0.0,0.0,0.0,0.0,110.0,0.0,0.0,0.0,0.0,0.0,0.0,0.0,0.0,0.0,0.0,0.0,0.0,0.0
182,Aurèle,Amenda,Amenda,a,,,4.0,632,194,0.8,219,81,1.3,215,77,2,0,0,0,0,845,1277,0.3,1.0,1.3,1.3,1.3,248,87,,,90,41,229,72,192,66,173,64,,,,,,,,0.01,0.13,0.14,1.57,0.0,0.0,1.67,1.0,5.33,3,2,90.0,0.0,0.0,0.0,1.0,0.0,0.0,0.0,0.0,0.0,0.0,1.0,0.0,4.0,872.0,1328.0,0.0,0.0,0.34,0.33999999999999997,2.1199999999999997,0.0,0.0,0.0,0.0,1.0,2.0,6.0,3.0
183,Jack,Rudoni,Rudoni,a,,,5.0,313,187,0.1,409,157,2.0,182,81,2,0,0,0,0,207,366,0.4,1.2,2.0,2.0,2.0,204,88,100.0,100.0,223,92,76,49,83,46,133,68,4.0,1.0,,,,,,0.3,0.11,0.41,0.88,0.0,0.59,0.59,1.18,9.47,3,2,62.0,0.0,0.0,0.0,1.0,0.0,0.0,0.0,0.0,0.0,0.0,1.0,0.0,9.0,209.0,394.0,0.0,0.29000000000000004,0.09,0.38000000000000006,1.17,0.0,0.0,0.0,0.0,1.0,2.0,2.0,5.0
184,Matt,Grimes,Grimes,a,,,5.0,255,158,0.2,358,132,2.0,178,77,2,0,0,0,0,133,581,0.4,1.2,2.0,2.0,2.0,199,84,,,144,52,107,64,227,108,157,74,1.0,,3.0,,,,,0.02,0.02,0.04,1.57,0.0,0.0,1.67,1.0,8.33,3,2,90.0,0.0,0.0,0.0,1.0,0.0,0.0,0.0,0.0,0.0,0.0,1.0,0.0,8.0,136.0,623.0,0.0,0.04,0.0,0.04000000000000001,2.1199999999999997,0.0,0.0,0.0,0.0,5.0,3.0,0.0,8.0
185,Tatsuhiro,Sakamoto,Sakamoto,a,,,4.9,406,245,0.1,457,182,0.3,349,157,0,0,0,-1,1,85,243,0.1,0.2,0.3,0.3,1.0,298,124,,,259,116,202,111,167,80,261,117,,,,,,,,0.06,0.06,0.12,2.0,0.0,0.0,2.9,0.0,11.61,3,0,0.0,0.0,0.0,0.0,0.0,0.0,0.0,0.0,0.0,0.0,0.0,0.0,0.0,0.0,89.0,254.0,0.0,0.0,0.0,0.0,0.0,0.0,0.0,0.0,0.0,0.0,0.0,0.0,0.0
186,Ephron,Mason-Clark,Mason-Clark,a,,,5.4,208,129,0.1,427,170,1.0,262,118,2,0,0,-1,1,50,220,0.2,0.6,1.0,1.0,1.5,244,110,100.0,100.0,284,131,143,85,567,233,259,116,,,,,,,,0.0,0.04,0.04,0.84,0.0,0.0,0.71,1.42,6.38,3,2,70.0,0.0,0.0,0.0,1.0,0.0,0.0,0.0,0.0,0.0,0.0,1.0,0.0,4.0,52.0,243.0,0.0,0.0,0.0,0.0,1.17,0.0,0.0,0.0,0.0,0.0,2.0,3.0,5.0
187,Josh,Eccles,Eccles,a,,,4.9,397,242,0.0,583,242,0.0,537,216,0,0,0,-1,1,28,58,0.0,0.0,0.0,0.0,0.0,537,216,,,503,196,504,204,452,164,513,201,,,,,,,,0.0,0.0,0.0,0.0,0.0,0.0,0.0,0.0,0.0,3,0,0.0,0.0,0.0,0.0,0.0,0.0,0.0,0.0,0.0,0.0,0.0,0.0,0.0,0.0,28.0,59.0,0.0,0.0,0.0,0.0,0.0,0.0,0.0,0.0,0.0,0.0,0.0,0.0,0.0
188,Victor,Torp,Torp,a,,,5.4,206,127,0.1,400,152,0.7,315,144,0,0,0,-1,1,20,336,0.1,0.4,0.7,0.7,1.0,330,148,,,255,113,128,77,566,232,229,102,2.0,2.0,2.0,,,,,0.0,0.23,0.23,1.93,0.0,0.0,1.91,0.0,5.74,3,0,0.0,0.0,0.0,0.0,0.0,0.0,0.0,0.0,0.0,0.0,0.0,0.0,0.0,0.0,21.0,352.0,0.0,0.0,0.0,0.0,0.0,0.0,0.0,0.0,0.0,0.0,0.0,0.0,0.0
189,George,Shepherd,Shepherd,a,,,4.5,566,289,0.3,312,111,0.0,524,207,0,0,0,0,0,384,622,0.0,0.0,0.0,0.0,0.0,524,207,,,488,186,488,194,433,152,497,190,,,,,,,,0.0,0.0,0.0,0.0,0.0,0.0,0.0,0.0,0.0,3,0,0.0,0.0,0.0,0.0,0.0,0.0,0.0,0.0,0.0,0.0,0.0,0.0,0.0,0.0,392.0,652.0,0.0,0.0,0.0,0.0,0.0,0.0,0.0,0.0,0.0,0.0,0.0,0.0,0.0
190,Loum,Tchaouna,Tchaouna,a,,,5.5,165,99,0.1,406,156,1.3,230,105,1,0,0,0,0,44,308,0.2,0.7,1.3,1.3,1.3,255,115,,,240,100,108,65,159,78,190,85,5.0,,,,,,,0.1,0.1,0.2,1.48,0.0,0.0,1.63,1.08,8.13,3,1,27.0,0.0,0.0,0.0,0.0,0.0,0.0,0.0,0.0,0.0,0.0,0.0,0.0,9.0,45.0,342.0,0.0,0.1,0.03,0.13,0.95,0.0,0.0,0.0,0.0,0.0,0.0,1.0,1.0
191,Raphael,Borges Rodrigues,Borges Rodrigues,u,Has joined Burton Albion on loan for the rest of the season,,4.5,511,269,0.1,396,149,0.0,478,190,0,0,0,0,0,0,1029,0.0,0.0,0.0,0.0,0.0,478,190,0.0,0.0,439,168,441,177,383,135,449,173,,,,,,,,0.0,0.0,0.0,0.0,0.0,0.0,0.0,0.0,0.0,3,0,0.0,0.0,0.0,0.0,0.0,0.0,0.0,0.0,0.0,0.0,0.0,0.0,0.0,0.0,0.0,1050.0,0.0,0.0,0.0,0.0,0.0,0.0,0.0,0.0,0.0,0.0,0.0,0.0,0.0
192,Kai,Andrews,Andrews,u,Has joined Oxford United on loan for the rest of the season,,4.5,560,286,0.4,266,89,0.0,518,204,0,0,0,0,0,0,2068,0.0,0.0,0.0,0.0,0.0,518,204,0.0,0.0,482,183,482,191,427,149,491,187,,,,,,,,0.0,0.0,0.0,0.0,0.0,0.0,0.0,0.0,0.0,3,0,0.0,0.0,0.0,0.0,0.0,0.0,0.0,0.0,0.0,0.0,0.0,0.0,0.0,0.0,0.0,2153.0,0.0,0.0,0.0,0.0,0.0,0.0,0.0,0.0,0.0,0.0,0.0,0.0,0.0
193,Haji,Wright,Wright,i,Thigh injury - Unknown return date,,5.4,198,47,0.1,428,61,0.0,604,69,0,0,0,-1,1,47,532,0.0,0.0,0.0,0.0,0.0,604,69,0.0,0.0,581,60,588,65,561,62,589,65,,,1.0,,,,,0.0,0.0,0.0,0.0,0.0,0.0,0.0,0.0,0.0,3,0,0.0,0.0,0.0,0.0,0.0,0.0,0.0,0.0,0.0,0.0,0.0,0.0,0.0,0.0,49.0,547.0,0.0,0.0,0.0,0.0,0.0,0.0,0.0,0.0,0.0,0.0,0.0,0.0,0.0
194,Brandon,Thomas-Asante,Thomas-Asante,a,,,5.0,285,54,0.8,213,35,1.3,223,21,1,0,0,0,0,2826,2778,0.3,0.8,1.3,1.3,1.3,252,29,,,263,24,228,32,232,36,293,35,,,4.0,,,,,0.0,0.02,0.02,2.43,0.0,0.0,3.0,0.75,8.25,3,1,19.0,0.0,0.0,0.0,0.0,0.0,0.0,0.0,0.0,0.0,0.0,0.0,0.0,6.0,2918.0,2878.0,0.0,0.0,0.0,0.0,0.9500000000000002,0.0,0.0,0.0,0.0,0.0,1.0,2.0,3.0
195,Ellis,Simms,Simms,a,,,5.0,275,52,0.8,207,32,1.0,255,29,1,0,0,0,0,1373,3090,0.2,0.6,1.0,1.0,1.5,239,27,,,305,32,166,16,230,35,271,32,,,,,,,,0.31,0.01,0.32,2.61,0.0,0.0,3.07,1.02,3.07,3,1,19.0,0.0,0.0,0.0,0.0,0.0,0.0,0.0,0.0,0.0,0.0,0.0,0.0,3.0,1417.0,3259.0,0.0,0.3,0.0,0.3,0.9499999999999997,0.0,0.0,0.0,0.0,0.0,0.0,0.0,0.0
196,Jahnoah,Markelo,Markelo,u,Has joined Shabab Al-Ahli Dubai permanently,,5.0,355,61,0.0,608,76,0.0,594,64,0,0,0,0,0,0,41,0.0,0.0,0.0,0.0,0.0,594,64,0.0,0.0,570,55,578,60,545,57,578,60,,,,,,,,0.0,0.0,0.0,0.0,0.0,0.0,0.0,0.0,0.0,3,0,0.0,0.0,0.0,0.0,0.0,0.0,0.0,0.0,0.0,0.0,0.0,0.0,0.0,0.0,0.0,43.0,0.0,0.0,0.0,0.0,0.0,0.0,0.0,0.0,0.0,0.0,0.0,0.0,0.0
197,Norman,Bassette,Bassette,u,Has joined KVC Westerlo on loan for the rest of the season,,4.5,527,70,0.0,538,72,0.0,493,50,0,0,0,0,0,0,128,0.0,0.0,0.0,0.0,0.0,493,50,0.0,0.0,455,40,457,46,399,42,465,45,,,,,,,,0.0,0.0,0.0,0.0,0.0,0.0,0.0,0.0,0.0,3,0,0.0,0.0,0.0,0.0,0.0,0.0,0.0,0.0,0.0,0.0,0.0,0.0,0.0,0.0,0.0,129.0,0.0,0.0,0.0,0.0,0.0,0.0,0.0,0.0,0.0,0.0,0.0,0.0,0.0
492,Taiwo,Awoniyi,Awoniyi,a,,,5.5,143,37,0.7,233,39,1.7,210,19,2,0,0,0,0,1587,2072,0.3,0.9,1.7,1.7,1.7,235,26,,,234,20,104,9,16,7,69,11,,,5.0,,,,,0.62,0.02,0.64,1.09,0.0,0.0,1.0,1.0,4.5,3,2,70.0,0.0,0.0,0.0,1.0,0.0,0.0,0.0,0.0,0.0,0.0,1.0,0.0,6.0,1614.0,2231.0,0.0,0.30999999999999994,0.0,0.31000000000000005,1.1700000000000002,0.0,0.0,0.0,0.0,0.0,2.0,3.0,5.0
575,Caleb,Yirenkyi,Yirenkyi,a,,,5.0,376,228,0.2,343,125,1.7,205,93,1,0,0,0,0,100,736,0.3,1.0,1.7,1.7,1.7,232,102,,,235,98,131,80,174,85,214,95,,,,,,,,0.02,0.07,0.09,1.44,0.0,0.57,1.71,1.14,9.11,3,1,27.0,0.0,0.0,0.0,0.0,0.0,0.0,0.0,0.0,0.0,0.0,0.0,0.0,4.0,104.0,779.0,0.0,0.0,0.0,0.0,0.9499999999999997,0.0,0.0,0.0,0.0,0.0,2.0,4.0,6.0
584,Gustavo,Hamer,Hamer,a,,,5.5,133,81,0.1,413,161,1.0,265,120,1,0,0,0,0,39,289,0.2,0.5,1.0,1.0,1.0,343,156,,,330,151,257,134,591,246,330,153,3.0,,,,,,,0.0,0.06,0.06,2.31,0.0,0.0,2.81,0.0,8.44,3,1,5.0,0.0,0.0,0.0,0.0,0.0,0.0,0.0,0.0,0.0,0.0,0.0,0.0,1.0,39.0,306.0,0.0,0.0,0.0,0.0,0.0,0.0,0.0,0.0,0.0,1.0,0.0,1.0,2.0
599,Sidiki,Cherif,Cherif,a,,,5.0,371,63,0.1,426,60,0.0,599,66,0,0,0,0,0,341,371,0.0,0.0,0.0,0.0,0.0,599,66,,,576,57,583,62,554,59,584,62,,,,,,,,0.0,0.0,0.0,0.0,0.0,0.0,0.0,0.0,0.0,3,0,0.0,0.0,0.0,0.0,0.0,0.0,0.0,0.0,0.0,0.0,0.0,0.0,0.0,0.0,355.0,385.0,0.0,0.0,0.0,0.0,0.0,0.0,0.0,0.0,0.0,0.0,0.0,0.0,0.0
623,Dan,Bentley,Bentley,a,,,4.0,581,54,0.3,307,38,0.0,390,28,0,0,0,0,0,5278,674,0.0,0.0,0.0,0.0,0.0,390,28,,,345,28,335,7,257,6,354,28,,,,,,,,0.0,0.0,0.0,0.0,0.0,0.0,0.0,0.0,0.0,3,0,0.0,0.0,0.0,0.0,0.0,0.0,0.0,0.0,0.0,0.0,0.0,0.0,0.0,0.0,6894.0,799.0,0.0,0.0,0.0,0.0,0.0,0.0,0.0,0.0,0.0,0.0,0.0,0.0,0.0
42,Evann,Guessand,Guessand,a,,,5.5,171,104,0.0,503,205,0.7,321,147,0,0,0,0,0,261,261,0.1,0.4,0.7,0.7,1.0,347,158,,,266,119,247,129,180,89,277,124,,,,,,,,0.05,0.05,0.1,0.57,0.0,0.0,1.67,0.0,3.33,3,0,0.0,0.0,0.0,0.0,0.0,0.0,0.0,0.0,0.0,0.0,0.0,0.0,0.0,0.0,263.0,265.0,0.0,0.0,0.0,0.0,0.0,0.0,0.0,0.0,0.0,0.0,0.0,0.0,0.0
153,Axel,Disasi,Disasi,a,,,4.5,463,103,0.1,459,162,1.3,217,79,3,0,0,0,0,905,322,0.3,0.9,1.3,1.3,2.0,191,74,,,321,119,414,166,350,150,341,122,,,,,,,,0.0,0.03,0.03,2.84,0.0,0.0,2.55,0.85,11.89,3,3,90.0,0.0,0.0,0.0,2.0,0.0,0.0,0.0,0.0,0.0,0.0,1.0,0.0,14.0,925.0,325.0,0.0,0.0,0.04,0.04,3.1399999999999997,0.0,0.0,0.0,0.0,4.0,9.0,8.0,13.0
198,Dean,Henderson,Henderson,a,,,5.0,258,9,1.9,132,19,1.7,202,19,2,0,0,0,0,5255,3306,0.3,1.0,1.7,1.7,1.7,229,20,100.0,100.0,34,6,529,59,485,59,149,6,,,,,,,,0.0,0.0,0.0,2.16,4.0,0.0,2.67,1.0,0.0,3,2,90.0,0.0,0.0,0.0,2.0,0.0,0.0,0.0,0.0,0.0,5.0,1.0,0.0,19.0,5372.0,3383.0,0.0,0.0,0.0,0.0,3.1399999999999997,0.0,0.0,0.0,0.0,0.0,1.0,7.0,0.0
199,Walter,Benítez,Benitez,a,,,4.5,438,30,0.1,416,47,0.0,449,51,0,0,0,0,0,134,228,0.0,0.0,0.0,0.0,0.0,449,51,,,406,51,400,32,334,31,416,51,,,,,,,,0.0,0.0,0.0,0.0,0.0,0.0,0.0,0.0,0.0,3,0,0.0,0.0,0.0,0.0,0.0,0.0,0.0,0.0,0.0,0.0,0.0,0.0,0.0,0.0,137.0,235.0,0.0,0.0,0.0,0.0,0.0,0.0,0.0,0.0,0.0,0.0,0.0,0.0,0.0
202,Chris,Richards,Richards,a,,,5.0,292,50,0.7,236,86,1.3,224,84,1,0,0,0,0,1533,1751,0.3,0.8,1.3,1.3,1.3,253,90,,,36,12,290,107,101,29,111,39,,,,,,,,0.03,0.0,0.03,2.16,0.0,0.0,2.67,1.0,10.33,3,1,90.0,0.0,0.0,0.0,2.0,0.0,0.0,0.0,0.0,0.0,0.0,1.0,0.0,8.0,1591.0,1819.0,0.0,0.04,0.0,0.04,3.1399999999999997,0.0,0.0,0.0,0.0,1.0,8.0,4.0,9.0
203,Jaydee,Canvot,Canvot,a,,,4.9,419,78,0.3,315,114,0.7,300,111,1,0,0,-1,1,550,870,0.1,0.4,0.7,0.7,0.7,375,132,,,54,17,201,65,194,68,143,54,,,,,,,,0.02,0.0,0.02,2.16,0.0,0.0,2.67,1.0,8.0,3,1,90.0,0.0,0.0,0.0,2.0,0.0,0.0,0.0,0.0,0.0,0.0,1.0,0.0,4.0,577.0,913.0,0.0,0.0,0.0,0.0,3.1399999999999997,0.0,0.0,0.0,0.0,2.0,7.0,2.0,9.0
204,Tyrick,Mitchell,Mitchell,a,,,4.5,481,116,5.0,74,32,5.3,39,17,15,0,0,0,0,42363,7020,1.2,3.6,5.3,5.3,5.3,44,19,,,163,75,61,15,152,50,127,46,,,,,,,,0.27,0.06,0.33,2.1,0.0,0.0,2.85,1.07,5.69,3,15,73.0,2.0,0.0,0.0,2.0,0.0,0.0,0.0,0.0,0.0,0.0,1.0,2.0,31.0,42440.0,7587.0,0.0,0.66,0.009999999999999981,0.6699999999999999,2.5700000000000003,0.0,0.0,0.0,0.0,2.0,4.0,2.0,6.0
205,Borna,Sosa,Sosa,u,Has joined FC Cologne on loan for the rest of the season,,4.5,462,102,0.0,561,192,0.0,458,174,0,0,0,0,0,0,259,0.0,0.0,0.0,0.0,0.0,458,174,0.0,0.0,418,166,413,165,349,149,428,166,,,,,,,,0.0,0.0,0.0,0.0,0.0,0.0,0.0,0.0,0.0,3,0,0.0,0.0,0.0,0.0,0.0,0.0,0.0,0.0,0.0,0.0,0.0,0.0,0.0,0.0,0.0,266.0,0.0,0.0,0.0,0.0,0.0,0.0,0.0,0.0,0.0,0.0,0.0,0.0,0.0
206,Chadi,Riad Dnanou,Chadi Riad,i,Knee injury - Unknown return date,,4.4,573,157,0.0,542,188,0.3,336,121,0,0,0,-1,1,8,187,0.1,0.2,0.0,0.0,1.0,274,103,0.0,0.0,220,90,269,95,321,138,280,101,,,,,,,,0.0,0.01,0.01,1.22,0.0,0.0,2.5,1.25,8.75,3,0,0.0,0.0,0.0,0.0,0.0,0.0,0.0,0.0,0.0,0.0,0.0,0.0,0.0,0.0,9.0,195.0,0.0,0.0,0.0,0.0,0.0,0.0,0.0,0.0,0.0,0.0,0.0,0.0,0.0
207,Oscar,Mingueza,Mingueza,a,,,4.4,572,156,0.1,473,168,0.7,285,101,1,0,0,-1,1,183,210,0.2,0.5,0.7,0.7,1.0,273,102,,,306,115,325,120,320,137,331,118,,,,,,,,0.0,0.0,0.0,1.86,0.0,0.0,5.62,0.0,11.25,3,1,1.0,0.0,0.0,0.0,0.0,0.0,0.0,0.0,0.0,0.0,0.0,0.0,0.0,4.0,188.0,217.0,0.0,0.0,0.0,0.0,0.13,0.0,0.0,0.0,0.0,1.0,0.0,1.0,1.0
208,Ismaïla,Sarr,Sarr,i,Groin injury - Unknown return date,,6.3,54,38,1.0,192,60,0.0,643,284,0,0,0,-2,2,58,9163,0.0,0.0,0.0,0.0,0.0,643,284,0.0,0.0,642,283,642,283,638,279,642,283,,,2.0,,,,,0.0,0.0,0.0,0.0,0.0,0.0,0.0,0.0,0.0,3,0,0.0,0.0,0.0,0.0,0.0,0.0,0.0,0.0,0.0,0.0,0.0,0.0,0.0,0.0,63.0,10093.0,0.0,0.0,0.0,0.0,0.0,0.0,0.0,0.0,0.0,0.0,0.0,0.0,0.0
210,Adam,Wharton,Wharton,a,,,5.5,174,106,0.9,206,65,2.7,135,57,2,0,0,0,0,2181,2203,0.5,1.5,2.7,2.7,2.7,150,62,100.0,100.0,126,47,24,21,606,259,81,46,2.0,,,,,,,0.0,0.11,0.11,2.16,0.0,0.0,2.67,1.0,9.67,3,2,90.0,0.0,0.0,0.0,2.0,0.0,0.0,0.0,0.0,0.0,0.0,1.0,0.0,10.0,2225.0,2276.0,0.0,0.0,0.010000000000000009,0.010000000000000009,3.1399999999999997,0.0,0.0,0.0,0.0,1.0,7.0,0.0,8.0
211,Yéremy,Pino Santos,Yeremy,a,,,5.5,172,105,0.3,309,108,3.7,90,42,5,0,0,0,0,4667,830,0.7,2.0,3.7,3.7,3.7,98,44,,,219,89,49,39,117,60,125,63,1.0,1.0,,,,,,0.17,0.18,0.35,2.51,0.0,0.0,2.37,0.95,9.47,3,5,88.0,0.0,1.0,0.0,2.0,0.0,0.0,0.0,0.0,0.0,0.0,1.0,0.0,25.0,4689.0,851.0,0.0,0.25,0.30000000000000004,0.55,3.0100000000000002,0.0,0.0,0.0,0.0,1.0,1.0,3.0,5.0
212,Will,Hughes,Hughes,a,,,4.5,435,258,9.3,46,18,0.3,339,154,1,0,0,0,0,6770,20708,0.1,0.2,0.3,0.3,1.0,277,119,,,403,159,397,168,331,125,413,164,4.0,,,,,,,0.0,0.0,0.0,3.21,0.0,0.0,0.0,0.0,16.88,3,1,16.0,0.0,0.0,0.0,0.0,0.0,0.0,0.0,0.0,0.0,0.0,0.0,0.0,3.0,6995.0,21696.0,0.0,0.0,0.0,0.0,0.57,0.0,0.0,0.0,0.0,0.0,2.0,1.0,3.0
213,Jefferson,Lerma Solís,Lerma,a,,,4.9,382,231,0.1,438,172,0.0,530,210,0,0,0,-1,1,94,247,0.0,0.0,0.0,0.0,0.0,530,210,,,494,189,495,197,440,155,503,193,,,,,,,,0.0,0.0,0.0,0.0,0.0,0.0,0.0,0.0,0.0,3,0,0.0,0.0,0.0,0.0,0.0,0.0,0.0,0.0,0.0,0.0,0.0,0.0,0.0,0.0,100.0,262.0,0.0,0.0,0.0,0.0,0.0,0.0,0.0,0.0,0.0,0.0,0.0,0.0,0.0
214,Daichi,Kamada,Kamada,a,,,5.0,269,167,0.3,300,104,3.3,97,45,5,0,0,0,0,2687,888,0.7,2.0,3.3,3.3,3.3,108,47,,,104,38,74,48,169,82,106,54,3.0,,,,,,,0.02,0.1,0.12,2.13,0.0,0.0,2.69,1.01,9.07,3,5,88.0,0.0,1.0,0.0,2.0,0.0,0.0,0.0,0.0,0.0,0.0,1.0,0.0,21.0,2708.0,925.0,0.0,0.0,0.010000000000000009,0.009999999999999953,3.01,0.0,0.0,0.0,0.0,0.0,0.0,4.0,4.0
215,Justin,Devenny,Devenny,u,Has joined Stoke City permanently,,5.0,319,189,0.0,612,261,0.0,577,240,0,0,0,0,0,0,107,0.0,0.0,0.0,0.0,0.0,577,240,0.0,0.0,551,224,558,231,521,202,559,227,,2.0,3.0,,,,,0.0,0.0,0.0,0.0,0.0,0.0,0.0,0.0,0.0,3,0,0.0,0.0,0.0,0.0,0.0,0.0,0.0,0.0,0.0,0.0,0.0,0.0,0.0,0.0,0.0,108.0,0.0,0.0,0.0,0.0,0.0,0.0,0.0,0.0,0.0,0.0,0.0,0.0,0.0
216,Romain,Esse,Esse,u,Has joined Millwall on loan for the rest of the season,,5.0,363,221,0.0,547,223,0.0,596,253,0,0,0,0,0,0,361,0.0,0.0,0.0,0.0,0.0,596,253,0.0,0.0,573,240,580,246,550,223,581,243,,,,,,,,0.0,0.0,0.0,0.0,0.0,0.0,0.0,0.0,0.0,3,0,0.0,0.0,0.0,0.0,0.0,0.0,0.0,0.0,0.0,0.0,0.0,0.0,0.0,0.0,0.0,369.0,0.0,0.0,0.0,0.0,0.0,0.0,0.0,0.0,0.0,0.0,0.0,0.0,0.0
217,Matheus,França de Oliveira,M.França,a,,,4.9,411,249,0.0,554,228,0.0,544,220,0,0,0,-1,1,18,170,0.0,0.0,0.0,0.0,0.0,544,220,,,511,200,512,208,460,168,521,205,,,,,,,,0.0,0.0,0.0,0.0,0.0,0.0,0.0,0.0,0.0,3,0,0.0,0.0,0.0,0.0,0.0,0.0,0.0,0.0,0.0,0.0,0.0,0.0,0.0,0.0,18.0,180.0,0.0,0.0,0.0,0.0,0.0,0.0,0.0,0.0,0.0,0.0,0.0,0.0,0.0
218,Cheick,Doucouré,Doucouré,a,,,4.9,396,241,0.1,486,194,0.0,536,215,0,0,0,-1,1,147,216,0.0,0.0,0.0,0.0,0.0,536,215,,,502,195,503,203,451,163,512,200,,,,,,,,0.0,0.0,0.0,0.0,0.0,0.0,0.0,0.0,0.0,3,0,0.0,0.0,0.0,0.0,0.0,0.0,0.0,0.0,0.0,0.0,0.0,0.0,0.0,0.0,154.0,220.0,0.0,0.0,0.0,0.0,0.0,0.0,0.0,0.0,0.0,0.0,0.0,0.0,0.0
219,Jesurun,Rak-Sakyi,J.Rak-Sakyi,a,,,5.0,301,181,0.0,625,269,0.0,569,236,0,0,0,0,0,17,18,0.0,0.0,0.0,0.0,0.0,569,236,,,543,220,548,227,509,197,551,223,,,,,,,,0.0,0.0,0.0,0.0,0.0,0.0,0.0,0.0,0.0,3,0,0.0,0.0,0.0,0.0,0.0,0.0,0.0,0.0,0.0,0.0,0.0,0.0,0.0,0.0,17.0,18.0,0.0,0.0,0.0,0.0,0.0,0.0,0.0,0.0,0.0,0.0,0.0,0.0,0.0
220,Rio,Cardines,Cardines,u,Has joined Bristol City on loan for the rest of the season,,4.5,544,146,0.0,647,214,0.0,505,192,0,0,0,0,0,0,5,0.0,0.0,0.0,0.0,0.0,505,192,0.0,0.0,468,186,469,187,413,177,478,186,,,,,,,,0.0,0.0,0.0,0.0,0.0,0.0,0.0,0.0,0.0,3,0,0.0,0.0,0.0,0.0,0.0,0.0,0.0,0.0,0.0,0.0,0.0,0.0,0.0,0.0,0.0,5.0,0.0,0.0,0.0,0.0,0.0,0.0,0.0,0.0,0.0,0.0,0.0,0.0,0.0
221,Joél,Drakes-Thomas,Drakes-Thomas,a,,,4.5,565,288,0.1,456,181,0.0,523,206,0,0,0,0,0,257,203,0.0,0.0,0.0,0.0,0.0,523,206,,,487,185,487,193,432,151,496,189,,,,,,,,0.0,0.0,0.0,0.0,0.0,0.0,0.0,0.0,0.0,3,0,0.0,0.0,0.0,0.0,0.0,0.0,0.0,0.0,0.0,0.0,0.0,0.0,0.0,0.0,263.0,209.0,0.0,0.0,0.0,0.0,0.0,0.0,0.0,0.0,0.0,0.0,0.0,0.0,0.0
222,Jørgen,Strand Larsen,Strand Larsen,a,,,6.0,69,15,0.5,251,41,1.3,235,25,1,0,0,0,0,1748,1746,0.2,0.7,1.3,1.3,1.3,258,31,,,260,22,219,30,88,19,215,24,,,,,,,,0.2,0.01,0.21,2.48,0.0,0.0,2.01,0.67,5.37,3,1,45.0,0.0,0.0,0.0,0.0,0.0,0.0,0.0,0.0,0.0,0.0,0.0,0.0,4.0,1794.0,1805.0,0.0,0.0,0.0,0.0,1.54,0.0,0.0,0.0,0.0,0.0,1.0,3.0,4.0
223,Jean-Philippe,Mateta,Mateta,i,Hamstring injury - Expected back 11 Oct,,6.4,50,12,2.2,121,18,0.7,327,41,0,0,0,-1,1,98,19597,0.1,0.3,0.0,0.0,2.0,219,23,0.0,0.0,319,35,167,17,144,27,237,27,,,1.0,,,,,1.02,0.03,1.05,1.42,0.0,0.0,2.9,1.45,7.26,3,0,0.0,0.0,0.0,0.0,0.0,0.0,0.0,0.0,0.0,0.0,0.0,0.0,0.0,0.0,102.0,20961.0,0.0,0.0,0.0,0.0,0.0,0.0,0.0,0.0,0.0,0.0,0.0,0.0,0.0
224,Eddie,Nketiah,Nketiah,a,,,5.5,140,36,0.6,242,40,2.3,159,14,4,0,0,0,0,5897,1504,0.4,1.3,2.3,2.3,2.3,175,19,,,216,19,62,3,63,14,103,14,,,,,,,,0.59,0.31,0.9,2.4,0.0,0.0,3.77,1.62,5.93,3,4,45.0,0.0,1.0,0.0,2.0,0.0,0.0,0.0,0.0,0.0,0.0,1.0,0.0,16.0,5963.0,1556.0,0.0,0.14000000000000012,0.0,0.1399999999999999,1.6,0.0,0.0,0.0,0.0,1.0,0.0,1.0,2.0
225,Christantus,Uche,Uche,u,has returned to Getafe CF,,5.0,375,65,0.0,653,78,0.0,602,68,0,0,0,0,0,0,0,0.0,0.0,0.0,0.0,0.0,602,68,0.0,0.0,579,59,586,64,557,61,587,64,,,,,,,,0.0,0.0,0.0,0.0,0.0,0.0,0.0,0.0,0.0,3,0,0.0,0.0,0.0,0.0,0.0,0.0,0.0,0.0,0.0,0.0,0.0,0.0,0.0,0.0,0.0,0.0,0.0,0.0,0.0,0.0,0.0,0.0,0.0,0.0,0.0,0.0,0.0,0.0,0.0
241,Dwight,McNeil,McNeil,a,,,5.4,212,132,0.1,381,141,1.0,263,119,0,-1,1,-1,1,121,440,0.2,0.6,1.0,1.0,1.5,245,111,,,233,97,209,115,237,113,273,121,,,,,,,,0.05,0.02,0.07,1.26,0.0,0.0,3.21,1.07,7.5,3,0,0.0,0.0,0.0,0.0,0.0,0.0,0.0,0.0,0.0,0.0,0.0,0.0,0.0,0.0,127.0,455.0,0.0,0.0,0.0,0.0,0.0,0.0,0.0,0.0,0.0,0.0,0.0,0.0,0.0
555,Remi,Matthews,Matthews,a,,,4.0,595,61,1.8,137,20,0.0,400,35,0,0,0,0,0,1178,1582,0.0,0.0,0.0,0.0,0.0,400,35,,,355,35,347,14,269,13,365,35,,,,,,,,0.0,0.0,0.0,0.0,0.0,0.0,0.0,0.0,0.0,3,0,0.0,0.0,0.0,0.0,0.0,0.0,0.0,0.0,0.0,0.0,0.0,0.0,0.0,0.0,1265.0,1638.0,0.0,0.0,0.0,0.0,0.0,0.0,0.0,0.0,0.0,0.0,0.0,0.0,0.0
577,Takehiro,Tomiyasu,Tomiyasu,a,,,4.5,467,106,0.3,289,108,0.7,288,103,0,0,0,0,0,157,655,0.2,0.4,0.7,0.7,1.0,281,108,,,206,87,221,70,218,80,251,93,,,,,,,,0.0,0.01,0.01,2.13,0.0,0.0,2.97,0.99,8.9,3,0,0.0,0.0,0.0,0.0,0.0,0.0,0.0,0.0,0.0,0.0,0.0,0.0,0.0,0.0,161.0,681.0,0.0,0.0,0.0,0.0,0.0,0.0,0.0,0.0,0.0,0.0,0.0,0.0,0.0
588,Anan,Khalaili,Khalaili,a,,,5.0,358,63,0.1,373,138,2.0,185,70,3,0,0,0,0,1495,469,0.4,1.2,2.0,2.0,2.0,207,79,,,52,16,89,27,172,60,85,26,,,,,,,,0.33,0.08,0.41,2.45,0.0,0.0,2.26,0.9,14.92,3,3,90.0,0.0,0.0,0.0,2.0,0.0,0.0,0.0,0.0,0.0,0.0,1.0,0.0,6.0,1561.0,484.0,0.0,0.72,0.010000000000000009,0.73,3.14,0.0,0.0,0.0,0.0,3.0,7.0,3.0,10.0
595,Zavier,Gozo,Gozo,a,,,5.0,357,217,0.0,586,244,0.3,362,167,0,0,0,0,0,24,52,0.1,0.2,0.3,0.3,1.0,323,142,,,318,144,275,141,547,220,328,151,,,,,,,,0.0,0.0,0.0,0.82,0.0,0.0,4.09,0.0,4.09,3,0,0.0,0.0,0.0,0.0,0.0,0.0,0.0,0.0,0.0,0.0,0.0,0.0,0.0,0.0,25.0,54.0,0.0,0.0,0.0,0.0,0.0,0.0,0.0,0.0,0.0,0.0,0.0,0.0,0.0
633,Honest,Ahanor,Ahanor,a,,,4.5,552,147,0.0,632,209,0.0,513,193,0,0,0,0,0,86,23,0.0,0.0,1.8,1.8,0.0,513,193,,,476,187,477,188,421,178,486,187,,,,,,,,0.0,0.0,0.0,0.0,0.0,0.0,0.0,0.0,0.0,3,0,0.0,0.0,0.0,0.0,0.0,0.0,0.0,0.0,0.0,0.0,0.0,0.0,0.0,0.0,89.0,23.0,0.0,0.0,0.0,0.0,0.0,0.0,0.0,0.0,0.0,0.0,0.0,0.0,0.0
643,Ben,Chilwell,Chilwell,a,,,4.5,450,93,0.2,362,135,7.0,14,7,7,0,0,0,0,6548,591,1.6,1.6,1.8,1.8,7.0,15,7,,,413,164,408,163,342,145,423,164,,,,,,,,0.84,0.0,0.84,3.21,0.0,0.0,0.0,0.0,0.0,3,7,16.0,1.0,0.0,0.0,0.0,0.0,0.0,0.0,0.0,0.0,0.0,0.0,0.0,20.0,6554.0,591.0,0.0,0.15,0.0,0.15,0.57,0.0,0.0,0.0,0.0,0.0,0.0,0.0,0.0
644,Quinten,Timber,Timber,a,,,5.0,300,180,0.0,591,246,2.0,181,80,2,0,0,0,0,499,83,0.4,0.4,1.5,1.5,2.0,203,87,,,542,219,547,226,508,196,550,222,,,,,,,,0.02,0.0,0.02,3.17,0.0,0.0,2.47,1.23,7.4,3,2,73.0,0.0,0.0,0.0,2.0,0.0,0.0,0.0,0.0,0.0,0.0,1.0,0.0,8.0,511.0,89.0,0.0,0.02,0.0,0.02,2.57,0.0,0.0,0.0,0.0,1.0,2.0,3.0,6.0
647,Darío,Osorio,Osorio,a,,,5.5,179,110,0.0,618,264,1.0,269,122,1,0,0,0,0,156,29,0.2,0.2,2.0,2.0,1.0,348,159,,,614,266,618,267,608,260,619,267,,,,,,,,0.0,0.0,0.0,11.7,0.0,0.0,0.0,0.0,90.0,3,1,1.0,0.0,0.0,0.0,0.0,0.0,0.0,0.0,0.0,0.0,0.0,0.0,0.0,2.0,161.0,30.0,0.0,0.0,0.0,0.0,0.13,0.0,0.0,0.0,0.0,1.0,0.0,0.0,1.0
21,Christian,Nørgaard,Nørgaard,i,Groin injury - Unknown return date,,4.9,381,230,0.1,483,192,0.0,529,209,0,0,0,-1,1,33,303,0.0,0.0,0.0,0.0,0.0,529,209,0.0,0.0,493,188,494,196,439,154,502,192,,,,,,,,0.0,0.0,0.0,0.0,0.0,0.0,0.0,0.0,0.0,3,0,0.0,0.0,0.0,0.0,0.0,0.0,0.0,0.0,0.0,0.0,0.0,0.0,0.0,0.0,35.0,312.0,0.0,0.0,0.0,0.0,0.0,0.0,0.0,0.0,0.0,0.0,0.0,0.0,0.0
209,Brennan,Johnson,Johnson,a,,,5.9,96,61,0.1,398,151,1.0,274,125,1,0,0,-1,1,321,471,0.2,0.5,1.0,1.0,1.0,356,165,,,273,125,321,163,621,267,313,144,,,,,,,,0.05,0.04,0.09,2.07,0.0,0.0,0.91,0.91,10.91,3,1,65.0,0.0,0.0,0.0,1.0,0.0,0.0,0.0,1.0,0.0,0.0,1.0,0.0,3.0,327.0,490.0,0.0,0.05,0.04,0.09,0.4099999999999997,0.0,0.0,0.0,0.0,1.0,3.0,4.0,8.0
226,Jordan,Pickford,Pickford,a,,,5.5,124,2,8.7,48,6,3.7,88,6,1,0,0,0,0,12564,12816,0.7,2.0,3.7,3.7,3.7,96,6,,,24,3,605,68,586,68,139,3,,,,,,,,0.0,0.01,0.01,1.61,3.0,0.33,1.0,1.0,0.0,3,1,90.0,0.0,0.0,0.0,2.0,0.0,0.0,0.0,0.0,0.0,1.0,1.0,0.0,6.0,12799.0,13347.0,0.0,0.0,0.0,0.0,0.7199999999999998,0.0,0.0,0.0,0.0,0.0,0.0,12.0,0.0
227,Mark,Travers,Travers,a,,,5.0,284,11,0.0,524,58,0.0,562,70,0,0,0,0,0,79,80,0.0,0.0,0.0,0.0,0.0,562,70,,,535,70,538,61,496,61,543,70,,,,,,,,0.0,0.0,0.0,0.0,0.0,0.0,0.0,0.0,0.0,3,0,0.0,0.0,0.0,0.0,0.0,0.0,0.0,0.0,0.0,0.0,0.0,0.0,0.0,0.0,79.0,82.0,0.0,0.0,0.0,0.0,0.0,0.0,0.0,0.0,0.0,0.0,0.0,0.0,0.0
228,Tom,King,King,a,,,4.5,441,32,0.0,504,56,0.0,451,53,0,0,0,0,0,73,88,0.0,0.0,0.0,0.0,0.0,451,53,,,408,53,402,34,336,33,418,53,,,,,,,,0.0,0.0,0.0,0.0,0.0,0.0,0.0,0.0,0.0,3,0,0.0,0.0,0.0,0.0,0.0,0.0,0.0,0.0,0.0,0.0,0.0,0.0,0.0,0.0,75.0,88.0,0.0,0.0,0.0,0.0,0.0,0.0,0.0,0.0,0.0,0.0,0.0,0.0,0.0
229,James,Tarkowski,Tarkowski,a,,,6.0,59,5,11.0,40,14,7.0,18,10,3,0,0,0,0,32908,16984,1.2,3.5,7.0,7.0,7.0,19,10,,,17,3,169,52,82,19,63,16,,,,,,,,0.06,0.01,0.07,1.61,0.0,0.33,1.0,1.0,10.33,3,3,90.0,0.0,0.0,0.0,2.0,0.0,0.0,0.0,0.0,0.0,0.0,1.0,0.0,11.0,33879.0,17943.0,0.0,0.020000000000000018,0.01,0.03,0.7199999999999998,0.0,0.0,0.0,0.0,3.0,9.0,3.0,12.0
230,Jarrad,Branthwaite,Branthwaite,a,,,5.5,170,21,1.8,135,56,4.3,65,27,3,0,0,0,0,5307,3367,0.8,2.4,4.3,4.3,4.3,70,29,,,86,39,238,78,48,7,95,33,,,,,,,,0.06,0.01,0.07,1.61,0.0,0.33,1.0,1.0,10.33,3,3,90.0,0.0,0.0,0.0,2.0,0.0,0.0,0.0,0.0,0.0,0.0,1.0,0.0,10.0,5375.0,3529.0,0.0,0.08000000000000002,0.0,0.08,0.7199999999999998,0.0,0.0,0.0,0.0,1.0,10.0,4.0,11.0
231,Michael,Keane,Keane,a,,,4.9,379,68,1.0,194,73,0.0,527,198,0,0,0,-1,1,355,3321,0.0,0.0,0.0,0.0,0.0,527,198,,,491,192,492,193,437,184,500,192,,,,,,,,0.0,0.0,0.0,0.0,0.0,0.0,0.0,0.0,0.0,3,0,0.0,0.0,0.0,0.0,0.0,0.0,0.0,0.0,0.0,0.0,0.0,0.0,0.0,0.0,367.0,3493.0,0.0,0.0,0.0,0.0,0.0,0.0,0.0,0.0,0.0,0.0,0.0,0.0,0.0
232,Jake,O'Brien,O'Brien,a,,,4.9,408,76,0.3,283,105,0.0,542,200,0,0,0,-1,1,185,895,0.0,0.0,0.0,0.0,0.0,542,200,,,509,196,510,196,458,188,519,196,,,,,,,,0.0,0.0,0.0,0.0,0.0,0.0,0.0,0.0,0.0,3,0,0.0,0.0,0.0,0.0,0.0,0.0,0.0,0.0,0.0,0.0,0.0,0.0,0.0,0.0,188.0,954.0,0.0,0.0,0.0,0.0,0.0,0.0,0.0,0.0,0.0,0.0,0.0,0.0,0.0
233,Vitalii,Mykolenko,Mykolenko,a,,,4.5,468,107,1.8,133,55,3.7,82,34,1,0,0,0,0,14344,6352,0.8,2.4,3.7,3.7,3.7,90,37,,,57,20,149,45,219,81,126,45,,,,,,,,0.0,0.02,0.02,1.61,0.0,0.33,1.0,1.0,7.33,3,1,90.0,0.0,0.0,0.0,2.0,0.0,0.0,0.0,0.0,0.0,0.0,1.0,0.0,8.0,14636.0,6583.0,0.0,0.0,0.010000000000000009,0.010000000000000009,0.7199999999999998,0.0,0.0,0.0,0.0,3.0,3.0,4.0,6.0
234,Nathan,Patterson,Patterson,u,Has joined Torino permanently,,4.5,480,115,0.0,557,190,0.0,465,178,0,0,0,0,0,0,270,0.0,0.0,0.0,0.0,0.0,465,178,0.0,0.0,426,171,423,171,360,156,436,171,,,,,,,,0.0,0.0,0.0,0.0,0.0,0.0,0.0,0.0,0.0,3,0,0.0,0.0,0.0,0.0,0.0,0.0,0.0,0.0,0.0,0.0,0.0,0.0,0.0,0.0,0.0,275.0,0.0,0.0,0.0,0.0,0.0,0.0,0.0,0.0,0.0,0.0,0.0,0.0,0.0
235,Adam,Aznou,Aznou,u,Has joined Malaga on loan for the rest of the season,,4.0,626,189,0.1,388,144,0.0,419,150,0,0,0,0,0,0,988,0.0,0.0,0.0,0.0,0.0,419,150,0.0,0.0,375,139,367,137,292,111,385,139,,,,,,,,0.0,0.0,0.0,0.0,0.0,0.0,0.0,0.0,0.0,3,0,0.0,0.0,0.0,0.0,0.0,0.0,0.0,0.0,0.0,0.0,0.0,0.0,0.0,0.0,0.0,1015.0,0.0,0.0,0.0,0.0,0.0,0.0,0.0,0.0,0.0,0.0,0.0,0.0,0.0
236,Kiernan,Dewsbury-Hall,Dewsbury-Hall,a,,,6.5,35,23,4.4,81,27,5.0,50,24,2,0,0,0,0,25621,16349,0.8,2.3,5.0,5.0,5.0,55,25,,,26,14,9,9,52,30,12,10,2.0,,,,,,,0.15,0.13,0.28,1.6,0.0,0.33,1.0,1.0,9.67,3,2,90.0,0.0,0.0,0.0,2.0,0.0,0.0,0.0,0.0,0.0,0.0,1.0,0.0,20.0,26291.0,17052.0,0.0,0.27,0.07,0.33999999999999997,0.7199999999999998,0.0,0.0,0.0,0.0,4.0,2.0,5.0,11.0
238,Jack,Grealish,Grealish,a,,,6.5,34,22,0.3,290,98,0.7,329,152,1,0,0,0,0,4342,1324,0.1,0.3,0.7,0.7,1.0,367,173,100.0,100.0,328,150,303,153,642,283,339,158,,,,,,,,0.06,0.37,0.43,0.84,0.0,0.0,2.81,0.0,5.62,3,1,24.0,0.0,0.0,0.0,1.0,0.0,0.0,0.0,0.0,0.0,0.0,0.0,0.0,7.0,4441.0,1360.0,0.0,0.02,0.13,0.15,0.3,0.0,0.0,0.0,0.0,1.0,0.0,0.0,1.0
239,James,Garner,Garner,a,,,6.0,68,47,0.1,380,140,1.3,234,106,2,0,0,0,0,1289,905,0.2,0.7,1.3,1.3,1.3,257,116,100.0,100.0,245,104,163,99,243,118,241,108,1.0,1.0,2.0,,,,,0.0,0.06,0.06,0.83,0.0,0.0,1.22,1.22,11.55,3,2,76.0,0.0,0.0,0.0,1.0,0.0,0.0,0.0,0.0,0.0,0.0,1.0,0.0,19.0,1330.0,928.0,0.0,0.0,0.07,0.07,0.44000000000000006,0.0,0.0,0.0,0.0,1.0,2.0,5.0,8.0
242,Tyrique,George,George,a,,,5.5,185,114,0.3,308,107,5.0,48,22,10,0,0,0,0,3296,816,0.9,2.7,5.0,5.0,5.0,53,23,,,217,87,59,44,44,27,82,47,,,,,,,,0.1,0.06,0.16,1.14,0.0,0.38,1.15,1.15,5.0,3,10,90.0,1.0,0.0,0.0,2.0,0.0,0.0,0.0,0.0,0.0,0.0,1.0,3.0,35.0,3310.0,854.0,0.0,0.04000000000000001,0.07,0.10999999999999999,0.7200000000000002,0.0,0.0,0.0,0.0,0.0,1.0,3.0,4.0
243,Carlos,Alcaraz Durán,Alcaraz,a,,,5.0,334,199,0.1,449,178,0.3,360,165,0,0,0,0,0,186,243,0.1,0.2,0.3,0.3,0.5,381,181,,,275,126,291,147,75,42,225,99,,,,,,,,0.9,0.36,1.26,0.72,0.0,0.0,0.0,0.0,54.0,3,0,0.0,0.0,0.0,0.0,0.0,0.0,0.0,0.0,0.0,0.0,0.0,0.0,0.0,0.0,193.0,247.0,0.0,0.0,0.0,0.0,0.0,0.0,0.0,0.0,0.0,0.0,0.0,0.0,0.0
244,Harrison,Armstrong,Armstrong,a,,,5.0,365,223,0.4,270,90,3.7,87,40,1,0,0,0,0,3688,1856,0.7,2.2,3.7,3.7,3.7,95,42,,,92,33,92,57,200,97,117,59,,,,,,,,0.03,0.04,0.07,1.64,0.0,0.34,1.02,1.02,10.15,3,1,90.0,0.0,0.0,0.0,2.0,0.0,0.0,0.0,1.0,0.0,0.0,1.0,0.0,5.0,3815.0,1903.0,0.0,0.09,0.039999999999999994,0.13,0.7199999999999998,0.0,0.0,0.0,0.0,1.0,3.0,1.0,5.0
245,Tyler,Dibling,Dibling,a,,,5.4,224,139,0.0,535,220,0.0,613,262,0,0,0,-1,1,78,95,0.0,0.0,0.0,0.0,0.0,613,262,,,594,252,599,256,577,239,601,254,,,,,,,,0.0,0.0,0.0,0.0,0.0,0.0,0.0,0.0,0.0,3,0,0.0,0.0,0.0,0.0,0.0,0.0,0.0,0.0,0.0,0.0,0.0,0.0,0.0,0.0,81.0,102.0,0.0,0.0,0.0,0.0,0.0,0.0,0.0,0.0,0.0,0.0,0.0,0.0,0.0
246,Merlin,Röhl,Röhl,a,,,5.0,337,200,0.1,495,199,2.0,184,83,1,0,0,0,0,149,207,0.4,1.2,2.0,2.0,2.0,205,89,,,167,60,146,87,234,111,192,86,,,,,,,,0.0,0.07,0.07,1.65,0.0,0.36,0.72,1.08,8.67,3,1,74.0,0.0,0.0,0.0,1.0,0.0,0.0,0.0,1.0,0.0,0.0,1.0,0.0,10.0,154.0,216.0,0.0,0.0,0.13,0.13,0.4399999999999995,0.0,0.0,0.0,0.0,0.0,2.0,4.0,6.0
247,Hayden,Hackney,Hackney,a,,,5.5,149,90,0.2,337,123,2.7,132,55,4,0,0,0,0,264,465,0.5,1.5,2.7,2.7,2.7,149,61,100.0,100.0,199,78,156,93,178,88,204,90,3.0,,,,,,,0.04,0.08,0.12,2.59,0.0,0.74,0.74,0.74,8.18,3,4,15.0,0.0,1.0,0.0,1.0,0.0,0.0,0.0,0.0,0.0,0.0,0.0,0.0,14.0,264.0,490.0,0.0,0.04,0.09,0.13,0.2799999999999998,0.0,0.0,0.0,0.0,1.0,0.0,0.0,1.0
248,Norberto Bercique,Gomes Betuncal,Beto,u,Has joined Fiorentina permanently,,5.4,222,50,1.3,157,24,0.7,317,36,0,0,0,-1,1,0,21253,0.1,0.4,0.0,0.0,1.0,334,36,0.0,0.0,301,31,316,38,195,33,302,36,,,,,,,,0.26,0.0,0.26,5.57,0.0,0.0,0.0,0.0,2.9,3,0,0.0,0.0,0.0,0.0,0.0,0.0,0.0,0.0,0.0,0.0,0.0,0.0,0.0,0.0,0.0,21944.0,0.0,0.0,0.0,0.0,0.0,0.0,0.0,0.0,0.0,0.0,0.0,0.0,0.0
249,Thierno,Barry,Barry,a,,,5.6,120,30,5.2,70,10,4.0,81,8,2,1,-1,1,-1,55259,17635,0.7,2.1,4.0,4.0,4.0,87,9,,,66,4,80,7,3,3,14,4,,,1.0,,,,,0.88,0.04,0.92,1.11,0.0,0.38,1.14,1.14,3.8,3,2,90.0,0.0,0.0,0.0,2.0,0.0,0.0,0.0,0.0,0.0,0.0,1.0,0.0,7.0,57119.0,18393.0,0.0,0.3800000000000001,0.020000000000000004,0.3999999999999999,0.7199999999999998,0.0,0.0,0.0,0.0,0.0,0.0,4.0,4.0
649,Ainsley,Maitland-Niles,Maitland-Niles,a,,,4.5,444,88,0.0,562,193,7.0,13,6,7,0,0,0,0,1139,118,1.6,1.6,1.8,1.8,7.0,14,6,,,410,162,405,161,339,143,420,162,,,,,,,,0.21,0.0,0.21,1.94,0.0,0.0,6.92,0.0,0.0,3,7,13.0,1.0,0.0,0.0,1.0,0.0,0.0,0.0,0.0,0.0,0.0,0.0,0.0,13.0,1146.0,119.0,0.0,0.03,0.0,0.03,0.28,0.0,0.0,0.0,0.0,0.0,0.0,0.0,0.0
250,Bernd,Leno,Leno,a,,,4.5,427,25,3.1,103,18,2.0,170,14,1,0,0,0,0,5362,6427,0.4,1.3,2.0,2.0,2.0,186,15,,,62,8,393,27,325,26,174,9,,,,,,,,0.0,0.0,0.0,2.08,2.67,0.0,2.33,1.0,0.0,3,1,90.0,0.0,0.0,0.0,3.0,0.0,0.0,0.0,0.0,0.0,2.0,1.0,0.0,8.0,5856.0,6719.0,0.0,0.0,0.0,0.0,1.9700000000000006,0.0,0.0,0.0,0.0,0.0,0.0,8.0,0.0
251,Benjamin,Lecomte,Lecomte,a,,,4.0,583,55,1.2,175,27,0.0,392,29,0,0,0,0,0,2036,1151,0.0,0.0,0.0,0.0,0.0,392,29,,,347,29,337,8,259,7,356,29,,,,,,,,0.0,0.0,0.0,0.0,0.0,0.0,0.0,0.0,0.0,3,0,0.0,0.0,0.0,0.0,0.0,0.0,0.0,0.0,0.0,0.0,0.0,0.0,0.0,0.0,2403.0,1307.0,0.0,0.0,0.0,0.0,0.0,0.0,0.0,0.0,0.0,0.0,0.0,0.0,0.0
252,Alfie,McNally,McNally,u,Has joined York City on loan for the rest of the season,,4.0,629,70,0.1,379,43,0.0,422,44,0,0,0,0,0,0,504,0.0,0.0,0.0,0.0,0.0,422,44,0.0,0.0,378,44,370,23,295,22,388,44,,,,,,,,0.0,0.0,0.0,0.0,0.0,0.0,0.0,0.0,0.0,3,0,0.0,0.0,0.0,0.0,0.0,0.0,0.0,0.0,0.0,0.0,0.0,0.0,0.0,0.0,0.0,521.0,0.0,0.0,0.0,0.0,0.0,0.0,0.0,0.0,0.0,0.0,0.0,0.0,0.0
253,Joachim,Andersen,Andersen,a,,,5.0,259,40,0.1,383,142,0.7,304,113,1,0,0,0,0,580,528,0.1,0.4,0.7,0.7,1.0,308,122,100.0,100.0,191,82,161,48,228,86,211,82,,,,,,,,0.0,0.05,0.05,2.0,0.0,0.0,2.0,1.0,7.5,3,1,90.0,0.0,0.0,0.0,3.0,0.0,0.0,0.0,0.0,0.0,0.0,1.0,0.0,8.0,638.0,542.0,0.0,0.0,0.060000000000000005,0.060000000000000005,1.9700000000000002,0.0,0.0,0.0,0.0,2.0,5.0,7.0,7.0
254,Antonee,Robinson,Robinson,a,,,4.5,448,92,1.6,145,61,1.3,216,78,1,0,0,0,0,1488,5360,0.3,0.9,1.3,1.3,1.3,249,88,,,132,60,82,25,209,76,138,51,,,2.0,,,,,0.08,0.06,0.14,2.24,0.0,0.0,2.53,1.08,5.42,3,1,78.0,0.0,0.0,0.0,3.0,0.0,0.0,0.0,0.0,0.0,0.0,1.0,0.0,7.0,1659.0,5480.0,0.0,0.07999999999999999,0.1,0.18,1.9699999999999998,0.0,0.0,0.0,0.0,2.0,3.0,5.0,5.0
255,Jorge,Cuenca Barreno,J.Cuenca,a,,,4.5,484,119,0.0,531,184,1.0,250,93,0,0,0,0,0,34,129,0.2,0.7,1.0,1.0,3.0,119,48,,,127,56,121,37,363,159,156,58,,,,,,,,0.0,0.03,0.03,2.24,0.0,0.0,3.0,1.0,10.0,3,0,0.0,0.0,0.0,0.0,0.0,0.0,0.0,0.0,0.0,0.0,0.0,0.0,0.0,0.0,36.0,132.0,0.0,0.0,0.0,0.0,0.0,0.0,0.0,0.0,0.0,0.0,0.0,0.0,0.0
256,Kenny,Tete,Tete,a,,,4.5,447,91,0.2,328,121,0.0,453,173,0,0,0,0,0,36,503,0.0,0.0,0.0,0.0,0.0,453,173,,,411,163,406,162,340,144,421,163,,,,,,,,0.0,0.0,0.0,0.0,0.0,0.0,0.0,0.0,0.0,3,0,0.0,0.0,0.0,0.0,0.0,0.0,0.0,0.0,0.0,0.0,0.0,0.0,0.0,0.0,39.0,518.0,0.0,0.0,0.0,0.0,0.0,0.0,0.0,0.0,0.0,0.0,0.0,0.0,0.0
257,Calvin,Bassey,Bassey,a,,,4.5,475,112,0.7,224,84,1.0,249,92,1,0,0,0,0,569,1873,0.2,0.7,1.0,1.0,1.0,283,110,,,124,55,199,64,220,82,189,72,,,,,,,,0.01,0.02,0.03,2.08,0.0,0.0,2.33,1.0,4.33,3,1,90.0,0.0,0.0,0.0,3.0,0.0,0.0,0.0,0.0,0.0,0.0,1.0,0.0,2.0,632.0,1926.0,0.0,0.0,0.04000000000000001,0.039999999999999994,1.9700000000000006,0.0,0.0,0.0,0.0,1.0,1.0,2.0,2.0
258,Timothy,Castagne,Castagne,a,,,4.5,446,90,0.9,201,78,4.3,58,23,1,0,0,0,0,2338,3086,1.0,2.9,4.3,4.3,4.3,64,26,,,103,46,87,26,81,18,80,23,,,,,,,,0.24,0.13,0.37,1.63,0.0,0.36,2.19,1.09,5.47,3,1,90.0,0.0,0.0,0.0,3.0,0.0,0.0,0.0,0.0,0.0,0.0,1.0,0.0,-1.0,2704.0,3185.0,0.0,0.5800000000000001,0.19,0.77,1.9699999999999998,0.0,0.0,0.0,0.0,2.0,5.0,5.0,7.0
261,Alex,Iwobi,Iwobi,a,,,5.5,126,80,0.8,211,67,2.0,189,87,2,0,0,0,0,662,3271,0.4,1.1,2.0,2.0,2.0,212,95,,,158,57,37,30,241,117,114,58,1.0,1.0,3.0,,,,,0.02,0.24,0.26,2.14,0.0,0.0,2.4,1.03,6.18,3,2,82.0,0.0,0.0,0.0,3.0,0.0,0.0,0.0,0.0,0.0,0.0,1.0,0.0,15.0,720.0,3375.0,0.0,0.04,0.25999999999999995,0.3,1.9700000000000006,0.0,0.0,0.0,0.0,1.0,0.0,3.0,4.0
262,Emile,Smith Rowe,Smith Rowe,a,,,5.4,201,124,0.3,294,102,0.7,313,143,1,-1,1,-1,1,259,1226,0.1,0.4,0.7,0.7,1.0,329,147,,,271,123,113,69,175,86,208,92,,,,,,,,0.22,0.07,0.29,1.48,0.0,0.0,0.0,0.0,3.6,3,1,11.0,0.0,0.0,0.0,0.0,0.0,0.0,0.0,0.0,0.0,0.0,0.0,0.0,3.0,266.0,1260.0,0.0,0.0,0.0,0.0,0.0,0.0,0.0,0.0,0.0,0.0,0.0,0.0,0.0
263,Kevin,Santos Lopes de Macedo,Kevin,a,,,5.4,230,145,0.0,500,203,0.7,318,146,0,0,0,-1,1,84,306,0.1,0.4,0.7,0.7,1.0,337,153,,,272,124,224,121,581,243,303,136,4.0,,,,,,,0.0,0.19,0.19,0.75,0.0,0.0,0.0,0.0,11.25,3,0,0.0,0.0,0.0,0.0,0.0,0.0,0.0,0.0,0.0,0.0,0.0,0.0,0.0,0.0,89.0,310.0,0.0,0.0,0.0,0.0,0.0,0.0,0.0,0.0,0.0,0.0,0.0,0.0,0.0
264,Oscar,Bobb,Bobb,a,,,5.5,169,103,0.3,287,96,2.3,161,69,2,0,0,0,0,705,1311,0.4,1.3,2.3,2.3,2.3,177,75,,,198,77,97,60,132,67,154,73,2.0,,,,,,,0.14,0.39,0.53,1.89,0.0,0.43,2.56,1.28,6.4,3,2,78.0,0.0,0.0,0.0,3.0,0.0,0.0,0.0,0.0,0.0,0.0,1.0,0.0,17.0,737.0,1341.0,0.0,0.32,0.65,0.97,1.9700000000000002,0.0,0.0,0.0,0.0,0.0,0.0,4.0,4.0
265,Sander,Berge,Berge,a,,,5.0,267,166,0.3,281,93,1.7,203,92,1,0,0,0,0,213,1040,0.3,1.0,1.7,1.7,1.7,230,101,,,178,69,32,26,155,77,99,51,,,,,,,,0.01,0.16,0.17,2.41,0.0,0.0,2.46,0.98,3.93,3,1,29.0,0.0,0.0,0.0,1.0,0.0,0.0,0.0,0.0,0.0,0.0,0.0,0.0,9.0,229.0,1076.0,0.0,0.0,0.1,0.09999999999999998,0.8400000000000007,0.0,0.0,0.0,0.0,0.0,0.0,2.0,2.0
266,Tom,Cairney,Cairney,i,Knee injury - Expected back 10 Oct,,5.0,239,150,0.0,635,277,0.0,548,224,0,0,0,0,0,3,9,0.0,0.0,0.0,0.0,0.0,548,224,0.0,0.0,516,205,518,214,470,177,526,210,,,,,,,,0.0,0.0,0.0,0.0,0.0,0.0,0.0,0.0,0.0,3,0,0.0,0.0,0.0,0.0,0.0,0.0,0.0,0.0,0.0,0.0,0.0,0.0,0.0,0.0,3.0,10.0,0.0,0.0,0.0,0.0,0.0,0.0,0.0,0.0,0.0,0.0,0.0,0.0,0.0
268,Josh,King,King,a,,,5.5,189,117,0.9,204,63,6.3,28,11,10,0,0,0,0,19545,4162,1.1,3.5,6.3,6.3,6.3,30,12,,,49,25,124,75,20,11,34,27,,,,,,,,0.32,0.11,0.43,2.08,0.0,0.0,2.33,1.0,6.33,3,10,90.0,1.0,0.0,0.0,3.0,0.0,0.0,0.0,0.0,0.0,0.0,1.0,3.0,38.0,19732.0,4262.0,0.0,0.30999999999999994,0.27,0.5800000000000001,1.9700000000000006,0.0,0.0,0.0,0.0,1.0,1.0,5.0,7.0
269,Ryan,Sessegnon,Sessegnon,a,,,4.5,453,95,0.4,279,104,1.0,246,89,1,0,0,0,0,86,945,0.2,0.7,1.0,1.0,1.0,278,105,,,204,85,174,55,70,15,155,57,3.0,,,,,,,0.23,0.79,1.02,3.24,0.0,0.0,1.8,0.0,5.4,3,1,11.0,0.0,0.0,0.0,0.0,0.0,0.0,0.0,0.0,0.0,0.0,0.0,0.0,3.0,95.0,986.0,0.0,0.08,0.32,0.3999999999999999,0.0,0.0,0.0,0.0,0.0,0.0,1.0,1.0,1.0
270,Harrison,Reed,Reed,a,,,4.5,443,259,1.3,164,52,0.0,452,182,0,0,0,0,0,1204,3415,0.0,0.0,0.0,0.0,0.0,452,182,,,409,160,404,169,338,126,419,165,,,,,,,,0.0,0.0,0.0,0.0,0.0,0.0,0.0,0.0,0.0,3,0,0.0,0.0,0.0,0.0,0.0,0.0,0.0,0.0,0.0,0.0,0.0,0.0,0.0,0.0,1257.0,3533.0,0.0,0.0,0.0,0.0,0.0,0.0,0.0,0.0,0.0,0.0,0.0,0.0,0.0
271,Rodrigo,Muniz Carvalho,Muniz,a,,,5.5,148,38,0.5,259,45,0.7,320,38,1,0,0,0,0,566,1717,0.1,0.4,0.7,0.7,1.0,345,39,,,261,23,175,18,177,30,235,26,,,,,,,,2.4,0.0,2.4,0.18,0.0,0.0,0.0,0.0,6.0,3,1,7.0,0.0,0.0,0.0,0.0,0.0,0.0,0.0,0.0,0.0,0.0,0.0,0.0,5.0,595.0,1800.0,0.0,0.38,0.0,0.38,0.0,0.0,0.0,0.0,0.0,0.0,0.0,0.0,0.0
272,Jonah,Kusi-Asare,Kusi-Asare,a,,,4.5,561,77,6.5,62,9,0.0,519,56,0,0,0,0,0,9909,15117,0.0,0.0,0.0,0.0,0.0,519,56,,,483,47,483,52,428,49,492,52,,,,,,,,0.0,0.0,0.0,0.0,0.0,0.0,0.0,0.0,0.0,3,0,0.0,0.0,0.0,0.0,0.0,0.0,0.0,0.0,0.0,0.0,0.0,0.0,0.0,0.0,10276.0,15647.0,0.0,0.0,0.0,0.0,0.0,0.0,0.0,0.0,0.0,0.0,0.0,0.0,0.0
569,Gonzalo,García,Gonzalo,a,,,6.0,81,18,4.5,80,11,3.3,105,11,2,0,0,0,0,9533,21484,0.6,1.7,3.3,3.3,3.3,116,14,,,82,7,198,25,17,8,51,7,,,1.0,,,,,0.48,0.07,0.55,2.08,0.0,0.0,2.33,1.0,4.33,3,2,90.0,0.0,0.0,0.0,3.0,0.0,0.0,0.0,0.0,0.0,0.0,1.0,0.0,10.0,10177.0,22150.0,0.0,0.43999999999999995,0.2,0.6399999999999999,1.9700000000000006,0.0,0.0,0.0,0.0,1.0,3.0,3.0,7.0
570,César,Palacios,Palacios,a,,,5.5,187,116,0.2,347,128,3.7,91,43,8,0,0,0,0,501,441,0.7,2.0,3.7,3.7,3.7,99,45,,,264,117,192,107,141,71,236,105,,,,,,,,0.43,0.01,0.44,2.16,0.0,0.0,2.61,1.3,5.65,3,8,60.0,1.0,0.0,0.0,2.0,0.0,0.0,0.0,0.0,0.0,0.0,1.0,1.0,27.0,504.0,461.0,0.0,0.8,0.019999999999999997,0.8200000000000001,1.1399999999999997,0.0,0.0,0.0,0.0,0.0,0.0,0.0,0.0
580,Shea,Charles,Charles,a,,,5.0,306,184,0.1,463,183,1.3,226,101,2,0,0,0,0,98,178,0.3,0.8,1.3,1.3,1.3,254,114,,,289,133,217,119,186,91,283,126,,,,,,,,0.07,0.09,0.16,2.76,0.0,0.0,2.93,0.73,11.71,3,2,78.0,0.0,0.0,0.0,3.0,0.0,0.0,0.0,0.0,0.0,0.0,1.0,0.0,18.0,98.0,184.0,0.0,0.0,0.09,0.09,1.97,0.0,0.0,0.0,0.0,0.0,3.0,8.0,11.0
610,Luc,De Fougerolles,De Fougerolles,d,Unspecified injury - 75% chance of playing,,4.0,635,197,0.1,435,154,0.0,427,157,0,0,0,0,0,160,325,0.0,0.0,0.0,0.0,0.0,427,157,75.0,75.0,383,146,375,144,300,118,393,146,,,,,,,,0.0,0.0,0.0,0.0,0.0,0.0,0.0,0.0,0.0,3,0,0.0,0.0,0.0,0.0,0.0,0.0,0.0,0.0,0.0,0.0,0.0,0.0,0.0,0.0,167.0,330.0,0.0,0.0,0.0,0.0,0.0,0.0,0.0,0.0,0.0,0.0,0.0,0.0,0.0
626,Macauley,Zepa,Zepa,a,,,4.5,556,284,0.3,285,95,0.0,516,203,0,0,0,0,0,5283,1759,0.0,0.0,0.0,0.0,0.0,516,203,,,479,181,480,190,424,148,489,186,,,,,,,,0.0,0.0,0.0,0.0,0.0,0.0,0.0,0.0,0.0,3,0,0.0,0.0,0.0,0.0,0.0,0.0,0.0,0.0,0.0,0.0,0.0,0.0,0.0,0.0,5428.0,1790.0,0.0,0.0,0.0,0.0,0.0,0.0,0.0,0.0,0.0,0.0,0.0,0.0,0.0
635,Hugo,Larsson,Larsson,a,,,5.0,354,215,0.0,628,272,1.0,260,116,1,0,0,0,0,101,19,0.2,0.2,1.5,1.5,1.0,321,140,,,569,237,577,244,544,218,577,240,,,,,,,,1.06,1.8,2.86,0.0,0.0,0.0,0.0,0.0,8.18,3,1,11.0,0.0,0.0,0.0,0.0,0.0,0.0,0.0,0.0,0.0,0.0,0.0,0.0,3.0,106.0,20.0,0.0,0.13,0.22,0.35,0.0,0.0,0.0,0.0,0.0,1.0,0.0,0.0,1.0
636,Manuel Ángel,Morán Ibáñez,Ángel,a,,,5.0,332,197,0.0,645,284,0.0,584,244,0,0,0,0,0,39,14,0.0,0.0,1.5,1.5,0.0,584,244,,,559,229,567,236,532,208,567,232,,,,,,,,0.0,0.0,0.0,0.0,0.0,0.0,0.0,0.0,0.0,3,0,0.0,0.0,0.0,0.0,0.0,0.0,0.0,0.0,0.0,0.0,0.0,0.0,0.0,0.0,42.0,15.0,0.0,0.0,0.0,0.0,0.0,0.0,0.0,0.0,0.0,0.0,0.0,0.0,0.0
650,David,Affengruber,Affengruber,a,,,4.5,491,125,0.0,633,210,0.0,471,183,0,0,0,0,0,83,24,0.0,0.0,1.8,1.8,0.0,471,183,,,432,176,429,176,368,163,442,176,,,,,,,,0.0,0.0,0.0,0.0,0.0,0.0,0.0,0.0,0.0,3,0,0.0,0.0,0.0,0.0,0.0,0.0,0.0,0.0,0.0,0.0,0.0,0.0,0.0,0.0,85.0,24.0,0.0,0.0,0.0,0.0,0.0,0.0,0.0,0.0,0.0,0.0,0.0,0.0,0.0
240,Tim,Iroegbunam,Iroegbunam,a,,,5.0,320,190,0.0,585,243,0.3,359,164,0,0,0,0,0,104,52,0.1,0.2,0.3,0.3,1.0,315,135,100.0,100.0,552,225,559,232,522,203,560,228,,,,,,,,0.0,0.0,0.0,0.0,0.0,0.0,0.0,0.0,0.0,3,0,0.0,0.0,0.0,0.0,0.0,0.0,0.0,0.0,0.0,0.0,0.0,0.0,0.0,0.0,107.0,55.0,0.0,0.0,0.0,0.0,0.0,0.0,0.0,0.0,0.0,0.0,0.0,0.0,0.0
273,Dillon,Phillips,Phillips,a,,,4.0,593,60,1.5,151,21,0.0,399,34,0,0,0,0,0,2010,1786,0.0,0.0,0.0,0.0,0.0,399,34,,,354,34,345,13,267,12,363,34,,,,,,,,0.0,0.0,0.0,0.0,0.0,0.0,0.0,0.0,0.0,3,0,0.0,0.0,0.0,0.0,0.0,0.0,0.0,0.0,0.0,0.0,0.0,0.0,0.0,0.0,2119.0,1890.0,0.0,0.0,0.0,0.0,0.0,0.0,0.0,0.0,0.0,0.0,0.0,0.0,0.0
274,Jack,Butland,Butland,i,Arm injury - Unknown return date,,4.5,433,27,0.1,458,51,0.0,446,48,0,0,0,0,0,44,252,0.0,0.0,0.0,0.0,0.0,446,48,0.0,0.0,402,48,396,29,330,28,412,48,,,,,,,,0.0,0.0,0.0,0.0,0.0,0.0,0.0,0.0,0.0,3,0,0.0,0.0,0.0,0.0,0.0,0.0,0.0,0.0,0.0,0.0,0.0,0.0,0.0,0.0,46.0,257.0,0.0,0.0,0.0,0.0,0.0,0.0,0.0,0.0,0.0,0.0,0.0,0.0,0.0
275,Harvey,Cartwright,Cartwright,u,Has joined Grimsby Town on loan for the rest of the season,,4.0,624,69,0.0,614,71,0.0,418,43,0,0,0,0,0,0,24,0.0,0.0,0.0,0.0,0.0,418,43,0.0,0.0,373,43,365,22,290,21,383,43,,,,,,,,0.0,0.0,0.0,0.0,0.0,0.0,0.0,0.0,0.0,3,0,0.0,0.0,0.0,0.0,0.0,0.0,0.0,0.0,0.0,0.0,0.0,0.0,0.0,0.0,0.0,25.0,0.0,0.0,0.0,0.0,0.0,0.0,0.0,0.0,0.0,0.0,0.0,0.0,0.0
276,Thimothée,Lo-Tutala,Lo-Tutala,u,Has joined Colchester United on loan for the rest of the season,,4.0,613,66,0.0,546,63,0.0,411,40,0,0,0,0,0,0,61,0.0,0.0,0.0,0.0,0.0,411,40,0.0,0.0,366,40,358,19,282,18,376,40,,,,,,,,0.0,0.0,0.0,0.0,0.0,0.0,0.0,0.0,0.0,3,0,0.0,0.0,0.0,0.0,0.0,0.0,0.0,0.0,0.0,0.0,0.0,0.0,0.0,0.0,0.0,64.0,0.0,0.0,0.0,0.0,0.0,0.0,0.0,0.0,0.0,0.0,0.0,0.0,0.0
277,John,Egan,Egan,a,,,4.0,586,162,5.6,65,27,7.7,9,3,6,0,0,0,0,76576,10327,1.9,5.8,7.7,7.7,7.7,10,3,,,21,5,304,113,216,78,122,43,,,,,,,,0.0,0.0,0.0,1.68,0.0,1.0,0.0,1.0,13.67,3,6,90.0,0.0,0.0,1.0,0.0,0.0,0.0,0.0,0.0,0.0,0.0,1.0,0.0,18.0,80768.0,11261.0,0.0,0.0,0.0,0.0,1.9299999999999997,0.0,0.0,0.0,0.0,3.0,4.0,1.0,7.0
278,Charlie,Hughes,Hughes,i,Groin injury - Unknown return date,,4.0,628,191,0.1,444,158,0.0,421,152,0,0,0,0,0,27,255,0.0,0.0,0.0,0.0,0.0,421,152,0.0,0.0,377,141,369,139,294,113,387,141,,,,,,,,0.0,0.0,0.0,0.0,0.0,0.0,0.0,0.0,0.0,3,0,0.0,0.0,0.0,0.0,0.0,0.0,0.0,0.0,0.0,0.0,0.0,0.0,0.0,0.0,29.0,259.0,0.0,0.0,0.0,0.0,0.0,0.0,0.0,0.0,0.0,0.0,0.0,0.0,0.0
279,Semi,Ajayi,Ajayi,a,,,4.1,575,159,10.1,43,16,8.3,4,1,5,0,0,1,-1,75888,12938,2.0,6.1,8.3,8.3,8.3,5,1,100.0,100.0,31,9,282,101,54,10,73,19,,,,,,,,0.19,0.0,0.19,1.51,0.0,1.11,0.0,1.11,7.41,3,5,90.0,0.0,0.0,1.0,0.0,0.0,0.0,0.0,1.0,0.0,0.0,1.0,0.0,17.0,80059.0,14265.0,0.0,0.0,0.0,0.0,1.9300000000000002,0.0,0.0,0.0,0.0,1.0,5.0,1.0,6.0
280,Lewie,Coyle,Coyle,a,,,4.0,599,170,0.5,250,95,4.0,73,29,6,0,0,0,0,639,1017,1.0,3.0,4.0,3.0,4.0,78,31,100.0,75.0,231,95,173,54,272,99,245,91,,,,,,,,0.0,0.01,0.01,2.06,0.0,1.02,0.0,1.53,3.05,3,6,63.0,0.0,0.0,1.0,0.0,0.0,0.0,0.0,0.0,0.0,0.0,1.0,0.0,19.0,651.0,1102.0,0.0,0.0,0.01,0.01,1.8099999999999996,0.0,0.0,0.0,0.0,0.0,0.0,0.0,0.0
281,Cody,Drameh,Drameh,u,Has joined Genoa permanently,,4.0,610,178,0.1,484,171,0.7,281,97,0,0,0,0,0,0,586,0.2,0.5,0.0,0.0,1.0,266,95,0.0,0.0,256,100,311,117,247,90,299,108,,,,,,,,0.07,0.0,0.07,1.2,0.0,0.0,0.0,0.0,8.31,3,0,0.0,0.0,0.0,0.0,0.0,0.0,0.0,0.0,0.0,0.0,0.0,0.0,0.0,0.0,0.0,597.0,0.0,0.0,0.0,0.0,0.0,0.0,0.0,0.0,0.0,0.0,0.0,0.0,0.0
282,Ryan,Giles,Giles,a,,,4.0,607,177,1.1,177,69,6.7,23,11,8,0,0,0,0,7437,1623,1.7,5.0,6.7,6.7,6.7,24,11,,,162,74,69,17,183,62,137,50,1.0,1.0,,,,,,0.01,0.06,0.07,1.7,0.0,1.02,0.0,1.02,4.09,3,8,90.0,0.0,0.0,1.0,0.0,0.0,0.0,0.0,0.0,0.0,0.0,1.0,2.0,30.0,7661.0,1691.0,0.0,0.0,0.03999999999999998,0.04000000000000001,1.9300000000000006,0.0,0.0,0.0,0.0,1.0,3.0,5.0,4.0
283,Matty,Jacob,Jacob,u,Has joined Newport County on loan until January,,4.0,614,180,0.0,603,204,0.0,412,146,0,0,0,0,0,0,36,0.0,0.0,0.0,0.0,0.0,412,146,0.0,0.0,367,134,359,132,283,105,377,134,,,,,,,,0.0,0.0,0.0,0.0,0.0,0.0,0.0,0.0,0.0,3,0,0.0,0.0,0.0,0.0,0.0,0.0,0.0,0.0,0.0,0.0,0.0,0.0,0.0,0.0,0.0,37.0,0.0,0.0,0.0,0.0,0.0,0.0,0.0,0.0,0.0,0.0,0.0,0.0,0.0
285,Paddy,McNair,McNair,a,,,4.0,591,164,0.1,401,147,0.3,332,117,0,0,0,0,0,131,226,0.1,0.2,0.3,0.3,1.0,262,91,,,282,105,344,124,266,95,314,112,,,,,,,,0.0,0.0,0.0,3.32,0.0,0.0,0.0,0.0,6.92,3,0,0.0,0.0,0.0,0.0,0.0,0.0,0.0,0.0,0.0,0.0,0.0,0.0,0.0,0.0,142.0,235.0,0.0,0.0,0.0,0.0,0.0,0.0,0.0,0.0,0.0,0.0,0.0,0.0,0.0
286,Mohamed,Belloumi,Belloumi,a,,,5.0,349,210,0.9,203,62,4.7,54,27,5,0,0,0,0,5743,1886,0.9,2.8,4.7,4.7,4.7,59,28,,,121,44,153,92,96,50,130,66,3.0,2.0,,,,,,0.07,0.02,0.09,1.73,0.0,1.07,0.0,1.07,11.38,3,5,81.0,0.0,0.0,1.0,0.0,0.0,0.0,0.0,0.0,0.0,0.0,1.0,0.0,15.0,5870.0,1949.0,0.0,0.03,0.009999999999999995,0.04000000000000001,1.9300000000000002,0.0,0.0,0.0,0.0,3.0,8.0,1.0,12.0
284,Cathal,McCarthy,McCarthy,a,,,4.0,653,214,0.1,436,155,0.0,441,170,0,0,0,0,0,219,208,0.0,0.0,0.0,0.0,0.0,441,170,,,397,159,389,157,317,134,407,159,,,,,,,,0.0,0.0,0.0,0.0,0.0,0.0,0.0,0.0,0.0,3,0,0.0,0.0,0.0,0.0,0.0,0.0,0.0,0.0,0.0,0.0,0.0,0.0,0.0,0.0,231.0,215.0,0.0,0.0,0.0,0.0,0.0,0.0,0.0,0.0,0.0,0.0,0.0,0.0,0.0
287,Liam,Millar,Millar,u,Has joined Birmingham on loan for the rest of the season,,5.0,287,174,0.1,489,196,2.0,180,79,0,0,0,0,0,0,924,0.4,1.2,0.0,0.0,3.0,129,50,0.0,0.0,114,42,281,144,114,59,165,79,,,,,,,,1.04,0.0,1.04,1.57,0.0,0.0,0.0,0.0,7.2,3,0,0.0,0.0,0.0,0.0,0.0,0.0,0.0,0.0,0.0,0.0,0.0,0.0,0.0,0.0,0.0,940.0,0.0,0.0,0.0,0.0,0.0,0.0,0.0,0.0,0.0,0.0,0.0,0.0,0.0
288,Kieran,Dowell,Dowell,a,,,4.5,449,260,0.4,280,92,0.0,454,183,0,0,0,0,0,936,1052,0.0,0.0,0.0,0.0,0.0,454,183,,,412,161,407,170,341,127,422,166,,,,,,,,0.0,0.0,0.0,0.0,0.0,0.0,0.0,0.0,0.0,3,0,0.0,0.0,0.0,0.0,0.0,0.0,0.0,0.0,0.0,0.0,0.0,0.0,0.0,0.0,968.0,1086.0,0.0,0.0,0.0,0.0,0.0,0.0,0.0,0.0,0.0,0.0,0.0,0.0,0.0
289,Matt,Crooks,Crooks,d,Thigh injury - 75% chance of playing,,4.5,432,257,0.5,244,82,0.7,287,131,0,0,0,0,0,231,2258,0.2,0.4,0.5,0.5,2.0,187,82,75.0,75.0,182,70,234,126,329,124,250,113,,,,,,,,0.0,0.0,0.0,1.83,0.0,1.0,0.0,1.0,9.0,3,0,0.0,0.0,0.0,0.0,0.0,0.0,0.0,0.0,0.0,0.0,0.0,0.0,0.0,0.0,241.0,2362.0,0.0,0.0,0.0,0.0,0.0,0.0,0.0,0.0,0.0,0.0,0.0,0.0,0.0
290,Regan,Slater,Slater,a,,,4.5,478,263,4.9,76,24,3.7,83,37,3,0,0,0,0,29961,13531,0.8,2.4,3.7,3.7,3.7,91,39,,,140,51,116,71,221,105,160,75,2.0,,,,,,,0.01,0.15,0.16,1.68,0.0,1.0,0.0,1.0,6.33,3,3,90.0,0.0,0.0,1.0,0.0,0.0,0.0,0.0,0.0,0.0,0.0,1.0,0.0,10.0,31493.0,14168.0,0.0,0.04,0.010000000000000009,0.04999999999999999,1.9299999999999997,0.0,0.0,0.0,0.0,1.0,3.0,2.0,6.0
291,Eliot,Matazo,Matazo,i,Knee injury - Unknown return date,,4.5,497,265,0.0,620,266,0.0,473,186,0,0,0,0,0,26,25,0.0,0.0,0.0,0.0,0.0,473,186,0.0,0.0,434,164,432,173,372,131,444,169,,,,,,,,0.0,0.0,0.0,0.0,0.0,0.0,0.0,0.0,0.0,3,0,0.0,0.0,0.0,0.0,0.0,0.0,0.0,0.0,0.0,0.0,0.0,0.0,0.0,0.0,27.0,28.0,0.0,0.0,0.0,0.0,0.0,0.0,0.0,0.0,0.0,0.0,0.0,0.0,0.0
292,Abdülkadir,Ömür,Ömür,a,,,4.9,385,233,0.0,578,239,0.0,531,211,0,0,0,-1,1,104,96,0.0,0.0,0.0,0.0,0.0,531,211,,,497,191,496,198,443,157,506,195,,,,,,,,0.0,0.0,0.0,0.0,0.0,0.0,0.0,0.0,0.0,3,0,0.0,0.0,0.0,0.0,0.0,0.0,0.0,0.0,0.0,0.0,0.0,0.0,0.0,0.0,112.0,100.0,0.0,0.0,0.0,0.0,0.0,0.0,0.0,0.0,0.0,0.0,0.0,0.0,0.0
293,Abu,Kamara,Kamara,u,Has joined Portsmouth permanently,,5.0,321,191,0.0,641,281,0.0,578,241,0,0,0,0,0,0,14,0.0,0.0,0.0,0.0,0.0,578,241,0.0,0.0,553,226,560,233,523,204,561,229,,,,,,,,0.0,0.0,0.0,0.0,0.0,0.0,0.0,0.0,0.0,3,0,0.0,0.0,0.0,0.0,0.0,0.0,0.0,0.0,0.0,0.0,0.0,0.0,0.0,0.0,0.0,14.0,0.0,0.0,0.0,0.0,0.0,0.0,0.0,0.0,0.0,0.0,0.0,0.0,0.0
294,Óscar,Zambrano,Zambrano,i,Thigh injury - Unknown return date,,4.5,531,273,0.1,440,173,0.0,496,194,0,0,0,0,0,100,289,0.0,0.0,0.0,0.0,0.0,496,194,0.0,0.0,458,172,460,181,402,139,468,177,,,,,,,,0.0,0.0,0.0,0.0,0.0,0.0,0.0,0.0,0.0,3,0,0.0,0.0,0.0,0.0,0.0,0.0,0.0,0.0,0.0,0.0,0.0,0.0,0.0,0.0,100.0,292.0,0.0,0.0,0.0,0.0,0.0,0.0,0.0,0.0,0.0,0.0,0.0,0.0,0.0
295,Oli,McBurnie,McBurnie,a,,,5.5,128,33,2.0,127,19,2.7,130,12,2,0,0,0,0,5498,9425,0.5,1.5,2.7,2.7,2.7,147,16,,,188,17,64,5,23,10,53,8,,,1.0,,,,,0.18,0.02,0.2,1.68,0.0,1.0,0.0,1.0,4.0,3,2,90.0,0.0,0.0,1.0,0.0,0.0,0.0,0.0,0.0,0.0,0.0,1.0,0.0,2.0,5709.0,9881.0,0.0,0.38,0.05,0.43,1.9299999999999997,0.0,0.0,0.0,0.0,2.0,1.0,0.0,3.0
296,David,Akintola,Akintola,a,,,5.0,271,169,0.0,505,206,0.0,558,230,0,0,0,0,0,204,229,0.0,0.0,0.0,0.0,0.0,558,230,,,530,213,533,220,490,187,538,216,,,,,,,,0.0,0.0,0.0,0.0,0.0,0.0,0.0,0.0,0.0,3,0,0.0,0.0,0.0,0.0,0.0,0.0,0.0,0.0,0.0,0.0,0.0,0.0,0.0,0.0,207.0,232.0,0.0,0.0,0.0,0.0,0.0,0.0,0.0,0.0,0.0,0.0,0.0,0.0,0.0
297,Darko,Gyabi,Gyabi,i,Thigh injury - Unknown return date,,4.5,498,266,0.0,567,234,0.0,474,187,0,0,0,0,0,34,80,0.0,0.0,0.0,0.0,0.0,474,187,0.0,0.0,435,165,433,174,373,132,445,170,,,,,,,,0.0,0.0,0.0,0.0,0.0,0.0,0.0,0.0,0.0,3,0,0.0,0.0,0.0,0.0,0.0,0.0,0.0,0.0,0.0,0.0,0.0,0.0,0.0,0.0,35.0,81.0,0.0,0.0,0.0,0.0,0.0,0.0,0.0,0.0,0.0,0.0,0.0,0.0,0.0
298,Enis,Destan,Destan,u,Has joined Konyaspor permanently,,4.5,516,68,0.2,319,53,0.0,483,48,0,0,0,0,0,0,1016,0.0,0.0,0.0,0.0,0.0,483,48,0.0,0.0,444,38,446,44,388,40,454,43,,,,,,,,0.0,0.0,0.0,0.0,0.0,0.0,0.0,0.0,0.0,3,0,0.0,0.0,0.0,0.0,0.0,0.0,0.0,0.0,0.0,0.0,0.0,0.0,0.0,0.0,0.0,1030.0,0.0,0.0,0.0,0.0,0.0,0.0,0.0,0.0,0.0,0.0,0.0,0.0,0.0
340,Joe,Gelhardt,Gelhardt,a,,,5.0,305,183,0.0,600,254,0.0,572,237,0,0,0,0,0,70,34,0.0,0.0,0.0,0.0,0.0,572,237,100.0,100.0,546,221,551,228,512,198,554,224,,,,,,,,0.0,0.0,0.0,0.0,0.0,0.0,0.0,0.0,0.0,3,0,0.0,0.0,0.0,0.0,0.0,0.0,0.0,0.0,0.0,0.0,0.0,0.0,0.0,0.0,72.0,34.0,0.0,0.0,0.0,0.0,0.0,0.0,0.0,0.0,0.0,0.0,0.0,0.0,0.0
556,Matt,Targett,Targett,a,,,4.0,594,166,2.0,126,52,0.3,334,119,0,0,0,0,0,1190,4232,0.1,0.2,0.3,0.3,1.0,264,93,,,331,123,346,125,268,96,364,127,,,,,,,,0.0,0.0,0.0,1.26,0.0,0.0,0.0,0.0,0.0,3,0,0.0,0.0,0.0,0.0,0.0,0.0,0.0,0.0,0.0,0.0,0.0,0.0,0.0,0.0,1244.0,4344.0,0.0,0.0,0.0,0.0,0.0,0.0,0.0,0.0,0.0,0.0,0.0,0.0,0.0
563,Hidemasa,Morita,Morita,a,,,5.0,298,178,0.0,555,229,0.3,357,162,0,0,0,0,0,49,80,0.1,0.2,0.3,0.3,1.0,312,133,100.0,100.0,230,95,157,94,506,194,239,107,,,,,,,,0.0,0.0,0.0,2.18,0.0,0.0,0.0,2.0,6.0,3,0,0.0,0.0,0.0,0.0,0.0,0.0,0.0,0.0,0.0,0.0,0.0,0.0,0.0,0.0,52.0,83.0,0.0,0.0,0.0,0.0,0.0,0.0,0.0,0.0,0.0,0.0,0.0,0.0,0.0
572,Konstantinos,Tzolakis,Tzolakis,a,,,4.6,422,22,8.4,51,7,8.7,3,1,6,0,0,1,-1,55026,9690,1.9,5.7,8.7,8.7,8.7,4,1,,,29,5,490,51,435,50,142,4,,,,,,,,0.0,0.0,0.0,1.68,3.0,1.0,0.0,1.0,0.0,3,6,90.0,0.0,0.0,1.0,0.0,0.0,0.0,0.0,0.0,0.0,1.0,1.0,0.0,25.0,57086.0,10822.0,0.0,0.0,0.0,0.0,1.9299999999999997,0.0,0.0,0.0,0.0,0.0,0.0,10.0,0.0
574,Jens,Hjertø-Dahl,Hjertø-Dahl,a,,,4.9,413,250,0.1,478,190,0.3,350,158,1,-1,1,-1,1,116,193,0.1,0.2,0.3,0.3,1.0,300,125,,,512,201,513,209,462,169,522,206,,,,,,,,0.0,0.0,0.0,0.0,0.0,0.0,0.0,0.0,11.25,3,1,8.0,0.0,0.0,0.0,0.0,0.0,0.0,0.0,0.0,0.0,0.0,0.0,0.0,4.0,116.0,203.0,0.0,0.0,0.0,0.0,0.0,0.0,0.0,0.0,0.0,0.0,0.0,1.0,1.0
576,Elliot,Stroud,Stroud,a,,,5.0,364,222,0.1,441,174,2.0,187,85,3,0,0,0,0,148,208,0.4,1.2,2.0,2.0,2.0,209,92,,,243,103,189,105,173,84,247,111,,,,,,,,0.02,0.02,0.04,1.92,0.0,0.95,0.0,1.42,7.11,3,3,62.0,0.0,0.0,1.0,0.0,0.0,0.0,0.0,0.0,0.0,0.0,1.0,0.0,5.0,150.0,218.0,0.0,0.04,0.010000000000000002,0.05,1.8099999999999996,0.0,0.0,0.0,0.0,0.0,0.0,2.0,2.0
299,Mason,Burstow,Burstow,u,Has joined Sheffield Wednesday on loan for the rest of the season,,4.5,524,69,0.0,510,69,0.0,490,49,0,0,0,0,0,0,156,0.0,0.0,0.0,0.0,0.0,490,49,0.0,0.0,452,39,454,45,396,41,462,44,,,,,,,,0.0,0.0,0.0,0.0,0.0,0.0,0.0,0.0,0.0,3,0,0.0,0.0,0.0,0.0,0.0,0.0,0.0,0.0,0.0,0.0,0.0,0.0,0.0,0.0,0.0,157.0,0.0,0.0,0.0,0.0,0.0,0.0,0.0,0.0,0.0,0.0,0.0,0.0,0.0
585,Lucas,Herrington,Herrington,a,,,4.0,646,207,0.6,239,89,1.0,245,88,1,0,0,0,0,465,905,0.2,0.8,1.0,1.0,1.0,270,99,,,228,93,322,118,311,128,291,105,,,,,,,,0.0,0.0,0.0,1.52,0.0,0.0,0.0,0.0,8.29,3,1,19.0,0.0,0.0,0.0,0.0,0.0,0.0,0.0,0.0,0.0,0.0,0.0,0.0,2.0,475.0,941.0,0.0,0.0,0.0,0.0,0.1200000000000001,0.0,0.0,0.0,0.0,1.0,1.0,1.0,2.0
586,Nobel,Mendy,Mendy,a,,,4.0,648,209,6.0,64,26,8.0,6,2,8,0,0,0,0,54905,9682,2.0,6.0,8.0,8.0,8.0,7,2,100.0,100.0,7,1,296,109,45,5,43,6,,,,,,,,0.15,0.0,0.15,1.77,0.0,0.94,0.0,1.41,15.08,3,8,70.0,0.0,0.0,1.0,0.0,0.0,0.0,0.0,0.0,0.0,0.0,1.0,0.0,22.0,56508.0,10117.0,0.0,0.030000000000000027,0.0,0.030000000000000027,1.8099999999999998,0.0,0.0,0.0,0.0,3.0,7.0,2.0,10.0
589,Lucas,Gourna-Douath,Gourna-Douath,a,,,5.0,311,186,0.0,550,225,1.0,257,113,2,0,0,0,0,39,59,0.2,0.6,1.0,1.0,1.5,241,107,,,218,88,286,145,516,200,284,127,,,,,,,,0.0,0.01,0.01,1.52,0.0,0.71,0.0,0.71,11.43,3,2,81.0,0.0,0.0,1.0,0.0,0.0,0.0,0.0,1.0,0.0,0.0,1.0,0.0,7.0,40.0,64.0,0.0,0.0,0.01,0.01,1.93,0.0,0.0,0.0,0.0,1.0,4.0,5.0,10.0
617,Mohamed-Ali,Cho,Cho,a,,,5.0,323,193,0.0,606,257,1.0,258,114,1,0,0,0,0,100,49,0.2,0.4,1.0,1.0,1.0,316,136,,,332,152,314,159,525,206,344,161,,,,,,,,0.3,0.0,0.3,1.08,0.0,0.0,0.0,0.0,0.0,3,1,8.0,0.0,0.0,0.0,0.0,0.0,0.0,0.0,0.0,0.0,0.0,0.0,0.0,5.0,104.0,49.0,0.0,0.05,0.0,0.05,0.0,0.0,0.0,0.0,0.0,0.0,0.0,0.0,0.0
632,Ilyas,Ansah,Ansah,a,,,5.0,370,62,0.0,520,70,0.0,598,65,0,0,0,0,0,1243,237,0.0,0.0,1.4,1.4,0.0,598,65,,,575,56,582,61,553,58,583,61,,,,,,,,0.0,0.0,0.0,0.0,0.0,0.0,0.0,0.0,0.0,3,0,0.0,0.0,0.0,0.0,0.0,0.0,0.0,0.0,0.0,0.0,0.0,0.0,0.0,0.0,1282.0,240.0,0.0,0.0,0.0,0.0,0.0,0.0,0.0,0.0,0.0,0.0,0.0,0.0,0.0
637,Robinio,Vaz,Vaz,a,,,5.0,372,64,0.0,549,73,0.0,600,67,0,0,0,0,0,797,151,0.0,0.0,1.4,1.4,0.0,600,67,,,577,58,584,63,555,60,585,63,,,,,,,,0.0,0.0,0.0,0.0,0.0,0.0,0.0,0.0,0.0,3,0,0.0,0.0,0.0,0.0,0.0,0.0,0.0,0.0,0.0,0.0,0.0,0.0,0.0,0.0,823.0,157.0,0.0,0.0,0.0,0.0,0.0,0.0,0.0,0.0,0.0,0.0,0.0,0.0,0.0
638,Brooke,Norton-Cuffy,Norton-Cuffy,a,,,4.0,625,188,0.1,367,136,1.0,243,86,1,0,0,0,0,4217,751,0.2,0.2,1.0,1.0,1.0,267,96,,,374,138,366,136,291,110,384,138,,,,,,,,0.0,0.0,0.0,0.42,0.0,0.0,0.0,0.0,3.46,3,1,26.0,0.0,0.0,0.0,0.0,0.0,0.0,0.0,0.0,0.0,0.0,0.0,0.0,3.0,4350.0,768.0,0.0,0.0,0.0,0.0,0.12,0.0,0.0,0.0,0.0,0.0,1.0,2.0,1.0
642,Sorba,Thomas,Thomas,a,,,5.5,147,89,0.0,611,260,1.0,266,121,1,0,0,0,0,257,57,0.2,0.2,2.0,2.0,1.0,344,157,,,609,262,613,263,598,252,614,263,,,,,,,,0.0,0.13,0.13,0.4,0.0,0.0,0.0,0.0,3.33,3,1,27.0,0.0,0.0,0.0,0.0,0.0,0.0,0.0,0.0,0.0,0.0,0.0,0.0,5.0,268.0,59.0,0.0,0.0,0.04,0.04,0.12,0.0,0.0,0.0,0.0,0.0,0.0,1.0,1.0
645,Christos,Mouzakitis,Mouzakitis,a,,,5.0,373,226,0.0,630,274,0.0,601,254,0,0,0,0,0,96,18,0.0,0.0,1.5,1.5,0.0,601,254,,,578,241,585,247,556,225,586,244,,,,,,,,0.0,0.0,0.0,0.0,0.0,0.0,0.0,0.0,0.0,3,0,0.0,0.0,0.0,0.0,0.0,0.0,0.0,0.0,0.0,0.0,0.0,0.0,0.0,0.0,97.0,19.0,0.0,0.0,0.0,0.0,0.0,0.0,0.0,0.0,0.0,0.0,0.0,0.0,0.0
259,Issa,Diop,Diop,a,,,4.0,604,174,15.3,26,8,2.3,144,56,3,0,0,0,0,7784,26231,0.6,1.8,2.3,2.3,2.3,163,63,,,65,27,278,99,217,79,168,61,,,,,,,,0.0,0.01,0.01,2.04,0.0,0.0,2.67,1.0,9.33,3,3,90.0,0.0,0.0,0.0,2.0,0.0,0.0,0.0,0.0,0.0,0.0,1.0,0.0,10.0,8141.0,27797.0,0.0,0.0,0.01,0.01,0.6900000000000004,0.0,0.0,0.0,0.0,2.0,9.0,2.0,11.0
267,Saša,Lukić,Lukić,a,,,5.0,270,168,0.1,411,159,2.7,128,53,2,0,0,0,0,195,309,0.5,1.6,2.7,2.7,2.7,145,59,,,88,31,93,58,199,96,121,61,4.0,,,,,,,0.01,0.02,0.03,1.88,0.0,0.0,2.5,1.07,7.5,3,2,90.0,0.0,0.0,0.0,2.0,0.0,0.0,0.0,0.0,0.0,0.0,1.0,0.0,13.0,200.0,317.0,0.0,0.0,0.019999999999999997,0.020000000000000004,0.6899999999999995,0.0,0.0,0.0,0.0,1.0,1.0,2.0,4.0
300,Christian,Walton,Walton,a,,,4.5,436,28,0.4,264,34,0.0,447,49,0,0,0,0,0,75,621,0.0,0.0,0.0,0.0,0.0,447,49,,,404,49,398,30,332,29,414,49,,,,,,,,0.0,0.0,0.0,0.0,0.0,0.0,0.0,0.0,0.0,3,0,0.0,0.0,0.0,0.0,0.0,0.0,0.0,0.0,0.0,0.0,0.0,0.0,0.0,0.0,78.0,650.0,0.0,0.0,0.0,0.0,0.0,0.0,0.0,0.0,0.0,0.0,0.0,0.0,0.0
302,David,Button,Button,a,,,4.0,579,52,0.5,255,33,0.0,388,26,0,0,0,0,0,1709,605,0.0,0.0,0.0,0.0,0.0,388,26,,,343,26,333,5,255,4,352,26,,,,,,,,0.0,0.0,0.0,0.0,0.0,0.0,0.0,0.0,0.0,3,0,0.0,0.0,0.0,0.0,0.0,0.0,0.0,0.0,0.0,0.0,0.0,0.0,0.0,0.0,1890.0,676.0,0.0,0.0,0.0,0.0,0.0,0.0,0.0,0.0,0.0,0.0,0.0,0.0,0.0
303,Cédric,Kipré,Kipré,a,,,4.0,598,169,0.5,246,92,0.0,401,140,0,0,0,0,0,138,924,0.0,0.0,0.0,0.0,0.0,401,140,,,356,128,348,126,271,98,366,128,,,,,,,,0.0,0.0,0.0,0.0,0.0,0.0,0.0,0.0,0.0,3,0,0.0,0.0,0.0,0.0,0.0,0.0,0.0,0.0,0.0,0.0,0.0,0.0,0.0,0.0,143.0,977.0,0.0,0.0,0.0,0.0,0.0,0.0,0.0,0.0,0.0,0.0,0.0,0.0,0.0
304,Dara,O'Shea,O'Shea,a,,,4.0,603,173,3.2,101,39,2.3,143,55,3,0,0,0,0,2955,7498,0.6,1.8,2.3,2.3,2.3,162,62,,,64,26,102,31,135,43,88,27,,,,,,,,0.02,0.06,0.08,2.04,0.0,0.0,2.67,1.0,10.0,3,3,90.0,0.0,0.0,0.0,2.0,0.0,0.0,0.0,0.0,0.0,0.0,1.0,0.0,5.0,3266.0,8389.0,0.0,0.0,0.009999999999999981,0.010000000000000009,0.6900000000000004,0.0,0.0,0.0,0.0,3.0,8.0,3.0,11.0
305,Leif,Davis,Davis,a,,,4.0,617,183,5.2,71,29,3.0,106,40,1,0,0,0,0,10608,12093,0.8,2.2,3.0,3.0,3.0,117,46,,,25,7,136,41,34,3,36,3,2.0,2.0,,,,,,0.22,0.08,0.3,2.04,0.0,0.0,2.67,1.0,5.67,3,1,90.0,0.0,0.0,0.0,2.0,0.0,0.0,0.0,0.0,0.0,0.0,1.0,0.0,4.0,11238.0,12581.0,0.0,0.10999999999999999,0.12,0.22999999999999998,0.6900000000000004,0.0,0.0,0.0,0.0,2.0,4.0,3.0,6.0
306,Jacob,Greaves,Greaves,a,,,4.0,615,181,1.3,162,65,0.7,282,98,1,0,0,0,0,468,1593,0.2,0.5,0.7,0.7,0.7,371,129,,,118,54,232,74,284,106,199,76,,,,,,,,0.0,0.02,0.02,2.04,0.0,0.0,2.67,1.0,8.0,3,1,90.0,0.0,0.0,0.0,2.0,0.0,0.0,0.0,0.0,0.0,0.0,1.0,0.0,6.0,494.0,1715.0,0.0,0.0,0.04,0.04,0.6900000000000004,0.0,0.0,0.0,0.0,1.0,6.0,3.0,7.0
307,Ben,Johnson,Johnson,u,Has joined Stoke City on loan for the rest of the season,,4.0,606,176,0.1,434,153,0.0,406,144,0,0,0,0,0,0,741,0.0,0.0,0.0,0.0,0.0,406,144,0.0,0.0,361,132,353,130,277,103,371,132,,,,,,,,0.0,0.0,0.0,0.0,0.0,0.0,0.0,0.0,0.0,3,0,0.0,0.0,0.0,0.0,0.0,0.0,0.0,0.0,0.0,0.0,0.0,0.0,0.0,0.0,0.0,760.0,0.0,0.0,0.0,0.0,0.0,0.0,0.0,0.0,0.0,0.0,0.0,0.0,0.0
301,Alex,Palmer,Palmer,a,,,4.0,587,57,4.3,83,12,0.0,395,31,0,0,0,0,0,5539,6021,0.0,0.0,0.0,0.0,0.0,395,31,,,350,31,340,10,262,9,359,31,,,,,,,,0.0,0.0,0.0,0.0,0.0,0.0,0.0,0.0,0.0,3,0,0.0,0.0,0.0,0.0,0.0,0.0,0.0,0.0,0.0,0.0,0.0,0.0,0.0,0.0,6083.0,6436.0,0.0,0.0,0.0,0.0,0.0,0.0,0.0,0.0,0.0,0.0,0.0,0.0,0.0
308,Darnell,Furlong,Furlong,a,,,4.0,597,168,0.5,248,94,0.3,335,120,0,0,0,0,0,91,791,0.1,0.2,0.3,0.3,1.0,265,94,,,274,103,305,114,270,97,308,110,,,,,,,,0.0,0.0,0.0,4.55,0.0,0.0,5.29,0.0,15.88,3,0,0.0,0.0,0.0,0.0,0.0,0.0,0.0,0.0,0.0,0.0,0.0,0.0,0.0,0.0,98.0,840.0,0.0,0.0,0.0,0.0,0.0,0.0,0.0,0.0,0.0,0.0,0.0,0.0,0.0
309,Marcelino,Núñez,Núñez,a,,,5.0,333,198,0.1,394,147,2.0,183,82,0,0,0,0,0,95,448,0.4,1.2,2.0,2.0,3.0,131,51,,,155,56,129,78,188,92,170,82,1.0,1.0,,,,,,0.02,0.03,0.05,2.24,0.0,0.0,2.57,1.29,13.5,3,0,0.0,0.0,0.0,0.0,0.0,0.0,0.0,0.0,0.0,0.0,0.0,0.0,0.0,0.0,102.0,462.0,0.0,0.0,0.0,0.0,0.0,0.0,0.0,0.0,0.0,0.0,0.0,0.0,0.0
310,Azor,Matusiwa,Matusiwa,i,Muscular injury - Unknown return date,,5.0,289,175,0.0,637,278,0.0,565,233,0,0,0,0,0,5,8,0.0,0.0,0.0,0.0,0.0,565,233,0.0,0.0,538,216,541,223,499,191,546,219,,,,,,,,0.0,0.0,0.0,0.0,0.0,0.0,0.0,0.0,0.0,3,0,0.0,0.0,0.0,0.0,0.0,0.0,0.0,0.0,0.0,0.0,0.0,0.0,0.0,0.0,5.0,8.0,0.0,0.0,0.0,0.0,0.0,0.0,0.0,0.0,0.0,0.0,0.0,0.0,0.0
311,Wes,Burns,Burns,u,Has joined Leicester City permanently,,5.0,250,153,0.0,639,280,0.0,551,225,0,0,0,0,0,0,16,0.0,0.0,0.0,0.0,0.0,551,225,0.0,0.0,522,207,524,215,478,179,531,211,,,,,,,,0.0,0.0,0.0,0.0,0.0,0.0,0.0,0.0,0.0,3,0,0.0,0.0,0.0,0.0,0.0,0.0,0.0,0.0,0.0,0.0,0.0,0.0,0.0,0.0,0.0,16.0,0.0,0.0,0.0,0.0,0.0,0.0,0.0,0.0,0.0,0.0,0.0,0.0,0.0
312,Jack,Taylor,Taylor,i,Knee injury - Unknown return date,,4.5,473,262,0.0,529,218,0.0,462,185,0,0,0,0,0,46,138,0.0,0.0,0.0,0.0,0.0,462,185,0.0,0.0,422,163,418,172,355,129,432,168,,,,,,,,0.0,0.0,0.0,0.0,0.0,0.0,0.0,0.0,0.0,3,0,0.0,0.0,0.0,0.0,0.0,0.0,0.0,0.0,0.0,0.0,0.0,0.0,0.0,0.0,49.0,142.0,0.0,0.0,0.0,0.0,0.0,0.0,0.0,0.0,0.0,0.0,0.0,0.0,0.0
313,Jack,Clarke,Clarke,a,,,5.5,158,95,0.2,321,115,2.7,134,56,1,0,0,0,0,153,938,0.5,1.5,2.7,2.7,4.0,85,38,,,123,45,302,152,97,51,166,80,3.0,3.0,1.0,,,,,0.31,0.04,0.35,0.19,0.0,0.0,0.0,0.0,8.37,3,1,24.0,0.0,0.0,0.0,0.0,0.0,0.0,0.0,0.0,0.0,0.0,0.0,0.0,3.0,158.0,980.0,0.0,0.04999999999999999,0.02,0.07,0.06,0.0,0.0,0.0,0.0,0.0,1.0,1.0,2.0
314,Chiedozie,Ogbene,Ogbene,u,Has joined Lincoln City on loan until January,,4.9,390,236,0.0,601,255,0.0,533,213,0,0,0,-1,1,0,124,0.0,0.0,0.0,0.0,0.0,533,213,0.0,0.0,499,193,499,200,446,159,508,197,,,,,,,,0.0,0.0,0.0,0.0,0.0,0.0,0.0,0.0,0.0,3,0,0.0,0.0,0.0,0.0,0.0,0.0,0.0,0.0,0.0,0.0,0.0,0.0,0.0,0.0,0.0,130.0,0.0,0.0,0.0,0.0,0.0,0.0,0.0,0.0,0.0,0.0,0.0,0.0,0.0
315,Abdul,Fatawu,Fatawu,a,,,5.5,178,109,0.2,336,122,2.7,136,58,2,0,0,0,0,571,574,0.5,1.5,2.7,2.7,2.7,151,63,,,73,29,13,13,149,73,40,30,6.0,,,,,,,0.01,0.31,0.32,2.36,0.0,0.0,3.2,1.2,6.8,3,2,78.0,0.0,0.0,0.0,2.0,0.0,0.0,0.0,0.0,0.0,0.0,1.0,0.0,14.0,587.0,594.0,0.0,0.03,0.15000000000000002,0.18000000000000005,0.6900000000000004,0.0,0.0,0.0,0.0,2.0,2.0,2.0,6.0
316,Emersonn,Correia da Silva,Emersonn,a,,,5.5,181,43,1.7,138,20,4.0,80,7,2,0,0,0,0,8686,6676,0.7,2.2,4.0,4.0,4.0,86,8,100.0,100.0,70,5,54,2,42,13,41,6,,,2.0,,,,,0.53,0.03,0.56,1.04,0.0,0.0,2.06,1.54,3.6,3,2,65.0,0.0,0.0,0.0,2.0,0.0,0.0,0.0,0.0,0.0,0.0,1.0,0.0,8.0,8855.0,6848.0,0.0,0.22000000000000008,0.0,0.22000000000000008,0.6200000000000001,0.0,0.0,0.0,0.0,1.0,1.0,1.0,3.0
317,George,Hirst,Hirst,u,Has joined Stoke City permanently,,5.0,280,53,0.1,414,59,0.0,561,58,0,0,0,0,0,0,484,0.0,0.0,0.0,0.0,0.0,561,58,0.0,0.0,533,49,536,54,493,51,541,54,,,,,,,,0.0,0.0,0.0,0.0,0.0,0.0,0.0,0.0,0.0,3,0,0.0,0.0,0.0,0.0,0.0,0.0,0.0,0.0,0.0,0.0,0.0,0.0,0.0,0.0,0.0,506.0,0.0,0.0,0.0,0.0,0.0,0.0,0.0,0.0,0.0,0.0,0.0,0.0,0.0
318,Jaden,Philogene,Philogene,i,Ankle injury - Unknown return date,,5.4,220,136,0.1,442,175,0.0,612,261,0,0,0,-1,1,5,391,0.0,0.0,0.0,0.0,0.0,612,261,0.0,0.0,592,250,598,255,574,236,599,252,5.0,,3.0,,,,,0.0,0.0,0.0,0.0,0.0,0.0,0.0,0.0,0.0,3,0,0.0,0.0,0.0,0.0,0.0,0.0,0.0,0.0,0.0,0.0,0.0,0.0,0.0,0.0,5.0,410.0,0.0,0.0,0.0,0.0,0.0,0.0,0.0,0.0,0.0,0.0,0.0,0.0,0.0
319,Sam,Szmodics,Szmodics,u,Has joined Derby County on loan for the rest of the season,,5.0,257,159,0.0,629,273,0.0,555,228,0,0,0,0,0,0,28,0.0,0.0,0.0,0.0,0.0,555,228,0.0,0.0,526,210,528,218,484,184,535,214,,,,,,,,0.0,0.0,0.0,0.0,0.0,0.0,0.0,0.0,0.0,3,0,0.0,0.0,0.0,0.0,0.0,0.0,0.0,0.0,0.0,0.0,0.0,0.0,0.0,0.0,0.0,30.0,0.0,0.0,0.0,0.0,0.0,0.0,0.0,0.0,0.0,0.0,0.0,0.0,0.0
320,Chuba,Akpom,Akpom,a,,,5.0,249,51,1.1,182,28,2.0,177,16,0,0,0,0,0,10150,4008,0.4,1.2,2.0,2.0,3.0,127,15,,,119,10,259,35,92,20,153,17,,,,,,,,1.27,0.0,1.27,5.27,0.0,0.0,5.22,0.0,3.91,3,0,0.0,0.0,0.0,0.0,0.0,0.0,0.0,0.0,0.0,0.0,0.0,0.0,0.0,0.0,10676.0,4123.0,0.0,0.0,0.0,0.0,0.0,0.0,0.0,0.0,0.0,0.0,0.0,0.0,0.0
321,Sindre,Walle Egeli,Walle Egeli,a,,,4.5,534,71,3.4,95,14,0.3,342,42,0,0,0,0,0,20763,11387,0.1,0.2,0.3,0.3,1.0,290,33,,,461,41,326,41,405,43,471,46,,,,,,,,0.0,0.0,0.0,0.27,0.0,0.0,0.0,0.0,0.0,3,0,0.0,0.0,0.0,0.0,0.0,0.0,0.0,0.0,0.0,0.0,0.0,0.0,0.0,0.0,21686.0,11831.0,0.0,0.0,0.0,0.0,0.0,0.0,0.0,0.0,0.0,0.0,0.0,0.0,0.0
322,Ali,Al-Hamadi,Al-Hamadi,u,Has joined Sheffield Wednesday on loan for the rest of the season,,5.0,304,56,0.1,462,65,0.0,571,60,0,0,0,0,0,0,469,0.0,0.0,0.0,0.0,0.0,571,60,0.0,0.0,545,51,550,56,511,53,553,56,,,,,,,,0.0,0.0,0.0,0.0,0.0,0.0,0.0,0.0,0.0,3,0,0.0,0.0,0.0,0.0,0.0,0.0,0.0,0.0,0.0,0.0,0.0,0.0,0.0,0.0,0.0,484.0,0.0,0.0,0.0,0.0,0.0,0.0,0.0,0.0,0.0,0.0,0.0,0.0,0.0
323,Kasey,McAteer,McAteer,a,,,4.5,495,264,1.3,163,51,1.0,251,110,1,0,0,0,0,2200,2842,0.2,0.7,1.0,1.0,1.0,285,120,,,317,143,272,139,371,130,324,148,,,,,,,,0.11,0.0,0.11,0.45,0.0,0.0,0.0,0.0,10.71,3,1,11.0,0.0,0.0,0.0,0.0,0.0,0.0,0.0,0.0,0.0,0.0,0.0,0.0,5.0,2283.0,2940.0,0.0,0.05,0.0,0.05,0.0,0.0,0.0,0.0,0.0,0.0,0.0,1.0,1.0
324,Anis,Mehmeti,Mehmeti,a,,,4.9,391,237,0.0,517,213,0.0,534,214,0,0,0,-1,1,35,134,0.0,0.0,0.0,0.0,0.0,534,214,,,500,194,500,201,447,160,509,198,,,,,,,,0.0,0.0,0.0,0.0,0.0,0.0,0.0,0.0,0.0,3,0,0.0,0.0,0.0,0.0,0.0,0.0,0.0,0.0,0.0,0.0,0.0,0.0,0.0,0.0,35.0,135.0,0.0,0.0,0.0,0.0,0.0,0.0,0.0,0.0,0.0,0.0,0.0,0.0,0.0
554,Kayne,van Oevelen,Van Oevelen,u,Has joined Valencia on loan for the rest of the season,,4.5,525,46,0.0,560,65,0.0,491,62,0,0,0,0,0,0,84,0.0,0.0,0.0,0.0,0.0,491,62,0.0,0.0,453,62,455,48,397,47,463,62,,,,,,,,0.0,0.0,0.0,0.0,0.0,0.0,0.0,0.0,0.0,3,0,0.0,0.0,0.0,0.0,0.0,0.0,0.0,0.0,0.0,0.0,0.0,0.0,0.0,0.0,0.0,84.0,0.0,0.0,0.0,0.0,0.0,0.0,0.0,0.0,0.0,0.0,0.0,0.0,0.0
562,Daizen,Maeda,Maeda,a,,,5.4,213,133,0.3,293,101,2.0,188,86,2,-1,1,-1,1,261,1023,0.4,1.1,2.0,2.0,2.0,210,93,,,174,66,231,125,72,41,175,83,,,,,,,,0.3,0.0,0.3,2.15,0.0,0.0,2.92,1.25,7.92,3,2,65.0,0.0,0.0,0.0,2.0,0.0,0.0,0.0,0.0,0.0,0.0,1.0,0.0,9.0,271.0,1070.0,0.0,0.039999999999999925,0.0,0.039999999999999925,0.6200000000000001,0.0,0.0,0.0,0.0,2.0,2.0,1.0,5.0
564,Kjell,Scherpen,Scherpen,a,,,4.5,476,37,0.6,240,32,2.0,174,15,2,0,0,0,0,1259,1018,0.4,1.3,2.0,2.0,2.0,193,16,,,28,4,420,39,357,38,145,5,,,,,,,,0.0,0.0,0.0,2.04,4.33,0.0,2.67,1.0,0.0,3,2,90.0,0.0,0.0,0.0,2.0,0.0,0.0,0.0,0.0,0.0,5.0,1.0,0.0,13.0,1315.0,1146.0,0.0,0.0,0.0,0.0,0.6900000000000004,0.0,0.0,0.0,0.0,0.0,0.0,7.0,0.0
571,Florentino Ibrain,Morris Luís,Florentino,a,,,4.9,389,235,0.1,431,171,0.0,532,212,0,0,0,-1,1,96,190,0.0,0.0,0.0,0.0,0.0,532,212,100.0,100.0,498,192,498,199,445,158,507,196,,,,,,,,0.0,0.0,0.0,0.0,0.0,0.0,0.0,0.0,0.0,3,0,0.0,0.0,0.0,0.0,0.0,0.0,0.0,0.0,0.0,0.0,0.0,0.0,0.0,0.0,99.0,200.0,0.0,0.0,0.0,0.0,0.0,0.0,0.0,0.0,0.0,0.0,0.0,0.0,0.0
591,Julio,Enciso,Enciso,a,,,5.5,167,101,0.8,215,68,3.7,89,41,1,0,0,0,0,6808,3123,0.7,2.0,3.7,3.7,3.7,97,43,100.0,100.0,77,30,96,59,47,28,58,38,,,,,,,,0.31,0.23,0.54,2.19,0.0,0.0,2.88,1.08,7.56,3,1,90.0,0.0,0.0,0.0,2.0,0.0,0.0,0.0,1.0,0.0,0.0,1.0,0.0,16.0,7207.0,3225.0,0.0,0.24,0.020000000000000018,0.26,0.6899999999999995,0.0,0.0,0.0,0.0,0.0,2.0,3.0,5.0
592,Abdoul,Ouattara,Ouattara,a,,,4.0,640,202,0.9,198,75,1.0,244,87,1,0,0,0,0,756,1130,0.2,0.8,1.0,1.0,1.0,269,98,,,262,101,182,58,305,123,275,100,,,,,,,,0.0,0.05,0.05,2.05,0.0,0.0,2.31,0.0,4.62,3,1,12.0,0.0,0.0,0.0,0.0,0.0,0.0,0.0,0.0,0.0,0.0,0.0,0.0,4.0,776.0,1190.0,0.0,0.0,0.02,0.02,0.0,0.0,0.0,0.0,0.0,0.0,0.0,2.0,0.0
602,Cameron,Humphreys,Humphreys,u,Has joined Huddersfield Town on loan for the rest of the season,,4.5,523,272,0.0,527,216,0.0,489,193,0,0,0,0,0,0,398,0.0,0.0,0.0,0.0,0.0,489,193,0.0,0.0,451,171,453,180,395,138,461,176,,,,,,,,0.0,0.0,0.0,0.0,0.0,0.0,0.0,0.0,0.0,3,0,0.0,0.0,0.0,0.0,0.0,0.0,0.0,0.0,0.0,0.0,0.0,0.0,0.0,0.0,0.0,402.0,0.0,0.0,0.0,0.0,0.0,0.0,0.0,0.0,0.0,0.0,0.0,0.0,0.0
619,Exequiel,Palacios,Palacios,a,,,5.0,274,170,0.0,563,231,2.5,142,62,4,0,0,0,0,740,202,0.5,1.0,2.5,2.5,2.5,159,67,,,250,109,170,100,229,109,253,114,,,,,,,,0.0,0.03,0.03,2.24,0.0,0.0,3.43,0.86,21.43,3,4,77.0,0.0,0.0,0.0,2.0,0.0,0.0,0.0,0.0,0.0,0.0,1.0,0.0,24.0,743.0,202.0,0.0,0.0,0.019999999999999997,0.019999999999999997,0.69,0.0,0.0,0.0,0.0,4.0,3.0,12.0,19.0
640,Zian,Flemming,Flemming,a,,,5.5,151,39,0.0,556,74,1.0,267,31,1,0,0,0,0,641,148,0.2,0.2,1.8,1.8,1.0,346,40,,,610,65,614,69,599,67,615,69,,,,,,,,0.08,0.04,0.12,0.22,0.0,0.0,0.0,0.0,0.0,3,1,24.0,0.0,0.0,0.0,0.0,0.0,0.0,0.0,0.0,0.0,0.0,0.0,0.0,4.0,668.0,152.0,0.0,0.02,0.01,0.03,0.06,0.0,0.0,0.0,0.0,0.0,0.0,0.0,0.0
260,Harry,Wilson,Wilson,a,,,6.4,47,32,3.7,91,29,1.3,237,108,0,0,0,-1,1,886,30816,0.2,0.6,1.3,1.3,1.3,260,118,,,209,83,90,56,150,74,164,78,2.0,,,,,,,0.01,0.04,0.05,2.11,0.0,0.71,0.0,0.71,6.38,3,0,17.0,0.0,0.0,0.0,0.0,0.0,0.0,0.0,1.0,0.0,0.0,0.0,0.0,0.0,923.0,32072.0,0.0,0.0,0.0,0.0,1.32,0.0,0.0,0.0,0.0,0.0,0.0,1.0,1.0
326,Lucas Estella,Perri,Perri,u,Has joined Torino on loan for the rest of the season,,4.5,458,34,0.4,268,35,0.0,456,55,0,0,0,0,0,0,2152,0.0,0.0,0.0,0.0,0.0,456,55,0.0,0.0,416,55,411,36,346,35,426,55,,,,,,,,0.0,0.0,0.0,0.0,0.0,0.0,0.0,0.0,0.0,3,0,0.0,0.0,0.0,0.0,0.0,0.0,0.0,0.0,0.0,0.0,0.0,0.0,0.0,0.0,0.0,2212.0,0.0,0.0,0.0,0.0,0.0,0.0,0.0,0.0,0.0,0.0,0.0,0.0,0.0
327,Jaka,Bijol,Bijol,a,,,5.0,296,51,0.9,200,77,4.0,76,31,1,0,0,0,0,1285,3682,0.8,2.4,4.0,4.0,4.0,81,34,,,131,59,298,111,115,35,179,66,,,,,,,,0.06,0.0,0.06,1.73,0.0,0.55,1.1,1.1,11.52,3,1,29.0,0.0,0.0,0.0,1.0,0.0,0.0,0.0,0.0,0.0,0.0,0.0,0.0,1.0,1348.0,3784.0,0.0,0.0,0.0,0.0,1.9500000000000002,0.0,0.0,0.0,0.0,2.0,2.0,0.0,4.0
329,Joe,Rodon,Rodon,i,Hamstring injury - Expected back 21 Nov,,4.4,570,154,2.0,128,53,2.3,145,57,0,-1,1,-1,1,47,27907,0.5,1.6,0.0,0.0,3.5,102,38,0.0,0.0,164,76,151,46,164,56,185,69,,,,,,,,0.02,0.04,0.06,0.74,0.0,0.73,0.0,1.46,8.05,3,0,0.0,0.0,0.0,0.0,0.0,0.0,0.0,0.0,0.0,0.0,0.0,0.0,0.0,0.0,55.0,31207.0,0.0,0.0,0.0,0.0,0.0,0.0,0.0,0.0,0.0,0.0,0.0,0.0,0.0
330,Jayden,Bogle,Bogle,a,,,4.5,469,108,0.9,202,79,7.3,11,4,14,0,0,0,0,21827,2720,1.6,4.9,7.3,7.3,7.3,12,4,,,150,68,165,50,197,70,188,71,,,,,,,,0.37,0.01,0.38,0.68,0.0,0.83,0.41,1.24,4.98,3,14,60.0,1.0,0.0,1.0,0.0,0.0,0.0,0.0,1.0,0.0,0.0,1.0,3.0,30.0,21870.0,2772.0,0.0,0.9,0.019999999999999997,0.92,0.24,0.0,0.0,0.0,0.0,0.0,2.0,0.0,2.0
331,Gabriel,Gudmundsson,Gudmundsson,a,,,4.5,479,114,0.0,499,174,0.7,289,104,2,0,0,0,0,217,106,0.2,0.4,0.7,0.7,2.0,194,76,100.0,100.0,425,170,422,170,359,155,435,170,,,,,,,,0.0,0.0,0.0,2.19,0.0,0.0,1.0,1.0,5.0,3,2,90.0,0.0,0.0,0.0,1.0,0.0,0.0,0.0,0.0,0.0,0.0,1.0,0.0,9.0,224.0,107.0,0.0,0.0,0.0,0.0,2.19,0.0,0.0,0.0,0.0,3.0,2.0,9.0,5.0
332,James,Justin,Justin,a,,,4.5,464,104,1.5,150,63,5.3,38,16,4,0,0,0,0,4998,3617,1.2,3.6,5.3,5.3,5.3,43,18,,,61,24,154,47,137,45,113,40,,,,,,,,0.06,0.01,0.07,1.51,0.0,0.33,0.67,1.0,10.0,3,4,90.0,0.0,0.0,0.0,1.0,0.0,0.0,0.0,0.0,0.0,0.0,1.0,0.0,9.0,5272.0,3782.0,0.0,0.14,0.0,0.14,2.1899999999999995,0.0,0.0,0.0,0.0,3.0,7.0,4.0,10.0
333,Sebastiaan,Bornauw,Bornauw,u,Has joined Hamburg SV on loan for the rest of the season,,4.5,489,123,0.0,640,212,0.0,470,182,0,0,0,0,0,0,15,0.0,0.0,0.0,0.0,0.0,470,182,0.0,0.0,431,175,428,175,367,162,441,175,,,,,,,,0.0,0.0,0.0,0.0,0.0,0.0,0.0,0.0,0.0,3,0,0.0,0.0,0.0,0.0,0.0,0.0,0.0,0.0,0.0,0.0,0.0,0.0,0.0,0.0,0.0,16.0,0.0,0.0,0.0,0.0,0.0,0.0,0.0,0.0,0.0,0.0,0.0,0.0,0.0
334,Tarik,Muharemović,Muharemović,a,,,5.0,343,62,3.3,100,38,4.7,53,21,4,0,0,0,0,8707,9407,0.9,2.8,4.7,4.7,4.7,58,23,,,22,6,268,94,93,24,84,25,,,,,,,,0.03,0.01,0.04,1.51,0.0,0.33,0.67,1.0,13.0,3,4,90.0,0.0,0.0,0.0,1.0,0.0,0.0,0.0,0.0,0.0,0.0,1.0,0.0,10.0,9125.0,10139.0,0.0,0.0,0.01,0.009999999999999995,2.1899999999999995,0.0,0.0,0.0,0.0,1.0,12.0,2.0,13.0
335,Anton,Stach,Stach,a,,,6.0,75,50,2.9,106,32,6.3,29,12,2,0,0,0,0,7961,10458,1.0,3.2,6.3,6.3,6.3,31,13,,,14,9,130,79,91,49,54,36,1.0,1.0,,,,,,0.16,0.05,0.21,1.51,0.0,0.33,0.67,1.0,12.67,3,2,90.0,0.0,0.0,0.0,1.0,0.0,0.0,0.0,0.0,0.0,0.0,1.0,0.0,7.0,8492.0,10842.0,0.0,0.31999999999999995,0.1,0.42000000000000004,2.1899999999999995,0.0,0.0,0.0,0.0,2.0,2.0,2.0,6.0
336,Noah,Okafor,Okafor,a,,,5.9,97,62,0.3,291,99,2.0,193,89,3,0,0,-1,1,512,1303,0.3,1.0,2.0,2.0,2.0,217,97,,,200,79,120,74,122,62,167,81,,,,,,,,0.05,0.11,0.16,0.65,0.0,0.59,0.59,1.18,4.12,3,3,61.0,0.0,0.0,1.0,0.0,0.0,0.0,0.0,0.0,0.0,0.0,1.0,0.0,9.0,524.0,1391.0,0.0,0.0,0.009999999999999981,0.010000000000000009,0.2400000000000001,0.0,0.0,0.0,0.0,0.0,0.0,0.0,0.0
337,Brenden,Aaronson,Aaronson,a,,,5.4,210,130,0.7,234,79,1.7,207,95,1,-1,1,-1,1,312,2607,0.3,0.9,1.7,1.7,1.7,234,104,,,232,96,262,136,176,87,263,118,,3.0,,,,,,0.01,0.01,0.02,1.8,0.0,0.58,1.17,1.17,5.84,3,1,28.0,0.0,0.0,0.0,1.0,0.0,0.0,0.0,0.0,0.0,0.0,0.0,0.0,5.0,324.0,2740.0,0.0,0.0,0.0,0.0,1.9500000000000002,0.0,0.0,0.0,0.0,0.0,0.0,0.0,0.0
338,Ethan,Ampadu,Ampadu,a,,,5.5,135,82,1.1,181,56,3.0,121,49,2,0,0,0,0,695,3343,0.5,1.6,3.0,3.0,3.0,136,54,,,101,36,52,41,251,123,102,53,,,,,,,,0.0,0.05,0.05,1.51,0.0,0.33,0.67,1.0,11.33,3,2,90.0,0.0,0.0,0.0,1.0,0.0,0.0,0.0,0.0,0.0,0.0,1.0,0.0,13.0,709.0,3531.0,0.0,0.0,0.010000000000000009,0.009999999999999981,2.1899999999999995,0.0,0.0,0.0,0.0,4.0,6.0,1.0,11.0
339,Sean,Longstaff,Longstaff,a,,,4.9,383,232,0.1,418,163,0.3,344,155,0,-1,1,-1,1,203,435,0.1,0.2,0.3,0.3,1.0,293,122,,,495,190,323,164,441,156,504,194,3.0,2.0,,,,,,0.0,0.0,0.0,0.79,0.0,0.0,0.0,0.0,0.0,3,0,0.0,0.0,0.0,0.0,0.0,0.0,0.0,0.0,0.0,0.0,0.0,0.0,0.0,0.0,206.0,455.0,0.0,0.0,0.0,0.0,0.0,0.0,0.0,0.0,0.0,0.0,0.0,0.0,0.0
341,Wilfried,Gnonto,Gnonto,u,Has joined ACF Fiorentina on loan for the rest of the season,,5.0,326,194,0.0,595,250,0.0,581,243,0,0,0,0,0,0,160,0.0,0.0,0.0,0.0,0.0,581,243,0.0,0.0,556,228,563,235,528,207,564,231,,,,,,,,0.0,0.0,0.0,0.0,0.0,0.0,0.0,0.0,0.0,3,0,0.0,0.0,0.0,0.0,0.0,0.0,0.0,0.0,0.0,0.0,0.0,0.0,0.0,0.0,0.0,161.0,0.0,0.0,0.0,0.0,0.0,0.0,0.0,0.0,0.0,0.0,0.0,0.0,0.0
342,Jack,Harrison,Harrison,u,Has joined New England Revolution permanently,,5.0,277,171,0.0,652,290,0.0,559,231,0,0,0,0,0,0,4,0.0,0.0,0.0,0.0,0.0,559,231,0.0,0.0,531,214,534,221,491,188,539,217,,,,,,,,0.0,0.0,0.0,0.0,0.0,0.0,0.0,0.0,0.0,3,0,0.0,0.0,0.0,0.0,0.0,0.0,0.0,0.0,0.0,0.0,0.0,0.0,0.0,0.0,0.0,4.0,0.0,0.0,0.0,0.0,0.0,0.0,0.0,0.0,0.0,0.0,0.0,0.0,0.0
343,Daniel,James,James,a,,,5.0,262,162,0.1,415,162,0.3,354,161,0,0,0,0,0,221,420,0.1,0.2,0.3,0.3,1.0,309,132,,,528,212,280,143,128,65,292,131,,,,,,,,0.98,0.04,1.02,3.8,0.0,0.0,0.0,0.0,8.18,3,0,0.0,0.0,0.0,0.0,0.0,0.0,0.0,0.0,0.0,0.0,0.0,0.0,0.0,0.0,231.0,438.0,0.0,0.0,0.0,0.0,0.0,0.0,0.0,0.0,0.0,0.0,0.0,0.0,0.0
344,Ilia,Gruev,Gruev,d,Knee injury - 25% chance of playing,,5.0,317,188,0.0,634,276,0.0,575,239,0,0,0,0,0,4,12,0.0,0.0,0.0,0.0,0.0,575,239,25.0,25.0,549,223,556,230,519,201,557,226,,,,,,,,0.0,0.0,0.0,0.0,0.0,0.0,0.0,0.0,0.0,3,0,0.0,0.0,0.0,0.0,0.0,0.0,0.0,0.0,0.0,0.0,0.0,0.0,0.0,0.0,4.0,12.0,0.0,0.0,0.0,0.0,0.0,0.0,0.0,0.0,0.0,0.0,0.0,0.0,0.0
345,Tanaka,Ao,Tanaka,a,,,4.9,393,239,0.2,329,117,2.0,176,76,5,0,0,-1,1,1528,597,0.4,1.2,2.0,2.0,3.0,125,49,,,175,67,253,133,448,161,246,110,4.0,,,,,,,0.41,0.02,0.43,1.54,0.0,0.0,0.77,0.77,14.62,3,5,72.0,0.0,1.0,0.0,1.0,0.0,0.0,0.0,0.0,0.0,0.0,1.0,0.0,18.0,1541.0,618.0,0.0,0.53,0.01,0.54,0.8700000000000001,0.0,0.0,0.0,0.0,2.0,3.0,3.0,8.0
346,Dominic,Calvert-Lewin,Calvert-Lewin,a,,,6.0,62,14,25.3,11,3,3.3,104,10,1,0,0,0,0,24461,95339,0.6,1.7,3.3,3.3,3.3,115,13,,,100,9,213,28,37,12,90,13,,,1.0,,,,,0.58,0.03,0.61,1.14,0.0,0.36,0.71,1.07,3.21,3,1,72.0,0.0,0.0,0.0,1.0,0.0,0.0,0.0,1.0,0.0,0.0,1.0,0.0,0.0,25734.0,101012.0,0.0,0.56,0.06,0.6199999999999999,0.8700000000000001,0.0,0.0,0.0,0.0,0.0,1.0,2.0,3.0
347,Lukas,Nmecha,Nmecha,a,,,5.5,131,35,0.5,257,43,1.7,209,18,1,0,0,0,0,747,1592,0.3,0.9,1.7,1.7,2.5,161,18,,,186,15,123,11,191,32,186,22,,,2.0,,,,,0.64,0.33,0.97,5.33,0.0,0.0,0.0,0.0,2.37,3,1,17.0,0.0,0.0,0.0,0.0,0.0,0.0,0.0,0.0,0.0,0.0,0.0,0.0,2.0,785.0,1646.0,0.0,0.17,0.14,0.30999999999999994,1.3199999999999998,0.0,0.0,0.0,0.0,0.0,0.0,0.0,0.0
348,Joël,Piroe,Piroe,u,Has joined West Ham United on loan for the rest of the season,,5.0,288,55,0.1,455,64,0.0,564,59,0,0,0,0,0,0,425,0.0,0.0,0.0,0.0,0.0,564,59,0.0,0.0,537,50,540,55,498,52,545,55,,,3.0,,,,,0.0,0.0,0.0,0.0,0.0,0.0,0.0,0.0,0.0,3,0,0.0,0.0,0.0,0.0,0.0,0.0,0.0,0.0,0.0,0.0,0.0,0.0,0.0,0.0,0.0,435.0,0.0,0.0,0.0,0.0,0.0,0.0,0.0,0.0,0.0,0.0,0.0,0.0,0.0
349,Mateo,Joseph Fernández-Regatillo,Mateo Joseph,i,Knee injury - Unknown return date,,4.5,535,72,0.1,493,68,0.0,499,51,0,0,0,0,0,195,262,0.0,0.0,0.0,0.0,0.0,499,51,0.0,0.0,462,42,463,47,406,44,472,47,,,,,,,,0.0,0.0,0.0,0.0,0.0,0.0,0.0,0.0,0.0,3,0,0.0,0.0,0.0,0.0,0.0,0.0,0.0,0.0,0.0,0.0,0.0,0.0,0.0,0.0,209.0,269.0,0.0,0.0,0.0,0.0,0.0,0.0,0.0,0.0,0.0,0.0,0.0,0.0,0.0
385,James,Trafford,Trafford,a,,,5.0,294,12,5.3,68,10,5.0,47,2,3,0,0,0,0,13170,8576,1.0,3.0,5.0,5.0,5.0,51,3,,,39,7,544,62,503,62,150,7,,,,,,,,0.0,0.0,0.0,1.51,3.67,0.33,0.67,1.0,0.0,3,3,90.0,0.0,0.0,0.0,1.0,0.0,0.0,0.0,0.0,0.0,4.0,1.0,0.0,18.0,13701.0,8994.0,0.0,0.0,0.0,0.0,2.1899999999999995,0.0,0.0,0.0,0.0,0.0,2.0,11.0,0.0
598,Nico,Elvedi,Elvedi,a,,,4.5,451,94,0.0,539,186,1.7,198,74,4,0,0,0,0,287,135,0.4,1.1,1.7,1.7,2.5,157,61,,,202,84,279,100,184,63,243,90,,,,,,,,0.0,0.35,0.35,2.16,0.0,0.0,1.23,0.62,9.86,3,4,90.0,0.0,0.0,0.0,1.0,0.0,0.0,0.0,0.0,0.0,0.0,1.0,0.0,12.0,298.0,140.0,0.0,0.0,0.57,0.57,2.1899999999999995,0.0,0.0,0.0,0.0,0.0,10.0,0.0,10.0
603,Jayden,Lienou,Lienou,a,,,4.0,651,212,0.1,430,151,0.0,439,168,0,0,0,0,0,379,258,0.0,0.0,0.0,0.0,0.0,439,168,,,395,157,387,155,315,132,405,157,,,,,,,,0.0,0.0,0.0,0.0,0.0,0.0,0.0,0.0,0.0,3,0,0.0,0.0,0.0,0.0,0.0,0.0,0.0,0.0,0.0,0.0,0.0,0.0,0.0,0.0,395.0,264.0,0.0,0.0,0.0,0.0,0.0,0.0,0.0,0.0,0.0,0.0,0.0,0.0,0.0
604,Alfie,Cresswell,Cresswell,a,,,4.5,546,279,0.1,391,144,0.0,507,199,0,0,0,0,0,1038,519,0.0,0.0,0.0,0.0,0.0,507,199,,,470,177,471,186,415,144,480,182,,,,,,,,0.0,0.0,0.0,0.0,0.0,0.0,0.0,0.0,0.0,3,0,0.0,0.0,0.0,0.0,0.0,0.0,0.0,0.0,0.0,0.0,0.0,0.0,0.0,0.0,1073.0,528.0,0.0,0.0,0.0,0.0,0.0,0.0,0.0,0.0,0.0,0.0,0.0,0.0,0.0
625,Alex,Cairns,Cairns,a,,,4.0,584,56,0.2,365,41,0.0,393,30,0,0,0,0,0,1752,364,0.0,0.0,0.0,0.0,0.0,393,30,,,348,30,338,9,260,8,357,30,,,,,,,,0.0,0.0,0.0,0.0,0.0,0.0,0.0,0.0,0.0,3,0,0.0,0.0,0.0,0.0,0.0,0.0,0.0,0.0,0.0,0.0,0.0,0.0,0.0,0.0,1861.0,387.0,0.0,0.0,0.0,0.0,0.0,0.0,0.0,0.0,0.0,0.0,0.0,0.0,0.0
629,Michael,Zetterer,Zetterer,a,,,4.0,589,58,0.3,298,37,0.0,397,32,0,0,0,0,0,5849,761,0.0,0.0,1.0,1.0,0.0,397,32,,,352,32,342,11,264,10,361,32,,,,,,,,0.0,0.0,0.0,0.0,0.0,0.0,0.0,0.0,0.0,3,0,0.0,0.0,0.0,0.0,0.0,0.0,0.0,0.0,0.0,0.0,0.0,0.0,0.0,0.0,6088.0,789.0,0.0,0.0,0.0,0.0,0.0,0.0,0.0,0.0,0.0,0.0,0.0,0.0,0.0
641,Melvin,Bard,Bard,a,,,4.5,488,122,0.0,636,211,0.0,469,181,0,0,0,0,0,80,25,0.0,0.0,1.8,1.8,0.0,469,181,,,430,174,427,174,366,161,440,174,,,,,,,,0.0,0.0,0.0,0.0,0.0,0.0,0.0,0.0,0.0,3,0,0.0,0.0,0.0,0.0,0.0,0.0,0.0,0.0,0.0,0.0,0.0,0.0,0.0,0.0,82.0,25.0,0.0,0.0,0.0,0.0,0.0,0.0,0.0,0.0,0.0,0.0,0.0,0.0,0.0
648,Jean-Mattéo,Bahoya,Bahoya,a,,,5.0,361,220,0.0,596,251,0.0,595,252,0,0,0,0,0,319,85,0.0,0.0,1.5,1.5,0.0,595,252,,,572,239,579,245,549,222,580,242,,,,,,,,0.0,0.0,0.0,0.0,0.0,0.0,0.0,0.0,0.0,3,0,0.0,0.0,0.0,0.0,0.0,0.0,0.0,0.0,0.0,0.0,0.0,0.0,0.0,0.0,329.0,87.0,0.0,0.0,0.0,0.0,0.0,0.0,0.0,0.0,0.0,0.0,0.0,0.0,0.0
350,Alisson,Becker,A.Becker,a,,,5.5,125,3,3.7,90,14,3.3,100,8,8,0,0,0,0,7423,6244,0.6,1.8,3.3,3.3,3.3,111,8,,,151,16,606,69,587,69,230,16,,,,,,,,0.0,0.0,0.0,1.54,3.0,0.33,1.33,1.0,0.0,3,8,90.0,0.0,0.0,1.0,0.0,0.0,0.0,0.0,0.0,0.0,5.0,1.0,1.0,35.0,7807.0,6588.0,0.0,0.0,0.0,0.0,0.75,0.0,0.0,0.0,0.0,0.0,2.0,14.0,0.0
351,Giorgi,Mamardashvili,Mamardashvili,a,,,4.9,400,21,0.1,382,44,0.0,539,67,0,0,0,-1,1,221,657,0.0,0.0,0.0,0.0,0.0,539,67,,,506,67,507,55,455,54,516,67,,,,,,,,0.0,0.0,0.0,0.0,0.0,0.0,0.0,0.0,0.0,3,0,0.0,0.0,0.0,0.0,0.0,0.0,0.0,0.0,0.0,0.0,0.0,0.0,0.0,0.0,229.0,661.0,0.0,0.0,0.0,0.0,0.0,0.0,0.0,0.0,0.0,0.0,0.0,0.0,0.0
352,Freddie,Woodman,Woodman,a,,,4.0,590,59,1.1,185,29,0.0,398,33,0,0,0,0,0,928,1716,0.0,0.0,0.0,0.0,0.0,398,33,,,353,33,343,12,265,11,362,33,,,,,,,,0.0,0.0,0.0,0.0,0.0,0.0,0.0,0.0,0.0,3,0,0.0,0.0,0.0,0.0,0.0,0.0,0.0,0.0,0.0,0.0,0.0,0.0,0.0,0.0,960.0,1766.0,0.0,0.0,0.0,0.0,0.0,0.0,0.0,0.0,0.0,0.0,0.0,0.0,0.0
353,Armin,Pecsi,Pecsi,u,Has joined TSV Hartberg on loan for the rest of the season,,4.0,645,71,0.0,566,66,0.0,435,45,0,0,0,0,0,0,47,0.0,0.0,0.0,0.0,0.0,435,45,0.0,0.0,391,45,383,24,310,23,401,45,,,,,,,,0.0,0.0,0.0,0.0,0.0,0.0,0.0,0.0,0.0,3,0,0.0,0.0,0.0,0.0,0.0,0.0,0.0,0.0,0.0,0.0,0.0,0.0,0.0,0.0,0.0,49.0,0.0,0.0,0.0,0.0,0.0,0.0,0.0,0.0,0.0,0.0,0.0,0.0,0.0
354,Vitezslav,Jaros,Jaros,i,Knee injury - Unknown return date,,4.0,609,64,0.0,575,68,0.0,408,38,0,0,0,0,0,173,85,0.0,0.0,0.0,0.0,0.0,408,38,0.0,0.0,363,38,355,17,279,16,373,38,,,,,,,,0.0,0.0,0.0,0.0,0.0,0.0,0.0,0.0,0.0,3,0,0.0,0.0,0.0,0.0,0.0,0.0,0.0,0.0,0.0,0.0,0.0,0.0,0.0,0.0,202.0,96.0,0.0,0.0,0.0,0.0,0.0,0.0,0.0,0.0,0.0,0.0,0.0,0.0,0.0
355,Harvey,Davies,Davies,a,,,4.0,619,67,0.2,360,40,0.0,413,41,0,0,0,0,0,312,246,0.0,0.0,0.0,0.0,0.0,413,41,,,368,41,360,20,285,19,378,41,,,,,,,,0.0,0.0,0.0,0.0,0.0,0.0,0.0,0.0,0.0,3,0,0.0,0.0,0.0,0.0,0.0,0.0,0.0,0.0,0.0,0.0,0.0,0.0,0.0,0.0,331.0,257.0,0.0,0.0,0.0,0.0,0.0,0.0,0.0,0.0,0.0,0.0,0.0,0.0,0.0
356,Virgil,van Dijk,Virgil,a,,,6.5,33,2,17.3,22,6,3.0,123,50,6,0,0,0,0,16702,28915,0.5,1.4,3.0,3.0,3.0,139,57,,,55,18,203,66,73,16,96,34,,,,,,,,0.08,0.02,0.1,1.54,0.0,0.33,1.33,1.0,8.33,3,6,90.0,0.0,0.0,1.0,0.0,0.0,0.0,0.0,0.0,0.0,0.0,1.0,0.0,32.0,17462.0,30671.0,0.0,0.0,0.019999999999999997,0.020000000000000018,0.75,0.0,0.0,0.0,0.0,3.0,4.0,4.0,7.0
357,Jeremie,Frimpong,Frimpong,a,,,5.4,203,27,2.7,112,44,0.3,366,133,0,-1,1,-1,1,1182,28978,0.1,0.2,0.3,0.3,0.5,382,135,,,147,65,29,5,119,36,76,22,,,,,,,,0.01,0.06,0.07,2.14,0.0,0.0,2.25,1.12,4.5,3,0,0.0,0.0,0.0,0.0,0.0,0.0,0.0,0.0,0.0,0.0,0.0,0.0,0.0,0.0,1434.0,29862.0,0.0,0.0,0.0,0.0,0.0,0.0,0.0,0.0,0.0,0.0,0.0,0.0,0.0
358,Milos,Kerkez,Kerkez,a,,,5.5,182,24,2.9,109,43,2.0,192,72,5,0,0,0,0,2817,8596,0.4,1.1,2.0,2.0,2.0,215,81,,,84,37,94,29,134,42,98,35,,,,,,,,0.01,0.02,0.03,1.64,0.0,0.36,1.44,1.08,7.2,3,5,90.0,0.0,0.0,1.0,0.0,0.0,0.0,0.0,1.0,0.0,0.0,1.0,0.0,23.0,3012.0,9067.0,0.0,0.0,0.03,0.03,0.7499999999999996,0.0,0.0,0.0,0.0,2.0,3.0,1.0,5.0
359,Joe,Gomez,Gomez,i,Muscular injury - Unknown return date,,5.0,256,39,0.0,584,199,0.0,554,201,0,0,0,0,0,16,58,0.0,0.0,0.0,0.0,0.0,554,201,0.0,0.0,525,199,527,199,483,192,534,199,,,,,,,,0.0,0.0,0.0,0.0,0.0,0.0,0.0,0.0,0.0,3,0,0.0,0.0,0.0,0.0,0.0,0.0,0.0,0.0,0.0,0.0,0.0,0.0,0.0,0.0,16.0,59.0,0.0,0.0,0.0,0.0,0.0,0.0,0.0,0.0,0.0,0.0,0.0,0.0,0.0
360,Conor,Bradley,Bradley,i,Knee injury - Unknown return date,,5.0,325,60,0.0,602,203,0.0,580,207,0,0,0,0,0,14,52,0.0,0.0,0.0,0.0,0.0,580,207,0.0,0.0,555,206,562,206,527,202,563,206,,,,,,,,0.0,0.0,0.0,0.0,0.0,0.0,0.0,0.0,0.0,3,0,0.0,0.0,0.0,0.0,0.0,0.0,0.0,0.0,0.0,0.0,0.0,0.0,0.0,0.0,15.0,53.0,0.0,0.0,0.0,0.0,0.0,0.0,0.0,0.0,0.0,0.0,0.0,0.0,0.0
361,Wellity,Lucky,Lucky,a,,,4.0,630,192,0.1,399,146,0.0,423,153,0,0,0,0,0,254,385,0.0,0.0,0.0,0.0,0.0,423,153,,,379,142,371,140,296,114,389,142,,,,,,,,0.0,0.0,0.0,0.0,0.0,0.0,0.0,0.0,0.0,3,0,0.0,0.0,0.0,0.0,0.0,0.0,0.0,0.0,0.0,0.0,0.0,0.0,0.0,0.0,262.0,392.0,0.0,0.0,0.0,0.0,0.0,0.0,0.0,0.0,0.0,0.0,0.0,0.0,0.0
362,Jeremy,Jacquet,Jacquet,a,,,5.0,362,64,2.6,113,45,3.0,118,47,5,0,0,0,0,11796,7740,0.6,1.8,3.0,3.0,3.0,133,53,100.0,100.0,79,33,91,28,235,88,116,42,,,,,,,,0.0,0.04,0.04,1.54,0.0,0.38,1.53,1.15,8.81,3,5,90.0,0.0,0.0,1.0,0.0,0.0,0.0,0.0,1.0,0.0,0.0,1.0,0.0,28.0,12423.0,8109.0,0.0,0.0,0.03,0.03,0.7499999999999996,0.0,0.0,0.0,0.0,3.0,6.0,3.0,9.0
363,Giovanni,Leoni,Leoni,i,Knee injury - Unknown return date,,4.0,652,213,0.0,522,180,0.0,440,169,0,0,0,0,0,54,123,0.0,0.0,0.0,0.0,0.0,440,169,0.0,0.0,396,158,388,156,316,133,406,158,,,,,,,,0.0,0.0,0.0,0.0,0.0,0.0,0.0,0.0,0.0,3,0,0.0,0.0,0.0,0.0,0.0,0.0,0.0,0.0,0.0,0.0,0.0,0.0,0.0,0.0,57.0,128.0,0.0,0.0,0.0,0.0,0.0,0.0,0.0,0.0,0.0,0.0,0.0,0.0,0.0
364,Kostas,Tsimikas,Tsimikas,a,,,5.0,272,42,0.1,465,165,0.3,355,130,0,0,0,0,0,68,430,0.1,0.2,0.3,0.3,1.0,310,123,,,295,112,274,98,156,51,281,102,,,,,,,,0.19,0.05,0.24,0.33,0.0,0.0,0.0,0.0,0.0,3,0,0.0,0.0,0.0,0.0,0.0,0.0,0.0,0.0,0.0,0.0,0.0,0.0,0.0,0.0,72.0,441.0,0.0,0.0,0.0,0.0,0.0,0.0,0.0,0.0,0.0,0.0,0.0,0.0,0.0
365,Calvin,Ramsay,Ramsay,u,Has joined St Mirren on loan for the rest of the season,,4.0,623,187,0.1,403,148,0.0,417,149,0,0,0,0,0,0,591,0.0,0.0,0.0,0.0,0.0,417,149,0.0,0.0,372,137,364,135,289,109,382,137,,,,,,,,0.0,0.0,0.0,0.0,0.0,0.0,0.0,0.0,0.0,3,0,0.0,0.0,0.0,0.0,0.0,0.0,0.0,0.0,0.0,0.0,0.0,0.0,0.0,0.0,0.0,616.0,0.0,0.0,0.0,0.0,0.0,0.0,0.0,0.0,0.0,0.0,0.0,0.0,0.0
366,Florian,Wirtz,Wirtz,a,,,7.4,21,13,9.1,47,19,3.0,125,51,3,-1,1,-1,1,2778,73835,0.4,1.2,3.0,3.0,3.0,142,57,,,107,40,46,36,33,21,35,28,3.0,2.0,4.0,,,,,0.25,0.11,0.36,1.29,0.0,0.37,1.49,1.12,7.07,3,3,90.0,0.0,0.0,1.0,0.0,0.0,0.0,0.0,0.0,0.0,0.0,1.0,0.0,14.0,4255.0,75388.0,0.0,0.18000000000000005,0.04999999999999999,0.22999999999999998,0.6499999999999999,0.0,0.0,0.0,0.0,0.0,0.0,4.0,4.0
367,Cody,Gakpo,Gakpo,a,,,7.1,24,15,11.0,38,14,9.3,1,1,11,0,0,1,-1,236283,12591,1.3,3.9,9.3,9.3,9.3,2,2,,,23,13,16,15,40,24,18,14,2.0,,3.0,,,,,0.13,0.43,0.56,1.64,0.0,0.36,1.44,1.08,9.0,3,11,90.0,0.0,2.0,1.0,0.0,0.0,0.0,0.0,0.0,0.0,0.0,1.0,2.0,43.0,239247.0,14183.0,0.0,0.06,0.3999999999999999,0.45999999999999996,0.7499999999999996,0.0,0.0,0.0,0.0,3.0,2.0,5.0,10.0
368,Dominik,Szoboszlai,Szoboszlai,a,,,7.0,27,18,40.1,5,2,5.0,52,26,3,0,0,0,0,25914,136339,0.7,2.1,5.0,5.0,5.0,57,27,,,15,10,7,7,78,44,9,8,1.0,1.0,1.0,,,,,0.39,0.17,0.56,1.54,0.0,0.33,1.33,1.0,9.67,3,3,90.0,0.0,0.0,1.0,0.0,0.0,0.0,0.0,0.0,0.0,0.0,1.0,0.0,20.0,30566.0,139553.0,0.0,0.15999999999999992,0.08000000000000002,0.24,0.75,0.0,0.0,0.0,0.0,0.0,3.0,6.0,9.0
369,Rio,Ngumoha,Ngumoha,a,,,5.9,114,74,0.7,232,78,1.0,277,128,0,0,0,-1,1,370,8127,0.2,0.5,1.0,1.0,1.5,247,112,,,280,128,197,109,181,90,266,119,,,,,,,,0.04,0.06,0.1,0.64,0.0,0.0,2.22,1.11,3.33,3,0,0.0,0.0,0.0,0.0,0.0,0.0,0.0,0.0,0.0,0.0,0.0,0.0,0.0,0.0,400.0,8378.0,0.0,0.0,0.0,0.0,0.0,0.0,0.0,0.0,0.0,0.0,0.0,0.0,0.0
370,Federico,Chiesa,Chiesa,i,Back injury - Unknown return date,,5.4,204,126,0.1,479,191,0.0,608,259,0,0,0,-1,1,9,476,0.0,0.0,0.0,0.0,0.0,608,259,0.0,0.0,585,246,592,252,565,231,593,249,,,,,,,,0.0,0.0,0.0,0.0,0.0,0.0,0.0,0.0,0.0,3,0,0.0,0.0,0.0,0.0,0.0,0.0,0.0,0.0,0.0,0.0,0.0,0.0,0.0,0.0,9.0,488.0,0.0,0.0,0.0,0.0,0.0,0.0,0.0,0.0,0.0,0.0,0.0,0.0,0.0
371,Ryan,Gravenberch,Gravenberch,a,,,5.9,100,64,1.5,147,43,2.3,163,71,1,-1,1,-1,1,1467,12413,0.4,1.2,2.3,2.3,2.3,179,77,,,137,50,88,55,207,100,144,70,,,,,,,,0.04,0.04,0.08,0.99,0.0,0.0,1.48,0.74,10.33,3,1,26.0,0.0,0.0,0.0,0.0,0.0,0.0,0.0,0.0,0.0,0.0,0.0,0.0,2.0,1542.0,12612.0,0.0,0.0,0.0,0.0,0.17000000000000015,0.0,0.0,0.0,0.0,0.0,1.0,1.0,2.0
372,Alexis,Mac Allister,Mac Allister,a,,,5.5,146,88,1.4,153,47,1.7,211,97,2,0,0,0,0,2370,5704,0.3,0.9,1.7,1.7,1.7,236,105,,,185,71,190,106,597,251,226,100,,,5.0,,,,,0.04,0.2,0.24,1.89,0.0,0.48,0.97,0.97,11.61,3,2,83.0,0.0,0.0,1.0,0.0,0.0,0.0,0.0,1.0,0.0,0.0,1.0,0.0,14.0,2441.0,5847.0,0.0,0.08,0.019999999999999962,0.09999999999999998,0.6000000000000001,0.0,0.0,0.0,0.0,3.0,3.0,5.0,11.0
373,Curtis,Jones,C.Jones,u,Has joined Internazionale permanently,,5.5,141,85,0.0,548,224,0.0,621,267,0,0,0,0,0,0,123,0.0,0.0,0.0,0.0,0.0,621,267,0.0,0.0,607,260,611,261,595,249,612,261,,,,,,,,0.0,0.0,0.0,0.0,0.0,0.0,0.0,0.0,0.0,3,0,0.0,0.0,0.0,0.0,0.0,0.0,0.0,0.0,0.0,0.0,0.0,0.0,0.0,0.0,0.0,128.0,0.0,0.0,0.0,0.0,0.0,0.0,0.0,0.0,0.0,0.0,0.0,0.0,0.0
374,Endo,Wataru,Endo,a,,,5.0,254,157,0.1,476,189,0.0,553,227,0,0,0,0,0,176,345,0.0,0.0,0.0,0.0,0.0,553,227,100.0,100.0,524,209,526,217,482,183,533,213,,,,,,,,0.0,0.0,0.0,0.0,0.0,0.0,0.0,0.0,0.0,3,0,0.0,0.0,0.0,0.0,0.0,0.0,0.0,0.0,0.0,0.0,0.0,0.0,0.0,0.0,179.0,352.0,0.0,0.0,0.0,0.0,0.0,0.0,0.0,0.0,0.0,0.0,0.0,0.0,0.0
375,Trey,Nyoni,Nyoni,a,,,4.9,415,252,0.0,515,211,0.7,299,134,1,-1,1,-1,1,156,188,0.1,0.4,0.7,0.7,1.0,301,126,,,257,114,240,127,464,171,295,132,,,,,,,,0.0,0.0,0.0,1.04,0.0,0.0,0.0,0.0,23.68,3,1,6.0,0.0,0.0,0.0,0.0,0.0,0.0,0.0,0.0,0.0,0.0,0.0,0.0,3.0,160.0,191.0,0.0,0.0,0.0,0.0,0.15,0.0,0.0,0.0,0.0,0.0,0.0,0.0,0.0
376,Stefan,Bajčetić Maquieira,Bajcetic,u,Has joined Celta Vigo permanently,,5.0,346,207,0.0,648,286,0.0,589,247,0,0,0,0,0,0,6,0.0,0.0,0.0,0.0,0.0,589,247,0.0,0.0,564,232,572,239,538,212,572,235,,,,,,,,0.0,0.0,0.0,0.0,0.0,0.0,0.0,0.0,0.0,3,0,0.0,0.0,0.0,0.0,0.0,0.0,0.0,0.0,0.0,0.0,0.0,0.0,0.0,0.0,0.0,6.0,0.0,0.0,0.0,0.0,0.0,0.0,0.0,0.0,0.0,0.0,0.0,0.0,0.0
377,Victor,Munoz,Munoz,a,,,6.5,46,31,1.3,161,50,4.3,70,33,3,0,0,0,0,5297,8057,0.7,2.0,4.3,4.3,4.3,75,34,,,71,28,100,62,39,23,49,35,,,,,,,,0.21,0.12,0.33,1.98,0.0,0.5,1.0,1.0,5.5,3,3,63.0,0.0,0.0,1.0,0.0,0.0,0.0,0.0,0.0,0.0,0.0,1.0,0.0,9.0,6325.0,8234.0,0.0,0.0,0.01999999999999999,0.020000000000000018,0.5800000000000001,0.0,0.0,0.0,0.0,0.0,0.0,4.0,4.0
378,James,McConnell,McConnell,a,,,4.5,510,268,0.2,320,114,0.0,477,189,0,0,0,0,0,338,687,0.0,0.0,0.0,0.0,0.0,477,189,,,438,167,440,176,382,134,448,172,,,,,,,,0.0,0.0,0.0,0.0,0.0,0.0,0.0,0.0,0.0,3,0,0.0,0.0,0.0,0.0,0.0,0.0,0.0,0.0,0.0,0.0,0.0,0.0,0.0,0.0,349.0,704.0,0.0,0.0,0.0,0.0,0.0,0.0,0.0,0.0,0.0,0.0,0.0,0.0,0.0
379,Alexander,Isak,Isak,a,,,9.0,5,2,17.9,21,4,7.7,10,2,13,0,0,0,0,156296,18179,0.9,2.6,7.7,7.7,7.7,11,2,,,72,6,106,10,1,1,10,2,,,2.0,,,,,0.85,0.02,0.87,1.65,0.0,0.37,1.48,1.11,1.85,3,13,63.0,2.0,0.0,1.0,0.0,0.0,0.0,0.0,0.0,0.0,0.0,1.0,3.0,61.0,158699.0,20532.0,0.0,0.20999999999999996,0.049999999999999996,0.26000000000000023,0.5800000000000001,0.0,0.0,0.0,0.0,0.0,1.0,2.0,3.0
380,Hugo,Ekitiké,Ekitiké,i,Achilles injury - Unknown return date,,7.5,18,7,0.1,408,58,0.0,651,77,0,0,0,0,0,193,860,0.0,0.0,0.0,0.0,0.0,651,77,0.0,0.0,651,77,651,77,651,77,651,77,,,,,,,,0.0,0.0,0.0,0.0,0.0,0.0,0.0,0.0,0.0,3,0,0.0,0.0,0.0,0.0,0.0,0.0,0.0,0.0,0.0,0.0,0.0,0.0,0.0,0.0,196.0,867.0,0.0,0.0,0.0,0.0,0.0,0.0,0.0,0.0,0.0,0.0,0.0,0.0,0.0
381,Lewis,Koumas,Koumas,a,,,5.0,340,203,0.0,553,227,0.7,307,138,1,0,0,0,0,50,95,0.1,0.4,0.7,0.7,1.0,318,138,,,323,146,308,155,171,83,296,133,,,,,,,,0.21,0.0,0.21,4.02,0.0,0.0,0.0,0.0,6.92,3,1,1.0,0.0,0.0,0.0,0.0,0.0,0.0,0.0,0.0,0.0,0.0,0.0,0.0,3.0,50.0,97.0,0.0,0.0,0.0,0.0,0.09999999999999998,0.0,0.0,0.0,0.0,0.0,0.0,0.0,0.0
383,Harvey,Elliott,Elliott,u,Has joined Valencia on loan for the rest of the season,,5.4,214,134,0.0,497,201,0.0,609,260,0,0,0,-1,1,0,722,0.0,0.0,0.0,0.0,0.0,609,260,0.0,0.0,587,248,593,253,568,234,594,250,,,,,,,,0.0,0.0,0.0,0.0,0.0,0.0,0.0,0.0,0.0,3,0,0.0,0.0,0.0,0.0,0.0,0.0,0.0,0.0,0.0,0.0,0.0,0.0,0.0,0.0,0.0,733.0,0.0,0.0,0.0,0.0,0.0,0.0,0.0,0.0,0.0,0.0,0.0,0.0,0.0
579,Ronald,Araujo,Araujo,a,,,5.4,215,30,2.2,120,48,3.0,120,48,8,0,0,-1,1,8818,4435,0.6,1.7,3.0,3.0,3.0,135,54,,,183,80,223,71,569,206,249,92,,,,,,,,0.0,0.04,0.04,1.0,0.0,0.73,0.0,0.73,10.98,3,8,90.0,0.0,0.0,1.0,0.0,0.0,0.0,0.0,0.0,0.0,0.0,1.0,0.0,27.0,8878.0,4784.0,0.0,0.0,0.010000000000000002,0.010000000000000002,0.7500000000000001,0.0,0.0,0.0,0.0,1.0,9.0,1.0,10.0
627,Bradley,Barcola,Barcola,a,,,8.0,8,5,1.5,148,44,1.0,280,130,1,0,0,0,0,29059,8898,0.1,0.1,2.8,2.8,1.0,370,176,,,653,290,653,290,653,290,653,290,,,,,,,,0.0,0.24,0.24,0.59,0.0,0.0,0.0,0.0,0.0,3,1,26.0,0.0,0.0,0.0,0.0,0.0,0.0,0.0,0.0,0.0,0.0,0.0,0.0,5.0,30310.0,9239.0,0.0,0.0,0.07,0.07,0.17,0.0,0.0,0.0,0.0,0.0,0.0,0.0,0.0
155,Enzo,Fernández,Enzo,a,,,6.9,30,19,3.3,98,30,1.3,240,109,3,0,0,-1,1,8262,12995,0.2,0.6,1.3,1.3,2.0,223,99,,,298,135,171,101,647,287,279,125,,,,,,,,0.12,0.13,0.25,1.15,0.0,0.9,0.0,0.9,5.4,3,3,75.0,0.0,0.0,1.0,0.0,0.0,0.0,0.0,0.0,0.0,0.0,1.0,0.0,17.0,8487.0,13604.0,0.0,0.13,0.12000000000000001,0.25,1.0,0.0,0.0,0.0,0.0,1.0,1.0,1.0,3.0
237,Iliman,Ndiaye,Ndiaye,a,,,5.9,98,63,11.0,39,15,5.3,42,20,3,-1,1,-1,1,13980,83759,0.9,2.7,5.3,5.3,5.3,47,22,,,46,22,26,23,25,15,21,16,,,,,,,,0.09,0.15,0.24,1.85,0.0,0.68,0.34,1.02,10.15,3,3,86.0,0.0,0.0,1.0,0.0,0.0,0.0,0.0,0.0,0.0,0.0,1.0,0.0,12.0,14336.0,93123.0,0.0,0.020000000000000018,0.03999999999999998,0.05999999999999994,1.3499999999999996,0.0,0.0,0.0,0.0,2.0,1.0,2.0,5.0
384,Gianluigi,Donnarumma,Donnarumma,a,,,5.5,139,4,7.9,55,8,3.3,102,9,7,0,0,0,0,7069,17561,0.6,1.8,3.3,3.3,3.3,113,9,,,122,13,610,70,594,70,210,13,,,,,,,,0.0,0.0,0.0,0.89,2.33,0.33,0.67,1.0,0.0,3,7,90.0,0.0,0.0,1.0,0.0,0.0,0.0,0.0,0.0,0.0,3.0,1.0,0.0,29.0,7642.0,18171.0,0.0,0.0,0.0,0.0,1.37,0.0,0.0,0.0,0.0,0.0,1.0,2.0,0.0
386,Marcus,Bettinelli,Bettinelli,a,,,4.5,439,31,0.0,544,62,0.0,450,52,0,0,0,0,0,38,56,0.0,0.0,0.0,0.0,0.0,450,52,,,407,52,401,33,335,32,417,52,,,,,,,,0.0,0.0,0.0,0.0,0.0,0.0,0.0,0.0,0.0,3,0,0.0,0.0,0.0,0.0,0.0,0.0,0.0,0.0,0.0,0.0,0.0,0.0,0.0,0.0,39.0,59.0,0.0,0.0,0.0,0.0,0.0,0.0,0.0,0.0,0.0,0.0,0.0,0.0,0.0
387,Nico,O'Reilly,O'Reilly,d,Back injury - 75% chance of playing,,6.5,42,4,17.2,23,7,1.3,238,85,0,0,0,0,0,3458,141448,0.2,0.6,1.0,1.3,2.0,220,82,75.0,,225,91,53,11,110,31,132,47,,,,,,,,0.05,0.26,0.31,0.73,0.0,0.0,1.2,1.2,1.8,3,0,0.0,0.0,0.0,0.0,0.0,0.0,0.0,0.0,0.0,0.0,0.0,0.0,0.0,0.0,4753.0,143961.0,0.0,0.0,0.0,0.0,0.0,0.0,0.0,0.0,0.0,0.0,0.0,0.0,0.0
388,Marc,Guéhi,Guéhi,a,,,6.0,66,6,18.7,17,4,6.7,24,12,8,0,0,0,0,21988,25292,1.1,3.3,6.7,6.7,6.7,25,12,,,20,4,71,19,67,13,37,4,,,,,,,,0.3,0.13,0.43,0.89,0.0,0.33,0.67,1.0,6.0,3,8,90.0,0.0,0.0,1.0,0.0,0.0,0.0,0.0,0.0,0.0,0.0,1.0,2.0,31.0,22747.0,26346.0,0.0,0.0,0.020000000000000018,0.020000000000000018,1.37,0.0,0.0,0.0,0.0,0.0,9.0,6.0,9.0
389,Matheus,Nunes,Matheus N.,a,,,5.9,103,10,1.0,195,74,0.3,377,136,0,0,0,-1,1,490,2951,0.1,0.2,0.3,0.3,1.0,357,128,100.0,100.0,293,110,266,92,208,75,298,107,,,4.0,,,,,0.0,0.11,0.11,0.27,0.0,0.0,0.0,0.0,2.73,3,0,0.0,0.0,0.0,0.0,0.0,0.0,0.0,0.0,0.0,0.0,0.0,0.0,0.0,0.0,504.0,3105.0,0.0,0.0,0.0,0.0,0.0,0.0,0.0,0.0,0.0,0.0,0.0,0.0,0.0
390,Rúben,dos Santos Gato Alves Dias,Rúben,a,,,5.5,129,13,1.8,136,57,3.3,101,38,6,0,0,0,0,2519,3759,0.6,1.8,3.3,3.3,3.3,112,44,,,51,15,50,10,50,9,39,5,,,,,,,,0.03,0.25,0.28,0.89,0.0,0.33,0.67,1.0,5.0,3,6,90.0,0.0,0.0,1.0,0.0,0.0,0.0,0.0,0.0,0.0,0.0,1.0,0.0,25.0,2742.0,3891.0,0.0,0.0,0.030000000000000027,0.029999999999999916,1.37,0.0,0.0,0.0,0.0,0.0,3.0,0.0,3.0
391,Joško,Gvardiol,Gvardiol,a,,,5.6,119,12,19.2,14,3,7.3,12,5,8,0,0,1,-1,86258,23204,1.3,3.9,7.3,7.3,7.3,13,5,,,10,2,43,8,94,25,31,2,,,,,,,,0.07,0.04,0.11,0.95,0.0,0.35,0.71,1.06,6.02,3,8,90.0,0.0,0.0,1.0,0.0,0.0,0.0,0.0,0.0,0.0,0.0,1.0,2.0,31.0,92883.0,25195.0,0.0,0.010000000000000009,0.020000000000000004,0.02999999999999997,1.37,0.0,0.0,0.0,0.0,4.0,4.0,7.0,8.0
392,Rayan,Aït-Nouri,Aït-Nouri,a,,,5.4,216,31,0.5,247,93,0.0,610,210,0,0,0,-1,1,271,3265,0.0,0.0,0.0,0.0,0.0,610,210,,,588,209,594,209,570,207,595,209,,,,,,,,0.0,0.0,0.0,0.0,0.0,0.0,0.0,0.0,0.0,3,0,0.0,0.0,0.0,0.0,0.0,0.0,0.0,0.0,0.0,0.0,0.0,0.0,0.0,0.0,277.0,3406.0,0.0,0.0,0.0,0.0,0.0,0.0,0.0,0.0,0.0,0.0,0.0,0.0,0.0
393,Abdukodir,Khusanov,Khusanov,a,,,5.5,190,26,1.6,141,60,3.0,122,49,5,0,0,0,0,1538,3224,0.5,1.6,3.0,3.0,3.0,137,55,,,105,47,191,60,205,74,171,63,,,,,,,,0.0,0.02,0.02,0.9,0.0,0.34,0.67,1.01,5.71,3,5,90.0,0.0,0.0,1.0,0.0,0.0,0.0,0.0,1.0,0.0,0.0,1.0,0.0,22.0,1608.0,3355.0,0.0,0.0,0.019999999999999997,0.019999999999999997,1.37,0.0,0.0,0.0,0.0,2.0,4.0,4.0,6.0
394,Max,Alleyne,Alleyne,u,Has joined Burnley on loan for the rest of the season,,5.0,327,61,0.0,624,208,0.0,582,208,0,0,0,0,0,0,20,0.0,0.0,0.0,0.0,0.0,582,208,0.0,0.0,557,207,564,207,529,203,565,207,,,,,,,,0.0,0.0,0.0,0.0,0.0,0.0,0.0,0.0,0.0,3,0,0.0,0.0,0.0,0.0,0.0,0.0,0.0,0.0,0.0,0.0,0.0,0.0,0.0,0.0,0.0,20.0,0.0,0.0,0.0,0.0,0.0,0.0,0.0,0.0,0.0,0.0,0.0,0.0,0.0
395,Rico,Lewis,Lewis,a,,,4.5,502,130,0.2,326,119,0.3,341,124,0,0,0,0,0,267,1136,0.1,0.2,0.3,0.3,1.0,288,114,,,292,109,218,69,46,6,180,67,,,,,,,,0.27,0.03,0.3,0.88,0.0,0.0,1.61,1.61,3.21,3,0,0.0,0.0,0.0,0.0,0.0,0.0,0.0,0.0,0.0,0.0,0.0,0.0,0.0,0.0,277.0,1174.0,0.0,0.0,0.0,0.0,0.0,0.0,0.0,0.0,0.0,0.0,0.0,0.0,0.0
396,Vitor,de Oliveira Nunes dos Reis,Vitor Reis,a,,,4.5,557,149,0.0,543,189,0.3,343,125,0,0,0,0,0,22,77,0.1,0.2,0.3,0.3,1.0,291,116,,,322,120,284,103,425,180,333,120,,,,,,,,0.0,0.0,0.0,0.0,0.0,0.0,0.0,0.0,0.0,3,0,0.0,0.0,0.0,0.0,0.0,0.0,0.0,0.0,0.0,0.0,0.0,0.0,0.0,0.0,24.0,80.0,0.0,0.0,0.0,0.0,0.0,0.0,0.0,0.0,0.0,0.0,0.0,0.0,0.0
397,Antoine,Semenyo,Semenyo,a,,,8.4,6,4,18.9,16,7,4.3,72,35,6,-1,1,-1,1,8695,71474,0.5,1.5,4.3,4.3,4.3,77,36,,,117,43,28,24,13,8,22,17,,,2.0,,,,,0.06,0.31,0.37,0.89,0.0,0.33,0.67,1.0,4.0,3,6,90.0,0.0,1.0,1.0,0.0,0.0,0.0,0.0,0.0,0.0,0.0,1.0,0.0,26.0,9601.0,75800.0,0.0,0.05000000000000002,0.3400000000000001,0.3900000000000001,1.37,0.0,0.0,0.0,0.0,1.0,0.0,3.0,4.0
398,Phil,Foden,Foden,a,,,7.0,26,17,5.4,67,22,3.7,93,44,1,0,0,0,0,7614,45429,0.5,1.6,3.7,3.7,3.7,101,46,,,47,23,4,4,60,35,11,9,3.0,2.0,,,,,,0.74,0.4,1.14,0.84,0.0,0.0,0.92,0.92,6.46,3,1,24.0,0.0,0.0,0.0,0.0,0.0,0.0,0.0,0.0,0.0,0.0,0.0,0.0,3.0,15905.0,46391.0,0.0,0.6200000000000001,0.010000000000000009,0.6300000000000001,0.5,0.0,0.0,0.0,0.0,0.0,0.0,1.0,1.0
399,Rayan,Cherki,Cherki,a,,,7.8,14,9,30.7,7,3,8.3,5,3,3,1,-1,3,-3,96855,62034,1.1,3.2,8.3,8.3,8.3,6,4,,,2,2,3,3,30,19,2,2,1.0,1.0,,,,,,0.29,0.7,0.99,0.84,0.0,0.52,0.52,1.04,3.12,3,3,65.0,0.0,0.0,1.0,0.0,0.0,0.0,0.0,0.0,0.0,0.0,1.0,0.0,23.0,120586.0,63585.0,0.0,0.21000000000000008,0.30000000000000004,0.51,0.8600000000000001,0.0,0.0,0.0,0.0,0.0,0.0,3.0,3.0
400,Jérémy,Doku,Doku,i,Calf injury - Expected back 13 Sep,,7.4,20,12,0.8,209,66,0.0,649,288,0,0,0,-1,1,94,3915,0.0,0.0,0.0,0.0,0.0,649,288,0.0,0.0,649,288,649,288,649,288,649,288,,,3.0,,,,,0.0,0.0,0.0,0.0,0.0,0.0,0.0,0.0,0.0,3,0,0.0,0.0,0.0,0.0,0.0,0.0,0.0,0.0,0.0,0.0,0.0,0.0,0.0,0.0,97.0,4050.0,0.0,0.0,0.0,0.0,0.0,0.0,0.0,0.0,0.0,0.0,0.0,0.0,0.0
402,Rodrigo 'Rodri',Hernandez Cascante,Rodrigo,u,Has joined Barcelona permanently,,6.5,36,24,0.0,594,249,0.0,645,286,0,0,0,0,0,0,35,0.0,0.0,0.0,0.0,0.0,645,286,0.0,0.0,644,285,644,285,643,284,644,285,,,,,,,,0.0,0.0,0.0,0.0,0.0,0.0,0.0,0.0,0.0,3,0,0.0,0.0,0.0,0.0,0.0,0.0,0.0,0.0,0.0,0.0,0.0,0.0,0.0,0.0,0.0,36.0,0.0,0.0,0.0,0.0,0.0,0.0,0.0,0.0,0.0,0.0,0.0,0.0,0.0
404,Tijjani,Reijnders,Reijnders,u,Has joined Al Qadsiah permanently,,6.0,70,48,0.0,509,209,0.0,638,280,0,0,0,0,0,0,201,0.0,0.0,0.0,0.0,0.0,638,280,0.0,0.0,634,279,635,279,630,275,635,279,,,,,,,,0.0,0.0,0.0,0.0,0.0,0.0,0.0,0.0,0.0,3,0,0.0,0.0,0.0,0.0,0.0,0.0,0.0,0.0,0.0,0.0,0.0,0.0,0.0,0.0,0.0,207.0,0.0,0.0,0.0,0.0,0.0,0.0,0.0,0.0,0.0,0.0,0.0,0.0,0.0
406,Mateo,Kovačić,Kovačić,a,,,5.4,196,120,0.1,446,177,0.7,312,142,0,-1,1,-1,1,174,374,0.1,0.4,0.7,0.7,1.0,328,146,,,283,130,208,114,560,227,297,134,,,,,,,,0.0,0.04,0.04,0.21,0.0,0.0,0.0,0.0,4.29,3,0,0.0,0.0,0.0,0.0,0.0,0.0,0.0,0.0,0.0,0.0,0.0,0.0,0.0,0.0,177.0,382.0,0.0,0.0,0.0,0.0,0.0,0.0,0.0,0.0,0.0,0.0,0.0,0.0,0.0
407,Claudio,Echeverri,Echeverri,u,Has joined Benfica on loan for the rest of the season,,4.9,414,251,0.0,593,248,0.0,545,221,0,0,0,-1,1,0,159,0.0,0.0,0.0,0.0,0.0,545,221,0.0,0.0,513,202,514,210,463,170,523,207,,,,,,,,0.0,0.0,0.0,0.0,0.0,0.0,0.0,0.0,0.0,3,0,0.0,0.0,0.0,0.0,0.0,0.0,0.0,0.0,0.0,0.0,0.0,0.0,0.0,0.0,0.0,161.0,0.0,0.0,0.0,0.0,0.0,0.0,0.0,0.0,0.0,0.0,0.0,0.0,0.0
408,Kalvin,Phillips,Phillips,u,Has joined Sheffield United on loan for the rest of the season,,5.0,251,154,0.0,623,268,0.0,552,226,0,0,0,0,0,0,19,0.0,0.0,0.0,0.0,0.0,552,226,0.0,0.0,523,208,525,216,479,180,532,212,,,,,,,,0.0,0.0,0.0,0.0,0.0,0.0,0.0,0.0,0.0,3,0,0.0,0.0,0.0,0.0,0.0,0.0,0.0,0.0,0.0,0.0,0.0,0.0,0.0,0.0,0.0,21.0,0.0,0.0,0.0,0.0,0.0,0.0,0.0,0.0,0.0,0.0,0.0,0.0,0.0
409,Divine,Mukasa,Mukasa,u,has joined West Ham on loan for the rest of the seaon.,,4.5,545,278,0.1,395,148,0.0,506,198,0,0,0,0,0,0,1151,0.0,0.0,0.0,0.0,0.0,506,198,0.0,0.0,469,176,470,185,414,143,479,181,,,,,,,,0.0,0.0,0.0,0.0,0.0,0.0,0.0,0.0,0.0,3,0,0.0,0.0,0.0,0.0,0.0,0.0,0.0,0.0,0.0,0.0,0.0,0.0,0.0,0.0,0.0,1182.0,0.0,0.0,0.0,0.0,0.0,0.0,0.0,0.0,0.0,0.0,0.0,0.0,0.0
410,Jeremy,Monga,Monga,u,Has joined Swansea City on loan for the rest of the season,,4.9,418,255,0.0,597,252,0.0,546,222,0,0,0,-1,1,0,152,0.0,0.0,0.0,0.0,0.0,546,222,0.0,0.0,514,203,516,212,467,174,524,208,,,,,,,,0.0,0.0,0.0,0.0,0.0,0.0,0.0,0.0,0.0,3,0,0.0,0.0,0.0,0.0,0.0,0.0,0.0,0.0,0.0,0.0,0.0,0.0,0.0,0.0,0.0,156.0,0.0,0.0,0.0,0.0,0.0,0.0,0.0,0.0,0.0,0.0,0.0,0.0,0.0
411,Erling,Haaland,Haaland,a,,,15.5,1,1,71.1,2,2,8.0,8,1,9,0,0,0,0,34060,31174,0.5,1.5,8.0,8.0,8.0,9,1,,,13,2,207,27,2,2,13,3,,,1.0,,,,,0.82,0.17,0.99,0.89,0.0,0.33,0.67,1.0,5.0,3,9,90.0,1.0,0.0,1.0,0.0,0.0,0.0,0.0,0.0,0.0,0.0,1.0,3.0,40.0,39236.0,31341.0,0.0,1.06,0.48,1.54,1.37,0.0,0.0,0.0,0.0,0.0,5.0,2.0,7.0
481,Elliot,Anderson,Anderson,a,,,6.4,49,34,4.9,77,25,2.7,141,61,3,0,0,-1,1,4877,19529,0.4,1.2,2.7,2.7,2.7,156,66,100.0,100.0,129,48,48,38,127,64,87,49,2.0,,,,,,,0.03,0.25,0.28,1.0,0.0,0.39,0.77,1.16,11.97,3,3,90.0,0.0,0.0,1.0,0.0,0.0,0.0,0.0,0.0,0.0,0.0,1.0,0.0,23.0,5351.0,20750.0,0.0,0.01999999999999999,0.17000000000000004,0.18999999999999995,1.37,0.0,0.0,0.0,0.0,1.0,4.0,6.0,11.0
587,Gerónimo,Rulli,Rulli,a,,,5.0,245,8,0.0,568,67,0.0,550,69,0,0,0,0,0,36,60,0.0,0.0,0.0,0.0,0.0,550,69,,,518,69,521,58,474,58,528,69,,,,,,,,0.0,0.0,0.0,0.0,0.0,0.0,0.0,0.0,0.0,3,0,0.0,0.0,0.0,0.0,0.0,0.0,0.0,0.0,0.0,0.0,0.0,0.0,0.0,0.0,36.0,63.0,0.0,0.0,0.0,0.0,0.0,0.0,0.0,0.0,0.0,0.0,0.0,0.0,0.0
616,Ayyoub,Bouaddi,Bouaddi,a,,,5.5,193,119,0.2,363,133,1.0,271,124,1,0,0,0,0,1052,1139,0.2,0.4,1.0,1.0,1.0,351,162,,,314,140,215,118,613,264,309,141,,,,,,,,0.0,0.49,0.49,1.51,0.0,0.0,0.0,0.0,24.55,3,1,14.0,0.0,0.0,0.0,0.0,0.0,0.0,0.0,0.0,0.0,0.0,0.0,0.0,5.0,1076.0,1160.0,0.0,0.0,0.0,0.0,0.37,0.0,0.0,0.0,0.0,0.0,2.0,3.0,5.0
621,Ryan,McAidoo,McAidoo,a,,,4.5,558,285,0.1,421,165,1.0,253,111,1,0,0,0,0,1430,664,0.2,0.4,1.0,1.0,1.0,292,121,,,480,182,306,154,249,121,342,159,,,,,,,,0.82,0.0,0.82,0.16,0.0,0.0,0.0,0.0,32.73,3,1,3.0,0.0,0.0,0.0,0.0,0.0,0.0,0.0,0.0,0.0,0.0,0.0,0.0,5.0,1451.0,668.0,0.0,0.0,0.0,0.0,0.02,0.0,0.0,0.0,0.0,2.0,0.0,2.0,4.0
622,Kaden,Braithwaite,Braithwaite,a,,,4.0,638,200,0.1,377,141,0.5,331,116,0,0,0,0,0,1393,804,0.1,0.2,0.5,0.5,1.0,268,97,,,329,122,288,105,303,121,340,121,,,,,,,,0.0,0.0,0.0,0.0,0.0,0.0,0.0,0.0,0.0,3,0,0.0,0.0,0.0,0.0,0.0,0.0,0.0,0.0,0.0,0.0,0.0,0.0,0.0,0.0,1425.0,817.0,0.0,0.0,0.0,0.0,0.0,0.0,0.0,0.0,0.0,0.0,0.0,0.0,0.0
628,Allan,Andrade Elias,Allan,a,,,6.0,84,55,0.0,627,271,0.0,641,282,0,0,0,0,0,107,48,0.0,0.0,2.2,2.2,0.0,641,282,,,640,281,640,281,636,277,640,281,,,,,,,,0.0,0.0,0.0,0.0,0.0,0.0,0.0,0.0,0.0,3,0,0.0,0.0,0.0,0.0,0.0,0.0,0.0,0.0,0.0,0.0,0.0,0.0,0.0,0.0,108.0,49.0,0.0,0.0,0.0,0.0,0.0,0.0,0.0,0.0,0.0,0.0,0.0,0.0,0.0
653,Floyd,Samba,Samba,a,,,4.5,548,280,0.0,582,241,0.0,509,200,0,0,0,0,0,895,146,0.0,0.0,1.0,1.0,0.0,509,200,,,472,178,473,187,417,145,482,183,,,,,,,,0.0,0.0,0.0,0.0,0.0,0.0,0.0,0.0,0.0,3,0,0.0,0.0,0.0,0.0,0.0,0.0,0.0,0.0,0.0,0.0,0.0,0.0,0.0,0.0,895.0,146.0,0.0,0.0,0.0,0.0,0.0,0.0,0.0,0.0,0.0,0.0,0.0,0.0,0.0
43,Youri,Tielemans,Tielemans,a,,,5.9,90,58,1.9,130,40,2.7,139,60,2,0,0,-1,1,2524,7442,0.5,1.4,2.7,2.7,2.7,154,65,100.0,100.0,102,37,22,19,79,45,44,32,,,3.0,,,,,0.2,0.1,0.3,1.47,0.0,0.0,2.2,1.1,9.15,3,2,90.0,0.0,0.0,0.0,2.0,0.0,0.0,0.0,0.0,0.0,0.0,1.0,0.0,17.0,2594.0,7739.0,0.0,0.050000000000000044,0.060000000000000026,0.10999999999999999,1.0099999999999998,0.0,0.0,0.0,0.0,0.0,2.0,5.0,7.0
131,Carlos,Baleba,Baleba,i,Ankle injury - Expected back 19 Sep,,5.0,345,206,0.1,378,139,0.0,588,246,0,0,0,0,0,342,696,0.0,0.0,0.0,0.0,0.0,588,246,0.0,0.0,563,231,571,238,537,211,571,234,,,,,,,,0.0,0.0,0.0,0.0,0.0,0.0,0.0,0.0,0.0,3,0,0.0,0.0,0.0,0.0,0.0,0.0,0.0,0.0,0.0,0.0,0.0,0.0,0.0,0.0,347.0,715.0,0.0,0.0,0.0,0.0,0.0,0.0,0.0,0.0,0.0,0.0,0.0,0.0,0.0
162,Andrey,Nascimento dos Santos,Andrey Santos,a,,,4.9,409,247,0.8,217,70,1.3,221,99,1,0,0,-1,1,1485,3949,0.3,0.8,1.3,1.3,1.3,251,113,,,192,74,211,116,226,107,232,103,,,,,,,,0.0,0.26,0.26,2.23,0.0,0.0,4.39,1.1,19.76,3,1,6.0,0.0,0.0,0.0,1.0,0.0,0.0,0.0,0.0,0.0,0.0,0.0,0.0,4.0,1527.0,4090.0,0.0,0.0,0.009999999999999981,0.009999999999999981,0.08999999999999986,0.0,0.0,0.0,0.0,0.0,4.0,0.0,4.0
412,Senne,Lammens,Lammens,a,,,5.0,307,14,13.2,31,5,1.7,204,20,2,0,0,0,0,3806,46008,0.3,1.0,1.7,1.7,1.7,231,21,,,68,10,552,64,513,64,181,11,,,,,,,,0.0,0.0,0.0,1.36,3.0,0.0,2.0,1.0,0.0,3,2,90.0,0.0,0.0,0.0,2.0,0.0,0.0,0.0,0.0,0.0,4.0,1.0,0.0,13.0,3975.0,47658.0,0.0,0.0,0.0,0.0,1.0100000000000002,0.0,0.0,0.0,0.0,0.0,1.0,14.0,0.0
413,Altay,Bayındır,Bayindir,u,Has joined Celta Vigo on loan for the rest of the season,,4.5,492,39,0.0,587,69,0.0,472,59,0,0,0,0,0,0,54,0.0,0.0,0.0,0.0,0.0,472,59,0.0,0.0,433,59,430,41,369,40,443,59,,,,,,,,0.0,0.0,0.0,0.0,0.0,0.0,0.0,0.0,0.0,3,0,0.0,0.0,0.0,0.0,0.0,0.0,0.0,0.0,0.0,0.0,0.0,0.0,0.0,0.0,0.0,55.0,0.0,0.0,0.0,0.0,0.0,0.0,0.0,0.0,0.0,0.0,0.0,0.0,0.0
414,Tom,Heaton,Heaton,i,Hamstring injury - Unknown return date,,4.0,576,49,0.1,450,50,0.0,385,23,0,0,0,0,0,182,190,0.0,0.0,0.0,0.0,0.0,385,23,0.0,0.0,340,23,330,2,252,1,349,23,,,,,,,,0.0,0.0,0.0,0.0,0.0,0.0,0.0,0.0,0.0,3,0,0.0,0.0,0.0,0.0,0.0,0.0,0.0,0.0,0.0,0.0,0.0,0.0,0.0,0.0,206.0,200.0,0.0,0.0,0.0,0.0,0.0,0.0,0.0,0.0,0.0,0.0,0.0,0.0,0.0
415,Patrick,Dorgu,Dorgu,a,,,5.9,112,72,0.7,226,73,0.7,326,150,1,0,0,-1,1,526,4666,0.1,0.3,0.7,0.7,0.7,379,180,,,253,112,162,98,28,18,136,69,,,,,,,,0.78,0.06,0.84,2.74,0.0,0.0,6.0,1.2,7.2,3,1,20.0,0.0,0.0,0.0,2.0,0.0,0.0,0.0,0.0,0.0,0.0,0.0,0.0,3.0,538.0,4966.0,0.0,0.0,0.010000000000000002,0.010000000000000009,0.3599999999999999,0.0,0.0,0.0,0.0,1.0,1.0,1.0,3.0
416,Matthijs,de Ligt,De Ligt,i,Back injury - Unknown return date,,5.0,268,41,0.0,558,191,0.0,557,202,0,0,0,0,0,40,87,0.0,0.0,0.0,0.0,0.0,557,202,0.0,0.0,529,200,532,200,489,193,537,200,,,,,,,,0.0,0.0,0.0,0.0,0.0,0.0,0.0,0.0,0.0,3,0,0.0,0.0,0.0,0.0,0.0,0.0,0.0,0.0,0.0,0.0,0.0,0.0,0.0,0.0,42.0,88.0,0.0,0.0,0.0,0.0,0.0,0.0,0.0,0.0,0.0,0.0,0.0,0.0,0.0
417,Diogo,Dalot Teixeira,Dalot,a,,,4.9,388,70,2.1,124,50,1.3,220,82,1,-1,1,-1,1,1188,7115,0.3,0.8,1.3,1.3,1.3,250,89,,,160,72,27,4,57,12,55,11,,,,,,,,0.09,0.07,0.16,1.07,0.0,0.0,1.08,1.08,5.96,3,1,83.0,0.0,0.0,0.0,1.0,0.0,0.0,0.0,1.0,0.0,0.0,1.0,0.0,8.0,1229.0,7430.0,0.0,0.010000000000000009,0.010000000000000009,0.019999999999999962,0.9199999999999999,0.0,0.0,0.0,0.0,2.0,2.0,3.0,4.0
418,Harry,Maguire,Maguire,a,,,5.0,242,36,13.7,30,10,2.3,154,63,2,0,0,0,0,5493,58792,0.5,1.4,2.3,2.3,2.3,171,68,,,128,57,81,24,74,17,83,24,,,,,,,,0.02,0.14,0.16,1.36,0.0,0.0,2.0,1.0,7.0,3,2,90.0,0.0,0.0,0.0,2.0,0.0,0.0,0.0,1.0,0.0,0.0,1.0,0.0,1.0,5725.0,64548.0,0.0,0.0,0.010000000000000009,0.010000000000000009,1.0100000000000002,0.0,0.0,0.0,0.0,0.0,12.0,2.0,12.0
419,Lisandro,Martínez,Martinez,a,,,5.0,279,46,1.2,166,66,1.3,222,83,3,0,0,0,0,1441,2649,0.3,0.8,1.3,1.3,2.0,201,78,100.0,100.0,278,104,255,87,211,77,294,106,,,,,,,,0.02,0.03,0.05,1.54,0.0,0.0,2.0,1.0,5.0,3,3,90.0,0.0,0.0,0.0,2.0,0.0,0.0,0.0,0.0,0.0,0.0,1.0,0.0,7.0,1476.0,2760.0,0.0,0.0,0.0,0.0,1.0099999999999998,0.0,0.0,0.0,0.0,0.0,10.0,2.0,10.0
420,Leny,Yoro,Yoro,a,,,4.9,412,77,0.5,245,91,0.7,298,110,1,0,0,-1,1,330,1674,0.1,0.4,0.7,0.7,1.0,299,120,,,313,118,254,86,461,189,317,115,,,,,,,,0.0,0.08,0.08,4.46,0.0,0.0,8.18,0.0,20.45,3,1,6.0,0.0,0.0,0.0,1.0,0.0,0.0,0.0,0.0,0.0,0.0,0.0,0.0,1.0,332.0,1739.0,0.0,0.0,0.01,0.01,0.09000000000000008,0.0,0.0,0.0,0.0,2.0,1.0,0.0,3.0
421,Ayden,Heaven,Heaven,a,,,4.4,574,158,0.3,284,106,0.3,337,122,0,-1,1,-1,1,346,1410,0.1,0.2,0.3,0.3,1.0,275,104,,,254,99,233,75,136,44,257,94,,,,,,,,0.12,0.04,0.16,1.01,0.0,0.0,2.0,1.0,2.0,3,0,0.0,0.0,0.0,0.0,0.0,0.0,0.0,0.0,0.0,0.0,0.0,0.0,0.0,0.0,348.0,1485.0,0.0,0.0,0.0,0.0,0.0,0.0,0.0,0.0,0.0,0.0,0.0,0.0,0.0
422,Noussair,Mazraoui,Mazraoui,a,,,4.5,470,109,0.6,238,88,1.0,248,91,1,0,0,0,0,447,2461,0.2,0.7,1.0,1.0,1.0,282,109,,,184,81,79,23,151,49,147,55,,,,,,,,0.2,0.06,0.26,1.93,0.0,0.0,3.71,0.93,5.57,3,1,1.0,0.0,0.0,0.0,1.0,0.0,0.0,0.0,0.0,0.0,0.0,0.0,0.0,-1.0,461.0,2527.0,0.0,0.0,0.009999999999999995,0.010000000000000009,0.07000000000000028,0.0,0.0,0.0,0.0,1.0,0.0,0.0,1.0
423,Luke,Shaw,Shaw,a,,,4.5,434,85,15.1,27,9,2.3,146,58,4,0,0,0,0,4269,73629,0.5,1.6,2.3,2.3,2.3,164,64,,,75,30,18,2,147,47,50,9,3.0,,,,,,,0.01,0.19,0.2,1.08,0.0,0.0,1.43,1.07,7.14,3,4,90.0,0.0,1.0,0.0,1.0,0.0,0.0,0.0,1.0,0.0,0.0,1.0,0.0,22.0,4431.0,78390.0,0.0,0.02,0.24,0.26,0.94,0.0,0.0,0.0,0.0,1.0,7.0,1.0,8.0
424,Harry,Amass,Amass,a,,,4.0,643,205,0.2,342,126,0.0,433,163,0,0,0,0,0,479,428,0.0,0.0,0.0,0.0,0.0,433,163,,,389,152,381,150,308,126,399,152,,,,,,,,0.0,0.0,0.0,0.0,0.0,0.0,0.0,0.0,0.0,3,0,0.0,0.0,0.0,0.0,0.0,0.0,0.0,0.0,0.0,0.0,0.0,0.0,0.0,0.0,495.0,447.0,0.0,0.0,0.0,0.0,0.0,0.0,0.0,0.0,0.0,0.0,0.0,0.0,0.0
425,Tyler,Fredricson,Fredricson,u,Has joined Lausanne-Sport permanently,,4.0,634,196,0.0,581,198,0.0,426,156,0,0,0,0,0,0,46,0.0,0.0,0.0,0.0,0.0,426,156,0.0,0.0,382,145,374,143,299,117,392,145,,,,,,,,0.0,0.0,0.0,0.0,0.0,0.0,0.0,0.0,0.0,3,0,0.0,0.0,0.0,0.0,0.0,0.0,0.0,0.0,0.0,0.0,0.0,0.0,0.0,0.0,0.0,47.0,0.0,0.0,0.0,0.0,0.0,0.0,0.0,0.0,0.0,0.0,0.0,0.0,0.0
426,Bruno,Borges Fernandes,B.Fernandes,a,,,12.0,2,1,48.2,3,1,9.0,2,2,2,0,0,0,0,36834,78312,0.8,2.2,9.0,9.0,9.0,3,3,,,1,1,1,1,8,4,1,1,1.0,1.0,1.0,,,,,0.76,0.27,1.03,1.36,0.0,0.0,2.0,1.0,5.33,3,2,90.0,0.0,0.0,0.0,2.0,0.0,0.0,0.0,0.0,0.0,0.0,1.0,0.0,11.0,38738.0,83603.0,0.0,0.18999999999999995,0.06000000000000005,0.25,1.0100000000000002,0.0,0.0,0.0,0.0,0.0,0.0,2.0,2.0
427,Bryan,Mbeumo,Mbeumo,a,,,7.9,12,8,26.3,8,4,7.0,21,8,8,-1,1,-1,1,24488,110078,0.9,2.7,7.0,7.0,7.0,22,9,,,43,20,12,12,5,2,6,5,2.0,2.0,2.0,,,,,0.77,0.16,0.93,1.36,0.0,0.0,2.0,1.0,5.67,3,8,90.0,1.0,0.0,0.0,2.0,0.0,0.0,0.0,0.0,0.0,0.0,1.0,1.0,29.0,25239.0,127570.0,0.0,0.050000000000000266,0.02999999999999997,0.07999999999999963,1.0100000000000002,0.0,0.0,0.0,0.0,0.0,4.0,4.0,8.0
428,Matheus,Santos Carneiro da Cunha,Cunha,a,,,7.9,11,7,7.6,57,20,4.7,56,29,3,-1,1,-1,1,3089,27721,0.6,1.8,4.7,4.7,4.7,61,30,,,152,55,23,20,18,10,27,21,,,,,,,,0.19,0.16,0.35,1.08,0.0,0.4,1.19,1.19,3.17,3,3,69.0,0.0,0.0,1.0,0.0,0.0,0.0,0.0,0.0,0.0,0.0,1.0,0.0,10.0,3224.0,29042.0,0.0,0.12,0.04999999999999999,0.17000000000000004,0.6500000000000004,0.0,0.0,0.0,0.0,2.0,0.0,1.0,3.0
429,Marcus,Rashford,Rashford,a,,,7.0,25,16,1.6,142,42,2.0,196,91,3,0,0,0,0,4741,5678,0.3,0.9,2.0,2.0,2.0,224,100,,,145,53,8,8,21,12,17,13,,3.0,,,,,,0.12,0.1,0.22,0.84,0.0,0.47,0.47,0.93,5.6,3,3,69.0,0.0,0.0,1.0,0.0,0.0,0.0,0.0,0.0,0.0,0.0,1.0,0.0,11.0,4924.0,5880.0,0.0,0.0,0.06,0.06,0.6500000000000001,0.0,0.0,0.0,0.0,0.0,1.0,4.0,5.0
430,Mason,Mount,Mount,a,,,5.4,200,123,0.0,559,230,0.0,606,257,0,0,0,-1,1,32,74,0.0,0.0,0.0,0.0,0.0,606,257,100.0,75.0,583,244,590,250,563,229,591,247,,4.0,,,,,,0.0,0.0,0.0,0.0,0.0,0.0,0.0,0.0,0.0,3,0,0.0,0.0,0.0,0.0,0.0,0.0,0.0,0.0,0.0,0.0,0.0,0.0,0.0,0.0,32.0,74.0,0.0,0.0,0.0,0.0,0.0,0.0,0.0,0.0,0.0,0.0,0.0,0.0,0.0
431,Amad,Diallo,Amad,i,Unspecified injury - Unknown return date,,5.8,116,76,0.5,260,86,0.0,630,274,0,0,0,-2,2,69,3453,0.0,0.0,0.0,0.0,0.0,630,274,0.0,0.0,621,271,625,272,615,265,625,271,4.0,,,,,,,0.0,0.0,0.0,0.0,0.0,0.0,0.0,0.0,0.0,3,0,0.0,0.0,0.0,0.0,0.0,0.0,0.0,0.0,0.0,0.0,0.0,0.0,0.0,0.0,70.0,3730.0,0.0,0.0,0.0,0.0,0.0,0.0,0.0,0.0,0.0,0.0,0.0,0.0,0.0
432,Kobbie,Mainoo,Mainoo,a,,,5.5,177,108,1.2,174,54,4.7,55,28,9,0,0,0,0,5702,2285,0.9,2.5,4.7,4.7,4.7,60,29,,,189,72,188,104,140,70,201,89,,,,,,,,0.1,0.17,0.27,1.0,0.0,0.0,0.97,0.97,15.08,3,9,83.0,0.0,1.0,0.0,1.0,0.0,0.0,0.0,0.0,0.0,0.0,1.0,2.0,32.0,5775.0,2344.0,0.0,0.0,0.06999999999999995,0.07000000000000006,0.9199999999999999,0.0,0.0,0.0,0.0,2.0,3.0,10.0,15.0
433,Manuel,Ugarte Ribeiro,Ugarte,i,Knee injury - Unknown return date,,5.0,286,173,0.0,631,275,0.0,563,232,0,0,0,0,0,8,16,0.0,0.0,0.0,0.0,0.0,563,232,0.0,0.0,536,215,539,222,497,190,544,218,,,,,,,,0.0,0.0,0.0,0.0,0.0,0.0,0.0,0.0,0.0,3,0,0.0,0.0,0.0,0.0,0.0,0.0,0.0,0.0,0.0,0.0,0.0,0.0,0.0,0.0,8.0,16.0,0.0,0.0,0.0,0.0,0.0,0.0,0.0,0.0,0.0,0.0,0.0,0.0,0.0
434,Jack,Fletcher,J.Fletcher,a,,,5.0,351,212,0.0,599,253,0.0,592,250,0,0,0,0,0,26,39,0.0,0.0,0.0,0.0,0.0,592,250,,,567,235,575,242,541,215,575,238,,,,,,,,0.0,0.0,0.0,0.0,0.0,0.0,0.0,0.0,0.0,3,0,0.0,0.0,0.0,0.0,0.0,0.0,0.0,0.0,0.0,0.0,0.0,0.0,0.0,0.0,27.0,40.0,0.0,0.0,0.0,0.0,0.0,0.0,0.0,0.0,0.0,0.0,0.0,0.0,0.0
435,Shea,Lacey,Lacey,a,,,5.0,359,218,0.1,494,198,0.3,363,168,0,0,0,0,0,58,182,0.1,0.2,0.3,0.3,1.0,324,143,,,337,156,299,150,548,221,345,162,,,,,,,,0.0,0.0,0.0,0.0,0.0,0.0,0.0,0.0,9.0,3,0,0.0,0.0,0.0,0.0,0.0,0.0,0.0,0.0,0.0,0.0,0.0,0.0,0.0,0.0,59.0,186.0,0.0,0.0,0.0,0.0,0.0,0.0,0.0,0.0,0.0,0.0,0.0,0.0,0.0
436,Toby,Collyer,Collyer,u,Has joined West Brom permanently,,5.0,322,192,0.0,588,245,0.0,579,242,0,0,0,0,0,0,100,0.0,0.0,0.0,0.0,0.0,579,242,0.0,0.0,554,227,561,234,524,205,562,230,,,,,,,,0.0,0.0,0.0,0.0,0.0,0.0,0.0,0.0,0.0,3,0,0.0,0.0,0.0,0.0,0.0,0.0,0.0,0.0,0.0,0.0,0.0,0.0,0.0,0.0,0.0,102.0,0.0,0.0,0.0,0.0,0.0,0.0,0.0,0.0,0.0,0.0,0.0,0.0,0.0
437,Bendito,Mantato,Bendito Mantato,a,,,4.5,541,276,0.2,345,126,0.0,504,197,0,0,0,0,0,490,488,0.0,0.0,0.0,0.0,0.0,504,197,,,467,175,468,184,412,142,477,180,,,,,,,,0.0,0.0,0.0,0.0,0.0,0.0,0.0,0.0,0.0,3,0,0.0,0.0,0.0,0.0,0.0,0.0,0.0,0.0,0.0,0.0,0.0,0.0,0.0,0.0,499.0,495.0,0.0,0.0,0.0,0.0,0.0,0.0,0.0,0.0,0.0,0.0,0.0,0.0,0.0
438,Tyler,Fletcher,Fletcher,a,,,4.5,522,271,0.3,292,100,0.0,488,192,0,0,0,0,0,497,766,0.0,0.0,0.0,0.0,0.0,488,192,,,450,170,452,179,394,137,460,175,,,,,,,,0.0,0.0,0.0,0.0,0.0,0.0,0.0,0.0,0.0,3,0,0.0,0.0,0.0,0.0,0.0,0.0,0.0,0.0,0.0,0.0,0.0,0.0,0.0,0.0,508.0,791.0,0.0,0.0,0.0,0.0,0.0,0.0,0.0,0.0,0.0,0.0,0.0,0.0,0.0
439,Benjamin,Sesko,Šeško,a,,,7.0,29,10,1.6,143,21,2.3,168,15,5,0,0,0,0,4357,7304,0.3,1.0,2.3,2.3,2.3,184,20,100.0,100.0,310,34,180,20,146,28,242,28,,,,,,,,0.54,0.02,0.56,2.43,0.0,0.0,5.09,0.0,5.09,3,5,20.0,1.0,0.0,0.0,2.0,0.0,0.0,0.0,0.0,0.0,0.0,0.0,0.0,28.0,4435.0,7553.0,0.0,0.28,0.0,0.28,0.3599999999999999,0.0,0.0,0.0,0.0,0.0,0.0,0.0,0.0
440,Joshua,Zirkzee,Zirkzee,a,,,5.4,217,48,0.5,261,46,0.0,611,70,0,0,0,-1,1,1570,2123,0.0,0.0,0.0,0.0,0.0,611,70,,,589,61,595,66,571,63,596,66,,,,,,,,0.0,0.0,0.0,0.0,0.0,0.0,0.0,0.0,0.0,3,0,0.0,0.0,0.0,0.0,0.0,0.0,0.0,0.0,0.0,0.0,0.0,0.0,0.0,0.0,1600.0,2189.0,0.0,0.0,0.0,0.0,0.0,0.0,0.0,0.0,0.0,0.0,0.0,0.0,0.0
441,Chido,Obi,Obi,a,,,4.5,549,75,1.2,172,26,0.0,510,54,0,0,0,0,0,4820,3390,0.0,0.0,0.0,0.0,0.0,510,54,,,473,45,474,50,418,47,483,50,,,,,,,,0.0,0.0,0.0,0.0,0.0,0.0,0.0,0.0,0.0,3,0,0.0,0.0,0.0,0.0,0.0,0.0,0.0,0.0,0.0,0.0,0.0,0.0,0.0,0.0,4938.0,3479.0,0.0,0.0,0.0,0.0,0.0,0.0,0.0,0.0,0.0,0.0,0.0,0.0,0.0
405,Nico,González Iglesias,N.Gonzalez,a,,,5.5,164,98,0.3,314,112,1.3,229,104,2,0,0,0,0,1269,790,0.2,0.7,1.3,1.3,2.0,214,96,,,252,111,84,52,603,256,205,91,,,,,,,,0.0,0.13,0.13,1.28,0.0,0.62,1.23,1.23,6.78,3,2,76.0,0.0,0.0,0.0,2.0,0.0,0.0,0.0,0.0,0.0,0.0,1.0,0.0,11.0,1323.0,809.0,0.0,0.0,0.009999999999999981,0.009999999999999981,1.3299999999999998,0.0,0.0,0.0,0.0,0.0,1.0,6.0,7.0
442,Nick,Pope,Pope,a,,,5.0,243,6,1.1,184,28,0.0,549,68,0,0,0,0,0,828,3355,0.0,0.0,0.0,0.0,0.0,549,68,,,517,68,520,57,472,56,527,68,,,,,,,,0.0,0.0,0.0,0.0,0.0,0.0,0.0,0.0,0.0,3,0,0.0,0.0,0.0,0.0,0.0,0.0,0.0,0.0,0.0,0.0,0.0,0.0,0.0,0.0,847.0,3447.0,0.0,0.0,0.0,0.0,0.0,0.0,0.0,0.0,0.0,0.0,0.0,0.0,0.0
443,Mark,Gillespie,Gillespie,a,,,4.5,428,26,0.0,525,59,0.0,444,47,0,0,0,0,0,41,67,0.0,0.0,0.0,0.0,0.0,444,47,,,400,47,394,28,326,27,410,47,,,,,,,,0.0,0.0,0.0,0.0,0.0,0.0,0.0,0.0,0.0,3,0,0.0,0.0,0.0,0.0,0.0,0.0,0.0,0.0,0.0,0.0,0.0,0.0,0.0,0.0,43.0,67.0,0.0,0.0,0.0,0.0,0.0,0.0,0.0,0.0,0.0,0.0,0.0,0.0,0.0
444,Ewen,Jaouen,Jaouen,a,,,4.5,532,48,0.0,552,64,0.0,497,64,0,0,0,0,0,39,75,0.0,0.0,0.0,0.0,0.0,497,64,,,459,64,461,50,403,49,469,64,,,,,,,,0.0,0.0,0.0,0.0,0.0,0.0,0.0,0.0,0.0,3,0,0.0,0.0,0.0,0.0,0.0,0.0,0.0,0.0,0.0,0.0,0.0,0.0,0.0,0.0,39.0,77.0,0.0,0.0,0.0,0.0,0.0,0.0,0.0,0.0,0.0,0.0,0.0,0.0,0.0
445,Malick,Thiaw,Thiaw,a,,,5.0,308,54,2.2,122,49,2.7,129,52,-1,0,0,0,0,10059,9453,0.5,1.6,2.7,2.7,2.7,146,59,,,74,29,261,90,514,199,182,68,,,,,,,,0.0,0.02,0.02,1.82,0.0,0.33,1.33,1.0,7.0,3,-1,90.0,0.0,0.0,0.0,2.0,1.0,0.0,0.0,0.0,0.0,0.0,1.0,0.0,0.0,11782.0,9848.0,0.0,0.0,0.05,0.05,1.37,0.0,0.0,0.0,0.0,0.0,3.0,3.0,3.0
446,Fabian,Schär,Schär,a,,,5.0,247,37,0.2,322,116,0.3,353,129,0,0,0,0,0,245,1119,0.1,0.2,0.3,0.3,1.0,306,121,100.0,100.0,520,197,522,197,476,190,529,197,,2.0,,,,,,0.0,0.0,0.0,71.1,0.0,0.0,90.0,0.0,0.0,3,0,0.0,0.0,0.0,0.0,0.0,0.0,0.0,0.0,0.0,0.0,0.0,0.0,0.0,0.0,265.0,1136.0,0.0,0.0,0.0,0.0,0.0,0.0,0.0,0.0,0.0,0.0,0.0,0.0,0.0
447,Sven,Botman,Botman,a,,,5.0,276,44,0.7,237,87,3.0,114,45,1,0,0,0,0,1735,1760,0.6,1.8,3.0,3.0,3.0,128,52,,,76,31,244,81,231,87,178,65,,,,,,,,0.0,0.06,0.06,1.82,0.0,0.33,1.33,1.0,8.0,3,1,90.0,0.0,0.0,0.0,2.0,0.0,0.0,0.0,0.0,0.0,0.0,1.0,0.0,3.0,1898.0,1799.0,0.0,0.0,0.16,0.16,1.37,0.0,0.0,0.0,0.0,1.0,8.0,3.0,9.0
448,Dan,Burn,Burn,i,Ankle injury - Expected back 14 Sep,,4.9,378,67,1.1,188,72,0.0,526,197,0,0,0,-1,1,78,6020,0.0,0.0,0.0,0.0,0.0,526,197,0.0,0.0,490,191,491,192,436,183,499,191,,,,,,,,0.0,0.0,0.0,0.0,0.0,0.0,0.0,0.0,0.0,3,0,0.0,0.0,0.0,0.0,0.0,0.0,0.0,0.0,0.0,0.0,0.0,0.0,0.0,0.0,78.0,6213.0,0.0,0.0,0.0,0.0,0.0,0.0,0.0,0.0,0.0,0.0,0.0,0.0,0.0
449,Lewis,Hall,Hall,a,,,5.1,237,35,10.5,42,15,6.0,31,15,4,0,0,1,-1,105734,15624,1.2,3.5,6.0,6.0,6.0,34,16,,,27,8,45,9,201,71,60,13,1.0,1.0,,,,,,0.01,0.22,0.23,1.82,0.0,0.33,1.34,1.0,10.04,3,4,89.0,0.0,1.0,0.0,2.0,0.0,0.0,0.0,0.0,0.0,0.0,1.0,0.0,20.0,111870.0,17156.0,0.0,0.010000000000000002,0.010000000000000009,0.020000000000000018,1.3500000000000005,0.0,0.0,0.0,0.0,1.0,5.0,13.0,6.0
451,Alex,Murphy,A.Murphy,u,Has joined FC Kaiserslautern on loan for the rest of the season,,4.0,633,195,0.1,468,166,0.0,425,155,0,0,0,0,0,0,298,0.0,0.0,0.0,0.0,0.0,425,155,0.0,0.0,381,144,373,142,298,116,391,144,,,,,,,,0.0,0.0,0.0,0.0,0.0,0.0,0.0,0.0,0.0,3,0,0.0,0.0,0.0,0.0,0.0,0.0,0.0,0.0,0.0,0.0,0.0,0.0,0.0,0.0,0.0,300.0,0.0,0.0,0.0,0.0,0.0,0.0,0.0,0.0,0.0,0.0,0.0,0.0,0.0
453,Harvey,Barnes,Barnes,a,,,6.0,65,45,1.5,149,45,5.7,37,18,12,0,0,0,0,37658,5677,1.0,2.8,5.7,5.7,5.7,42,20,,,224,93,109,66,108,57,162,76,5.0,,,,,,,0.07,0.02,0.09,1.82,0.0,0.33,1.33,1.0,6.0,3,12,90.0,1.0,1.0,0.0,2.0,0.0,0.0,0.0,0.0,0.0,0.0,1.0,2.0,37.0,38364.0,5842.0,0.0,0.11,0.03,0.14,1.37,0.0,0.0,0.0,0.0,0.0,2.0,4.0,6.0
454,Anthony,Elanga,Elanga,a,,,6.1,58,41,10.7,41,16,6.0,35,16,1,0,0,1,-1,95972,38335,1.0,3.0,6.0,6.0,6.0,40,18,,,11,7,132,81,26,16,25,19,4.0,,,,,,,0.16,0.13,0.29,1.56,0.0,0.39,1.16,1.16,3.49,3,1,76.0,0.0,0.0,0.0,2.0,0.0,0.0,0.0,1.0,0.0,0.0,1.0,0.0,8.0,103416.0,39713.0,0.0,0.0,0.23000000000000004,0.22999999999999998,1.3299999999999996,0.0,0.0,0.0,0.0,2.0,1.0,1.0,4.0
456,Jacob,Ramsey,J.Ramsey,a,,,4.9,392,238,0.3,288,97,2.3,152,64,6,-1,1,-1,1,2962,963,0.5,1.4,2.3,2.3,2.3,169,70,,,246,105,205,112,198,95,270,120,,,,,,,,0.22,0.21,0.43,2.5,0.0,0.0,1.3,0.0,14.35,3,6,27.0,1.0,0.0,0.0,0.0,0.0,0.0,0.0,0.0,0.0,0.0,0.0,0.0,22.0,2976.0,1010.0,0.0,0.11000000000000001,0.01999999999999999,0.13,0.040000000000000036,0.0,0.0,0.0,0.0,0.0,0.0,4.0,4.0
457,Jacob,Murphy,J.Murphy,a,,,5.9,88,57,0.1,387,142,0.7,323,148,1,0,0,-1,1,300,520,0.1,0.3,0.7,0.7,0.7,378,179,,,309,139,227,124,206,99,304,137,2.0,,,,,,,0.0,0.51,0.51,3.75,0.0,0.0,2.57,0.0,15.43,3,1,13.0,0.0,0.0,0.0,0.0,0.0,0.0,0.0,0.0,0.0,0.0,0.0,0.0,5.0,309.0,543.0,0.0,0.0,0.0,0.0,0.040000000000000036,0.0,0.0,0.0,0.0,0.0,0.0,1.0,1.0
458,Joelinton Cássio,Apolinário de Lira,Joelinton,i,Unspecified injury - Unknown return date,,5.4,199,122,0.0,564,232,0.0,605,256,0,0,0,-1,1,9,85,0.0,0.0,0.0,0.0,0.0,605,256,0.0,0.0,582,243,589,249,562,228,590,246,,,,,,,,0.0,0.0,0.0,0.0,0.0,0.0,0.0,0.0,0.0,3,0,0.0,0.0,0.0,0.0,0.0,0.0,0.0,0.0,0.0,0.0,0.0,0.0,0.0,0.0,10.0,87.0,0.0,0.0,0.0,0.0,0.0,0.0,0.0,0.0,0.0,0.0,0.0,0.0,0.0
459,Lewis,Miley,L.Miley,a,,,5.5,183,112,0.1,454,180,2.7,137,59,2,0,0,0,0,305,311,0.5,1.5,2.7,2.7,2.7,152,64,100.0,100.0,146,54,56,43,212,102,131,67,3.0,,,,,,,0.02,0.03,0.05,1.74,0.0,0.4,1.19,1.19,10.31,3,2,62.0,0.0,0.0,0.0,2.0,0.0,0.0,0.0,0.0,0.0,0.0,1.0,0.0,11.0,321.0,322.0,0.0,0.0,0.020000000000000004,0.01999999999999999,1.3299999999999996,0.0,0.0,0.0,0.0,0.0,1.0,3.0,4.0
450,Tino,Livramento,Livramento,a,,,4.9,398,71,0.0,526,182,0.3,347,127,1,0,0,-1,1,519,148,0.1,0.2,0.3,0.0,1.0,296,118,100.0,0.0,504,194,505,194,453,186,514,194,,,,,,,,0.0,0.0,0.0,1.8,0.0,0.0,0.0,0.0,0.0,3,1,1.0,0.0,0.0,0.0,0.0,0.0,0.0,0.0,0.0,0.0,0.0,0.0,0.0,3.0,521.0,149.0,0.0,0.0,0.0,0.0,0.02,0.0,0.0,0.0,0.0,0.0,0.0,0.0,0.0
460,Joe,Willock,Willock,a,,,5.0,261,161,0.4,262,87,3.7,85,39,2,0,0,0,0,4463,1913,0.7,2.2,3.7,3.7,3.7,93,41,,,99,35,133,82,100,52,129,65,,,,,,,,0.28,0.11,0.39,1.94,0.0,0.54,1.63,1.08,4.34,3,2,62.0,0.0,0.0,0.0,2.0,0.0,0.0,0.0,0.0,0.0,0.0,1.0,0.0,6.0,4628.0,1950.0,0.0,0.36,0.010000000000000009,0.37,1.3299999999999996,0.0,0.0,0.0,0.0,1.0,1.0,1.0,3.0
461,Bazoumana,Touré,Touré,a,,,5.9,113,73,0.1,371,137,0.3,378,177,0,0,0,-1,1,92,916,0.1,0.2,0.3,0.3,1.0,360,168,,,631,276,631,276,626,272,632,276,,,,,,,,0.0,0.0,0.0,0.0,0.0,0.0,0.0,0.0,0.0,3,0,0.0,0.0,0.0,0.0,0.0,0.0,0.0,0.0,0.0,0.0,0.0,0.0,0.0,0.0,96.0,949.0,0.0,0.0,0.0,0.0,0.0,0.0,0.0,0.0,0.0,0.0,0.0,0.0,0.0
462,Sean,Steur,Steur,a,,,4.9,417,254,0.1,445,176,1.0,254,112,1,-1,1,-1,1,109,397,0.2,0.6,1.0,1.0,1.0,303,128,,,265,118,277,142,466,173,305,138,,,,,,,,0.0,0.0,0.0,1.97,0.0,0.0,1.03,1.03,7.24,3,1,13.0,0.0,0.0,0.0,0.0,0.0,0.0,0.0,0.0,0.0,0.0,0.0,0.0,3.0,112.0,407.0,0.0,0.0,0.0,0.0,0.039999999999999813,0.0,0.0,0.0,0.0,0.0,1.0,1.0,2.0
463,Nick,Woltemade,Woltemade,u,Has joined Juventus on loan for the rest of the season,,5.9,104,27,0.8,208,33,1.3,231,22,0,0,0,-1,1,0,17076,0.2,0.7,0.0,0.0,4.0,88,10,0.0,0.0,187,16,184,21,143,26,194,23,,,,,,,,0.09,0.05,0.14,1.8,0.0,0.0,0.0,0.0,0.0,3,0,0.0,0.0,0.0,0.0,0.0,0.0,0.0,0.0,0.0,0.0,0.0,0.0,0.0,0.0,0.0,17417.0,0.0,0.0,0.0,0.0,0.0,0.0,0.0,0.0,0.0,0.0,0.0,0.0,0.0
464,Yoane,Wissa,Wissa,a,,,6.2,57,13,16.2,24,5,4.3,69,6,1,1,-1,2,-2,158657,40016,0.7,2.1,4.3,4.3,4.3,74,7,,,42,3,95,8,12,5,23,5,,,2.0,,,,,0.47,0.02,0.49,1.48,0.0,0.34,1.03,1.03,5.86,3,1,90.0,0.0,0.0,0.0,2.0,0.0,0.0,0.0,1.0,0.0,0.0,1.0,0.0,7.0,171874.0,40805.0,0.0,0.0,0.030000000000000002,0.029999999999999805,1.3699999999999997,0.0,0.0,0.0,0.0,0.0,0.0,3.0,3.0
465,William,Osula,Osula,i,Foot injury - Unknown return date,,5.9,109,29,0.5,258,44,1.3,233,24,0,0,0,-1,1,79,3814,0.2,0.7,0.0,0.0,4.0,89,11,0.0,0.0,141,13,155,15,161,29,172,19,,,1.0,,,,,0.1,0.23,0.33,2.42,0.0,0.0,1.64,1.64,8.18,3,0,0.0,0.0,0.0,0.0,0.0,0.0,0.0,0.0,0.0,0.0,0.0,0.0,0.0,0.0,82.0,3974.0,0.0,0.0,0.0,0.0,0.0,0.0,0.0,0.0,0.0,0.0,0.0,0.0,0.0
466,Sean,Neave,Neave,u,Has joined Wolves on loan for the rest of the season,,4.5,551,76,0.8,222,37,0.0,512,55,0,0,0,0,0,0,6251,0.0,0.0,0.0,0.0,0.0,512,55,0.0,0.0,475,46,476,51,420,48,485,51,,,,,,,,0.0,0.0,0.0,0.0,0.0,0.0,0.0,0.0,0.0,3,0,0.0,0.0,0.0,0.0,0.0,0.0,0.0,0.0,0.0,0.0,0.0,0.0,0.0,0.0,0.0,6377.0,0.0,0.0,0.0,0.0,0.0,0.0,0.0,0.0,0.0,0.0,0.0,0.0,0.0
559,Aladji,Bamba,Bamba,a,,,4.9,416,253,0.1,412,160,0.3,351,159,0,-1,1,-1,1,176,437,0.1,0.2,0.3,0.3,1.0,302,127,,,288,132,515,211,465,172,318,145,,,,,,,,0.0,0.0,0.0,6.69,0.0,0.0,6.43,0.0,12.86,3,0,0.0,0.0,0.0,0.0,0.0,0.0,0.0,0.0,0.0,0.0,0.0,0.0,0.0,0.0,179.0,450.0,0.0,0.0,0.0,0.0,0.0,0.0,0.0,0.0,0.0,0.0,0.0,0.0,0.0
567,Lukás,Hornícek,Horníček,a,,,5.0,312,15,1.2,171,25,3.3,98,7,2,0,0,0,0,10957,4352,0.7,2.0,3.3,3.3,3.3,109,7,,,8,1,554,65,517,65,108,1,,,,,,,,0.0,0.0,0.0,1.82,4.33,0.33,1.33,1.0,0.0,3,2,90.0,0.0,0.0,0.0,2.0,0.0,0.0,0.0,0.0,0.0,4.0,1.0,0.0,12.0,11519.0,4542.0,0.0,0.0,0.0,0.0,1.37,0.0,0.0,0.0,0.0,0.0,0.0,6.0,0.0
593,Amar,Dedic,Dedić,a,,,4.5,496,127,3.5,93,37,4.3,60,25,1,0,0,0,0,44674,14591,1.0,2.9,4.3,4.3,4.3,66,28,,,32,10,75,21,193,67,72,18,,,,,,,,0.05,0.03,0.08,1.82,0.0,0.33,1.33,1.0,6.0,3,1,90.0,0.0,0.0,0.0,2.0,0.0,0.0,0.0,0.0,0.0,0.0,1.0,0.0,3.0,49823.0,15404.0,0.0,0.11000000000000001,0.020000000000000004,0.13,1.37,0.0,0.0,0.0,0.0,0.0,1.0,4.0,1.0
634,Matias,Fernandez-Pardo,Fernandez-Pardo,a,,,6.0,83,20,0.1,467,66,1.0,278,34,1,0,0,0,0,2149,386,0.2,0.2,2.1,2.1,1.0,362,44,,,639,75,639,75,635,75,639,75,,,,,,,,0.0,0.0,0.0,0.13,0.0,0.0,0.0,0.0,3.33,3,1,27.0,0.0,0.0,0.0,0.0,0.0,0.0,0.0,0.0,0.0,0.0,0.0,0.0,4.0,2211.0,399.0,0.0,0.0,0.0,0.0,0.04,0.0,0.0,0.0,0.0,0.0,0.0,1.0,1.0
167,Liam,Delap,Delap,a,,,5.5,161,41,0.8,212,34,1.0,268,32,2,0,0,0,0,5509,2643,0.2,0.5,1.0,1.0,1.5,246,28,,,290,28,187,24,179,31,255,30,,,3.0,,,,,0.12,0.06,0.18,1.13,0.0,0.93,0.93,0.93,4.64,3,2,73.0,0.0,0.0,1.0,0.0,0.0,0.0,0.0,0.0,0.0,0.0,1.0,0.0,6.0,5705.0,2715.0,0.0,0.06,0.06,0.12,0.8899999999999999,0.0,0.0,0.0,0.0,0.0,2.0,3.0,5.0
201,Daniel,Muñoz Mejía,Muñoz,a,,,5.4,209,29,6.3,63,25,0.3,367,134,1,0,0,-1,1,3323,21786,0.1,0.2,0.3,0.3,0.5,383,136,,,324,121,256,88,85,21,240,89,,,,,,,,0.28,0.01,0.29,1.16,0.0,0.0,2.12,1.06,5.29,3,1,31.0,0.0,0.0,0.0,0.0,0.0,0.0,0.0,0.0,0.0,0.0,0.0,0.0,5.0,3468.0,22707.0,0.0,0.03,0.0,0.030000000000000027,0.2600000000000001,0.0,0.0,0.0,0.0,1.0,0.0,0.0,1.0
467,Matz,Sels,Sels,a,,,5.0,240,5,1.4,155,22,3.0,113,12,6,0,0,0,0,2320,2190,0.6,1.8,3.0,3.0,3.0,126,12,,,133,14,519,56,471,55,216,14,,,,,,,,0.0,0.0,0.0,1.09,1.33,0.33,1.0,1.0,0.0,3,6,90.0,0.0,0.0,1.0,0.0,0.0,0.0,0.0,0.0,0.0,0.0,1.0,0.0,21.0,2393.0,2319.0,0.0,0.0,0.0,0.0,1.0599999999999996,0.0,0.0,0.0,0.0,0.0,1.0,11.0,0.0
468,John Victor,Maciel Furtado,John,a,,,4.5,465,35,0.1,482,55,0.0,459,56,0,0,0,0,0,59,104,0.0,0.0,0.0,0.0,0.0,459,56,,,419,56,415,37,351,36,429,56,,,,,,,,0.0,0.0,0.0,0.0,0.0,0.0,0.0,0.0,0.0,3,0,0.0,0.0,0.0,0.0,0.0,0.0,0.0,0.0,0.0,0.0,0.0,0.0,0.0,0.0,60.0,108.0,0.0,0.0,0.0,0.0,0.0,0.0,0.0,0.0,0.0,0.0,0.0,0.0,0.0
469,Neco,Williams,N.Williams,a,,,5.0,273,43,8.3,52,19,5.0,46,20,7,0,0,0,0,15950,13672,1.0,3.0,5.0,5.0,5.0,50,22,,,58,21,77,22,129,41,75,21,2.0,2.0,,,,,,0.04,0.08,0.12,1.09,0.0,0.33,1.0,1.0,8.0,3,7,90.0,0.0,0.0,1.0,0.0,0.0,0.0,0.0,0.0,0.0,0.0,1.0,1.0,28.0,16412.0,14881.0,0.0,0.0,0.06999999999999998,0.07,1.0599999999999996,0.0,0.0,0.0,0.0,3.0,3.0,8.0,6.0
470,Felipe,Rodrigues da Silva,Morato,u,Has joined West Ham on loan for the rest of the season,,5.0,316,58,0.0,533,185,0.0,574,206,0,0,0,0,0,0,369,0.0,0.0,0.0,0.0,0.0,574,206,0.0,0.0,548,205,555,205,518,200,556,205,,,,,,,,0.0,0.0,0.0,0.0,0.0,0.0,0.0,0.0,0.0,3,0,0.0,0.0,0.0,0.0,0.0,0.0,0.0,0.0,0.0,0.0,0.0,0.0,0.0,0.0,0.0,377.0,0.0,0.0,0.0,0.0,0.0,0.0,0.0,0.0,0.0,0.0,0.0,0.0,0.0
609,Leo,Shahar,Shahar,a,,,4.0,637,199,0.3,313,113,0.0,429,159,0,0,0,0,0,1180,788,0.0,0.0,0.0,0.0,0.0,429,159,,,385,148,377,146,302,120,395,148,,,,,,,,0.0,0.0,0.0,0.0,0.0,0.0,0.0,0.0,0.0,3,0,0.0,0.0,0.0,0.0,0.0,0.0,0.0,0.0,0.0,0.0,0.0,0.0,0.0,0.0,1212.0,799.0,0.0,0.0,0.0,0.0,0.0,0.0,0.0,0.0,0.0,0.0,0.0,0.0,0.0
471,Nikola,Milenković,Milenković,a,,,5.5,145,17,1.6,140,59,4.0,77,32,7,0,0,0,0,1792,1924,0.7,2.2,4.0,4.0,4.0,82,35,,,156,70,301,112,120,37,197,74,,,,,,,,0.04,0.01,0.05,1.09,0.0,0.33,1.0,1.0,10.33,3,7,90.0,0.0,0.0,1.0,0.0,0.0,0.0,0.0,1.0,0.0,0.0,1.0,0.0,27.0,1835.0,2067.0,0.0,0.0,0.009999999999999998,0.010000000000000009,1.0599999999999996,0.0,0.0,0.0,0.0,2.0,9.0,3.0,11.0
472,Murillo,Costa dos Santos,Murillo,a,,,5.5,188,25,1.5,146,62,4.3,66,28,8,0,0,0,0,2245,1968,0.8,2.4,4.3,4.3,4.3,71,30,100.0,100.0,78,32,98,30,160,54,104,37,,3.0,,,,,,0.12,0.09,0.21,1.1,0.0,0.33,1.0,1.0,10.04,3,8,89.0,0.0,0.0,1.0,0.0,0.0,0.0,0.0,0.0,0.0,0.0,1.0,0.0,25.0,2346.0,2102.0,0.0,0.16999999999999998,0.0,0.16999999999999998,1.0599999999999996,0.0,0.0,0.0,0.0,4.0,6.0,4.0,10.0
473,Ola,Aina,Aina,a,,,4.5,445,89,3.0,105,41,2.0,172,68,1,0,0,0,0,2150,11248,0.4,1.3,2.0,2.0,2.0,189,72,,,143,64,31,6,111,32,74,20,,,,,,,,0.02,0.22,0.24,1.21,0.0,0.42,0.83,1.25,5.83,3,1,58.0,0.0,0.0,0.0,0.0,0.0,0.0,0.0,0.0,0.0,0.0,1.0,0.0,8.0,2262.0,11811.0,0.0,0.0,0.0,0.0,0.81,0.0,0.0,0.0,0.0,5.0,2.0,4.0,7.0
474,Jair,Paula da Cunha Filho,Jair Cunha,a,,,4.5,540,144,0.2,340,124,3.3,95,36,8,0,0,0,0,1167,494,0.7,2.2,3.3,3.3,3.3,106,42,,,115,52,258,89,411,176,203,79,,,,,,,,0.01,0.0,0.01,1.09,0.0,0.33,1.0,1.0,9.33,3,8,90.0,0.0,0.0,1.0,0.0,0.0,0.0,0.0,0.0,0.0,0.0,1.0,0.0,24.0,1174.0,514.0,0.0,0.03,0.01,0.04,1.0599999999999996,0.0,0.0,0.0,0.0,2.0,10.0,2.0,12.0
475,Nicolò,Savona,Savona,i,Knee injury - Unknown return date,,4.5,515,135,0.0,643,213,0.0,482,185,0,0,0,0,0,13,7,0.0,0.0,0.0,0.0,0.0,482,185,0.0,0.0,443,178,445,179,387,168,453,178,,,,,,,,0.0,0.0,0.0,0.0,0.0,0.0,0.0,0.0,0.0,3,0,0.0,0.0,0.0,0.0,0.0,0.0,0.0,0.0,0.0,0.0,0.0,0.0,0.0,0.0,13.0,7.0,0.0,0.0,0.0,0.0,0.0,0.0,0.0,0.0,0.0,0.0,0.0,0.0,0.0
476,Omar,Richards,O.Richards,a,,,4.0,601,172,0.2,327,120,0.0,403,142,0,0,0,0,0,274,389,0.0,0.0,0.0,0.0,0.0,403,142,,,358,130,350,128,274,101,368,130,,,,,,,,0.0,0.0,0.0,0.0,0.0,0.0,0.0,0.0,0.0,3,0,0.0,0.0,0.0,0.0,0.0,0.0,0.0,0.0,0.0,0.0,0.0,0.0,0.0,0.0,280.0,402.0,0.0,0.0,0.0,0.0,0.0,0.0,0.0,0.0,0.0,0.0,0.0,0.0,0.0
477,Zach,Abbott,Abbott,u,Has joined Southampton on loan for the rest of the season,,4.0,636,198,0.2,339,123,0.0,428,158,0,0,0,0,0,0,1395,0.0,0.0,0.0,0.0,0.0,428,158,0.0,0.0,384,147,376,145,301,119,394,147,,,,,,,,0.0,0.0,0.0,0.0,0.0,0.0,0.0,0.0,0.0,3,0,0.0,0.0,0.0,0.0,0.0,0.0,0.0,0.0,0.0,0.0,0.0,0.0,0.0,0.0,0.0,1427.0,0.0,0.0,0.0,0.0,0.0,0.0,0.0,0.0,0.0,0.0,0.0,0.0,0.0
478,Luca,Netz,Netz,a,,,4.5,499,128,0.0,530,183,0.7,292,107,0,0,0,0,0,33,87,0.2,0.4,0.7,0.7,1.0,286,112,,,312,117,283,102,374,164,325,117,,,,,,,,0.0,0.0,0.0,0.58,0.0,0.0,4.5,0.0,4.5,3,0,0.0,0.0,0.0,0.0,0.0,0.0,0.0,0.0,0.0,0.0,0.0,0.0,0.0,0.0,33.0,90.0,0.0,0.0,0.0,0.0,0.0,0.0,0.0,0.0,0.0,0.0,0.0,0.0,0.0
479,Tyler,Bindon,Bindon,u,Has joined Charlton Athletic on loan for the rest of the season,,4.0,631,193,0.1,375,140,0.0,424,154,0,0,0,0,0,0,703,0.0,0.0,0.0,0.0,0.0,424,154,0.0,0.0,380,143,372,141,297,115,390,143,,,,,,,,0.0,0.0,0.0,0.0,0.0,0.0,0.0,0.0,0.0,3,0,0.0,0.0,0.0,0.0,0.0,0.0,0.0,0.0,0.0,0.0,0.0,0.0,0.0,0.0,0.0,720.0,0.0,0.0,0.0,0.0,0.0,0.0,0.0,0.0,0.0,0.0,0.0,0.0,0.0
480,Morgan,Gibbs-White,Gibbs-White,a,,,7.9,10,6,9.3,45,17,6.0,36,17,3,0,0,-1,1,28200,24016,0.8,2.3,6.0,6.0,6.0,41,19,100.0,100.0,40,18,119,73,58,33,57,37,,1.0,1.0,,,,,0.47,0.04,0.51,1.09,0.0,0.33,1.0,1.0,5.0,3,3,90.0,0.0,0.0,1.0,0.0,0.0,0.0,0.0,0.0,0.0,0.0,1.0,0.0,3.0,31267.0,25259.0,0.0,0.47999999999999987,0.009999999999999995,0.49,1.0599999999999996,0.0,0.0,0.0,0.0,2.0,0.0,5.0,7.0
482,Callum,Hudson-Odoi,Hudson-Odoi,a,,,5.9,93,60,0.2,346,127,0.3,376,176,0,0,0,-1,1,237,735,0.1,0.2,0.3,0.3,1.0,355,164,100.0,100.0,625,272,320,162,618,266,628,272,,4.0,,,,,,0.0,0.0,0.0,0.0,0.0,0.0,0.0,0.0,0.0,3,0,0.0,0.0,0.0,0.0,0.0,0.0,0.0,0.0,0.0,0.0,0.0,0.0,0.0,0.0,245.0,761.0,0.0,0.0,0.0,0.0,0.0,0.0,0.0,0.0,0.0,0.0,0.0,0.0,0.0
483,Dan,Ndoye,Ndoye,a,,,5.5,160,97,0.7,231,77,4.3,64,31,1,0,0,0,0,3382,2926,0.8,2.4,4.3,4.3,4.3,69,32,,,108,41,101,63,51,29,70,42,,,,,,,,0.17,0.31,0.48,1.21,0.0,0.49,0.49,1.47,8.32,3,1,58.0,0.0,0.0,0.0,0.0,0.0,0.0,0.0,0.0,0.0,0.0,1.0,0.0,5.0,3663.0,3006.0,0.0,0.0,0.0,0.0,0.81,0.0,0.0,0.0,0.0,1.0,0.0,4.0,5.0
484,Omari,Hutchinson,Hutchinson,u,Has joined AC Milan on loan for the rest of the season,,5.4,226,141,0.1,420,164,0.0,615,264,0,0,0,-1,1,0,831,0.0,0.0,0.0,0.0,0.0,615,264,0.0,0.0,596,254,601,258,579,241,603,256,,,,,,,,0.0,0.0,0.0,0.0,0.0,0.0,0.0,0.0,0.0,3,0,0.0,0.0,0.0,0.0,0.0,0.0,0.0,0.0,0.0,0.0,0.0,0.0,0.0,0.0,0.0,877.0,0.0,0.0,0.0,0.0,0.0,0.0,0.0,0.0,0.0,0.0,0.0,0.0,0.0
485,Dilane,Bakwa,Bakwa,u,Has joined Lille on loan for the rest of the season,,5.5,168,102,0.0,616,263,0.0,625,271,0,0,0,0,0,0,46,0.0,0.0,0.0,0.0,0.0,625,271,0.0,0.0,613,265,617,266,605,258,618,266,,,,,,,,0.0,0.0,0.0,0.0,0.0,0.0,0.0,0.0,0.0,3,0,0.0,0.0,0.0,0.0,0.0,0.0,0.0,0.0,0.0,0.0,0.0,0.0,0.0,0.0,0.0,47.0,0.0,0.0,0.0,0.0,0.0,0.0,0.0,0.0,0.0,0.0,0.0,0.0,0.0
486,James,McAtee,McAtee,a,,,5.5,152,92,0.1,452,179,2.3,160,68,2,0,0,0,0,476,278,0.4,1.3,2.3,2.3,2.3,176,74,,,176,68,17,16,600,253,97,50,1.0,,,,,,,0.05,0.19,0.24,1.12,0.0,0.71,0.71,1.07,8.18,3,2,90.0,0.0,0.0,1.0,0.0,0.0,0.0,0.0,1.0,0.0,0.0,1.0,0.0,22.0,491.0,286.0,0.0,0.13,0.22000000000000003,0.35000000000000003,1.06,0.0,0.0,0.0,0.0,3.0,0.0,4.0,7.0
487,Nicolás,Domínguez,Dominguez,a,,,4.9,394,240,0.1,475,188,0.3,346,156,0,-1,1,-1,1,91,189,0.1,0.2,0.3,0.3,1.0,295,123,,,334,153,501,202,449,162,510,199,,,,,,,,0.0,0.0,0.0,0.0,0.0,0.0,0.0,0.0,0.0,3,0,0.0,0.0,0.0,0.0,0.0,0.0,0.0,0.0,0.0,0.0,0.0,0.0,0.0,0.0,95.0,197.0,0.0,0.0,0.0,0.0,0.0,0.0,0.0,0.0,0.0,0.0,0.0,0.0,0.0
488,Ibrahim,Sangaré,I.Sangaré,a,,,4.9,386,234,0.6,241,81,0.7,294,132,0,0,0,-1,1,872,1772,0.1,0.4,0.7,0.7,2.0,196,83,100.0,100.0,190,73,160,97,210,101,209,93,,,,,,,,0.03,0.01,0.04,0.47,0.0,0.0,1.0,1.0,6.0,3,0,0.0,0.0,0.0,0.0,0.0,0.0,0.0,0.0,0.0,0.0,0.0,0.0,0.0,0.0,935.0,1921.0,0.0,0.0,0.0,0.0,0.0,0.0,0.0,0.0,0.0,0.0,0.0,0.0,0.0
489,Ryan,Yates,Yates,a,,,4.5,460,261,1.4,152,46,0.0,457,184,0,0,0,0,0,2601,3898,0.0,0.0,0.0,0.0,0.0,457,184,100.0,100.0,417,162,412,171,347,128,427,167,,,,,,,,0.0,0.0,0.0,0.0,0.0,0.0,0.0,0.0,0.0,3,0,0.0,0.0,0.0,0.0,0.0,0.0,0.0,0.0,0.0,0.0,0.0,0.0,0.0,0.0,2671.0,3986.0,0.0,0.0,0.0,0.0,0.0,0.0,0.0,0.0,0.0,0.0,0.0,0.0,0.0
490,Chris,Wood,Wood,a,,,5.9,87,22,1.2,176,27,0.7,322,39,1,0,0,-1,1,1572,5149,0.1,0.3,0.7,0.7,1.0,352,41,,,623,69,236,33,213,34,320,37,,,2.0,,,,,0.25,0.02,0.27,0.82,0.0,0.0,2.05,0.0,2.05,3,1,16.0,0.0,0.0,0.0,0.0,0.0,0.0,0.0,0.0,0.0,0.0,0.0,0.0,3.0,1617.0,5403.0,0.0,0.0,0.0,0.0,0.18000000000000002,0.0,0.0,0.0,0.0,0.0,0.0,0.0,0.0
491,Igor Jesus,Maciel da Cruz,Igor Jesus,a,,,5.9,105,28,2.9,108,16,1.3,232,23,1,0,0,-1,1,3872,16223,0.2,0.7,1.3,1.3,1.3,256,30,,,213,18,125,12,14,6,66,10,,,4.0,,,,,0.41,0.03,0.44,1.06,0.0,0.0,1.28,0.85,3.84,3,1,31.0,0.0,0.0,0.0,0.0,0.0,0.0,0.0,0.0,0.0,0.0,0.0,0.0,3.0,4074.0,16782.0,0.0,0.0,0.0,0.0,0.2599999999999998,0.0,0.0,0.0,0.0,1.0,0.0,0.0,1.0
493,Arnaud,Kalimuendo,Kalimuendo,a,,,5.4,218,49,0.1,491,67,0.3,368,43,0,0,0,-1,1,605,229,0.1,0.2,0.3,0.3,1.0,331,35,,,590,62,596,67,572,64,597,67,,,,,,,,0.0,0.0,0.0,0.0,0.0,0.0,0.0,0.0,0.0,3,0,0.0,0.0,0.0,0.0,0.0,0.0,0.0,0.0,0.0,0.0,0.0,0.0,0.0,0.0,617.0,236.0,0.0,0.0,0.0,0.0,0.0,0.0,0.0,0.0,0.0,0.0,0.0,0.0,0.0
558,Xaver,Schlager,Schlager,a,,,5.0,265,164,0.1,425,169,2.7,127,52,3,0,0,0,0,239,244,0.5,1.6,2.7,2.7,2.7,144,58,,,169,62,260,135,154,76,212,94,3.0,,,,,,,0.04,0.03,0.07,1.35,0.0,0.46,1.38,0.92,11.94,3,3,90.0,0.0,0.0,1.0,0.0,0.0,0.0,0.0,0.0,0.0,0.0,1.0,0.0,18.0,250.0,257.0,0.0,0.03,0.06,0.09000000000000001,1.06,0.0,0.0,0.0,0.0,4.0,3.0,3.0,10.0
581,Ousmane,Diomande,Diomande,a,,,5.4,231,32,0.6,243,90,0.3,372,135,1,0,0,-1,1,449,1998,0.1,0.2,0.3,0.3,1.0,338,127,,,599,210,602,210,582,208,605,210,,,,,,,,0.0,0.0,0.0,0.0,0.0,0.0,0.0,0.0,0.0,3,1,1.0,0.0,0.0,0.0,0.0,0.0,0.0,0.0,0.0,0.0,0.0,0.0,0.0,3.0,461.0,2078.0,0.0,0.0,0.0,0.0,0.0,0.0,0.0,0.0,0.0,0.0,0.0,0.0,0.0
590,Steven,Benda,Benda,a,,,4.5,485,38,0.1,469,53,0.0,467,58,0,0,0,0,0,146,164,0.0,0.0,0.0,0.0,0.0,467,58,,,428,58,425,40,364,39,438,58,,,,,,,,0.0,0.0,0.0,0.0,0.0,0.0,0.0,0.0,0.0,3,0,0.0,0.0,0.0,0.0,0.0,0.0,0.0,0.0,0.0,0.0,0.0,0.0,0.0,0.0,149.0,168.0,0.0,0.0,0.0,0.0,0.0,0.0,0.0,0.0,0.0,0.0,0.0,0.0,0.0
112,Jan Paul,van Hecke,Van Hecke,a,,,4.9,402,74,7.2,58,23,3.3,96,37,8,0,0,-1,1,4727,17264,0.7,2.0,3.3,3.3,3.3,107,43,,,45,14,141,43,55,11,62,15,,,,,,,,0.07,0.02,0.09,1.84,0.0,0.33,1.67,1.0,7.0,3,8,90.0,0.0,0.0,1.0,0.0,0.0,0.0,0.0,0.0,0.0,0.0,1.0,2.0,29.0,5295.0,19162.0,0.0,0.09000000000000001,0.010000000000000009,0.1,0.9199999999999999,0.0,0.0,0.0,0.0,1.0,3.0,4.0,4.0
147,Tosin,Adarabioyo,Tosin,a,,,4.4,568,152,0.2,352,130,0.0,442,171,0,-1,1,-1,1,184,414,0.0,0.0,0.0,0.0,0.0,442,171,,,398,160,390,158,318,135,408,160,,,,,,,,0.0,0.0,0.0,0.0,0.0,0.0,0.0,0.0,0.0,3,0,0.0,0.0,0.0,0.0,0.0,0.0,0.0,0.0,0.0,0.0,0.0,0.0,0.0,0.0,185.0,434.0,0.0,0.0,0.0,0.0,0.0,0.0,0.0,0.0,0.0,0.0,0.0,0.0,0.0
401,Omar,Marmoush,Marmoush,a,,,7.0,28,9,2.2,119,17,1.3,241,27,2,0,0,0,0,11504,10475,0.2,0.6,1.3,1.3,2.0,225,25,,,238,21,63,4,68,15,119,16,,5.0,2.0,,,,,0.18,0.04,0.22,0.83,0.0,0.52,1.04,1.04,2.08,3,2,83.0,0.0,0.0,1.0,0.0,0.0,0.0,0.0,0.0,0.0,0.0,1.0,0.0,6.0,12040.0,10677.0,0.0,0.17,0.009999999999999995,0.18,0.8800000000000001,0.0,0.0,0.0,0.0,0.0,0.0,0.0,0.0
403,Sávio,Moreira de Oliveira,Sávio,a,,,6.5,44,30,0.7,230,76,1.0,279,129,3,0,0,0,0,3028,2985,0.2,0.5,1.0,1.0,3.0,141,56,100.0,100.0,647,287,647,287,646,286,647,287,4.0,,,,,,,0.03,0.4,0.43,0.74,0.0,1.5,0.0,1.5,0.0,3,3,60.0,0.0,0.0,1.0,0.0,0.0,0.0,0.0,0.0,0.0,0.0,1.0,0.0,15.0,3197.0,3181.0,0.0,0.02,0.27,0.29,0.49,0.0,0.0,0.0,0.0,0.0,0.0,0.0,0.0
455,Sandro,Tonali,Tonali,a,,,5.4,211,131,2.8,110,33,3.0,119,48,5,0,0,-1,1,3497,8664,0.6,1.7,3.0,3.0,3.0,134,53,,,227,94,73,47,130,66,152,72,,6.0,,,,,,0.03,0.03,0.06,1.95,0.0,0.35,1.77,1.06,7.09,3,5,90.0,0.0,0.0,1.0,0.0,0.0,0.0,0.0,0.0,0.0,0.0,1.0,0.0,22.0,3583.0,9306.0,0.0,0.0,0.009999999999999995,0.009999999999999981,0.9199999999999999,0.0,0.0,0.0,0.0,4.0,4.0,4.0,12.0
494,Guglielmo,Vicario,Vicario,u,Has joined Juventus on loan for the rest of the season,,4.5,452,33,0.2,350,39,0.0,455,54,0,0,0,0,0,0,775,0.0,0.0,0.0,0.0,0.0,455,54,0.0,0.0,414,54,409,35,343,34,424,54,,,,,,,,0.0,0.0,0.0,0.0,0.0,0.0,0.0,0.0,0.0,3,0,0.0,0.0,0.0,0.0,0.0,0.0,0.0,0.0,0.0,0.0,0.0,0.0,0.0,0.0,0.0,790.0,0.0,0.0,0.0,0.0,0.0,0.0,0.0,0.0,0.0,0.0,0.0,0.0,0.0
495,Brandon,Austin,Austin,a,,,4.0,602,62,1.0,197,31,0.0,404,36,0,0,0,0,0,2011,1096,0.0,0.0,0.0,0.0,0.0,404,36,,,359,36,351,15,275,14,369,36,,,,,,,,0.0,0.0,0.0,0.0,0.0,0.0,0.0,0.0,0.0,3,0,0.0,0.0,0.0,0.0,0.0,0.0,0.0,0.0,0.0,0.0,0.0,0.0,0.0,0.0,2108.0,1155.0,0.0,0.0,0.0,0.0,0.0,0.0,0.0,0.0,0.0,0.0,0.0,0.0,0.0
496,Antonín,Kinský,Kinsky,a,,,4.5,503,42,19.1,15,3,3.0,109,10,6,0,0,0,0,15935,48647,0.7,2.0,3.0,3.0,3.0,121,10,,,67,9,435,44,377,43,177,10,,,,,,,,0.0,0.0,0.0,1.84,2.0,0.33,1.67,1.0,0.0,3,6,90.0,0.0,0.0,1.0,0.0,0.0,0.0,0.0,0.0,0.0,1.0,1.0,0.0,24.0,16441.0,52486.0,0.0,0.0,0.0,0.0,0.9199999999999999,0.0,0.0,0.0,0.0,0.0,2.0,8.0,0.0
498,Marcos,Senesi Barón,Senesi,a,,,5.9,95,9,5.2,69,28,1.0,273,96,0,0,0,-1,1,999,28483,0.2,0.5,1.0,1.0,3.0,138,56,,,111,50,243,80,620,212,198,75,,,,,,,,0.0,0.02,0.02,3.87,0.0,0.0,3.0,1.0,16.0,3,0,0.0,0.0,0.0,0.0,0.0,0.0,0.0,0.0,0.0,0.0,0.0,0.0,0.0,0.0,1023.0,29671.0,0.0,0.0,0.0,0.0,0.0,0.0,0.0,0.0,0.0,0.0,0.0,0.0,0.0
499,Pedro,Porro Sauceda,Pedro Porro,a,,,5.5,157,19,11.5,35,13,2.7,133,53,7,0,0,0,0,12416,15751,0.5,1.5,2.7,2.7,4.0,84,36,100.0,100.0,236,96,196,63,87,22,200,77,3.0,1.0,,,,,,0.18,0.08,0.26,0.82,0.0,0.5,1.0,1.0,4.0,3,7,90.0,0.0,0.0,1.0,0.0,0.0,0.0,0.0,0.0,0.0,0.0,1.0,1.0,28.0,12661.0,17252.0,0.0,0.02999999999999997,0.06,0.09000000000000002,0.9199999999999999,0.0,0.0,0.0,0.0,1.0,3.0,3.0,4.0
500,Cristian,Romero,Romero,u,Has joined Atletico Madrid permanently,,5.0,278,45,0.1,419,149,0.0,560,203,0,0,0,0,0,0,448,0.0,0.0,0.0,0.0,0.0,560,203,0.0,0.0,532,201,535,201,492,194,540,201,,,,,,,,0.0,0.0,0.0,0.0,0.0,0.0,0.0,0.0,0.0,3,0,0.0,0.0,0.0,0.0,0.0,0.0,0.0,0.0,0.0,0.0,0.0,0.0,0.0,0.0,0.0,455.0,0.0,0.0,0.0,0.0,0.0,0.0,0.0,0.0,0.0,0.0,0.0,0.0,0.0
502,Andrew,Robertson,Robertson,a,,,4.5,440,86,3.1,102,40,2.0,171,67,1,0,0,0,0,1347,14423,0.4,1.3,2.0,2.0,2.0,188,71,,,81,35,57,12,69,14,61,14,1.0,,,,,,,0.03,0.04,0.07,2.31,0.0,0.0,1.94,0.97,7.26,3,1,29.0,0.0,0.0,0.0,0.0,0.0,0.0,0.0,0.0,0.0,0.0,0.0,0.0,3.0,1423.0,15043.0,0.0,0.0,0.0,0.0,0.4300000000000006,0.0,0.0,0.0,0.0,0.0,1.0,1.0,1.0
497,Martin,Dubravka,Dubravka,a,,,4.0,580,53,18.0,20,4,0.0,389,27,0,0,0,0,0,25431,21699,0.0,0.0,0.0,0.0,0.0,389,27,,,344,27,334,6,256,5,353,27,,,,,,,,0.0,0.0,0.0,0.0,0.0,0.0,0.0,0.0,0.0,3,0,0.0,0.0,0.0,0.0,0.0,0.0,0.0,0.0,0.0,0.0,0.0,0.0,0.0,0.0,27296.0,23018.0,0.0,0.0,0.0,0.0,0.0,0.0,0.0,0.0,0.0,0.0,0.0,0.0,0.0
503,Micky,van de Ven,Van de Ven,a,,,5.0,324,59,3.7,89,35,3.0,115,46,9,0,0,0,0,6751,5413,0.6,1.8,3.0,3.0,4.5,63,25,100.0,100.0,205,86,246,83,526,201,272,99,,,,,,,,0.28,0.01,0.29,0.82,0.0,0.5,1.0,1.0,8.5,3,9,90.0,0.0,0.0,1.0,0.0,0.0,0.0,0.0,0.0,0.0,0.0,1.0,3.0,30.0,6824.0,5814.0,0.0,0.57,0.0,0.57,0.9199999999999999,0.0,0.0,0.0,0.0,3.0,6.0,4.0,9.0
505,Djed,Spence,Spence,u,Has joined Internazionale permanently,,4.5,474,111,0.3,295,109,0.0,463,176,0,0,0,0,0,0,1820,0.0,0.0,0.0,0.0,0.0,463,176,0.0,0.0,423,168,419,168,356,153,433,168,,,,,,,,0.0,0.0,0.0,0.0,0.0,0.0,0.0,0.0,0.0,3,0,0.0,0.0,0.0,0.0,0.0,0.0,0.0,0.0,0.0,0.0,0.0,0.0,0.0,0.0,0.0,1863.0,0.0,0.0,0.0,0.0,0.0,0.0,0.0,0.0,0.0,0.0,0.0,0.0,0.0
506,Destiny,Udogie,Udogie,a,,,4.5,504,131,0.4,267,98,2.3,150,62,5,0,0,0,0,376,720,0.5,1.6,2.3,2.3,2.3,167,67,,,267,102,168,51,222,83,260,96,,,,,,,,0.0,0.24,0.24,1.22,0.0,1.05,1.05,1.05,4.19,3,5,60.0,0.0,0.0,1.0,0.0,0.0,0.0,0.0,1.0,0.0,0.0,1.0,0.0,16.0,384.0,762.0,0.0,0.0,0.020000000000000018,0.020000000000000018,0.4899999999999999,0.0,0.0,0.0,0.0,0.0,3.0,1.0,3.0
507,Ashley,Phillips,Phillips,u,Has joined Middlesbrough permanently,,4.5,526,139,0.0,579,197,0.0,492,188,0,0,0,0,0,0,37,0.0,0.0,0.0,0.0,0.0,492,188,0.0,0.0,454,182,456,183,398,172,464,182,,,,,,,,0.0,0.0,0.0,0.0,0.0,0.0,0.0,0.0,0.0,3,0,0.0,0.0,0.0,0.0,0.0,0.0,0.0,0.0,0.0,0.0,0.0,0.0,0.0,0.0,0.0,37.0,0.0,0.0,0.0,0.0,0.0,0.0,0.0,0.0,0.0,0.0,0.0,0.0,0.0
508,Ben,Davies,Davies,a,,,4.0,588,163,0.9,199,76,0.0,396,139,0,0,0,0,0,662,1938,0.0,0.0,0.0,0.0,0.0,396,139,,,351,127,341,123,263,94,360,126,,,,,,,,0.0,0.0,0.0,0.0,0.0,0.0,0.0,0.0,0.0,3,0,0.0,0.0,0.0,0.0,0.0,0.0,0.0,0.0,0.0,0.0,0.0,0.0,0.0,0.0,694.0,2004.0,0.0,0.0,0.0,0.0,0.0,0.0,0.0,0.0,0.0,0.0,0.0,0.0,0.0
509,Jun'ai,Byfield,Byfield,a,,,4.0,650,211,0.1,487,172,0.0,438,167,0,0,0,0,0,170,142,0.0,0.0,0.0,0.0,0.0,438,167,,,394,156,386,154,314,131,404,156,,,,,,,,0.0,0.0,0.0,0.0,0.0,0.0,0.0,0.0,0.0,3,0,0.0,0.0,0.0,0.0,0.0,0.0,0.0,0.0,0.0,0.0,0.0,0.0,0.0,0.0,181.0,145.0,0.0,0.0,0.0,0.0,0.0,0.0,0.0,0.0,0.0,0.0,0.0,0.0,0.0
510,James,Rowswell,Rowswell,a,,,4.0,627,190,0.1,443,157,0.0,420,151,0,0,0,0,0,195,173,0.0,0.0,0.0,0.0,0.0,420,151,,,376,140,368,138,293,112,386,140,,,,,,,,0.0,0.0,0.0,0.0,0.0,0.0,0.0,0.0,0.0,3,0,0.0,0.0,0.0,0.0,0.0,0.0,0.0,0.0,0.0,0.0,0.0,0.0,0.0,0.0,207.0,179.0,0.0,0.0,0.0,0.0,0.0,0.0,0.0,0.0,0.0,0.0,0.0,0.0,0.0
511,João Victor,de Souza Menezes,Souza,u,Has joined FC Porto on loan for the rest of the season,,4.0,649,210,0.2,324,117,0.0,437,166,0,0,0,0,0,0,1539,0.0,0.0,0.0,0.0,0.0,437,166,0.0,0.0,393,155,385,153,313,130,403,155,,,,,,,,0.0,0.0,0.0,0.0,0.0,0.0,0.0,0.0,0.0,3,0,0.0,0.0,0.0,0.0,0.0,0.0,0.0,0.0,0.0,0.0,0.0,0.0,0.0,0.0,0.0,1573.0,0.0,0.0,0.0,0.0,0.0,0.0,0.0,0.0,0.0,0.0,0.0,0.0,0.0
512,Mohammed,Kudus,Kudus,a,,,6.5,41,28,0.1,402,153,0.7,330,153,1,0,0,0,0,742,607,0.1,0.3,0.7,0.7,1.0,368,174,100.0,100.0,326,148,225,122,145,72,276,123,6.0,3.0,3.0,,,,,0.07,0.3,0.37,1.18,0.0,0.0,1.76,0.0,8.82,3,1,29.0,0.0,0.0,0.0,0.0,0.0,0.0,0.0,0.0,0.0,0.0,0.0,0.0,13.0,771.0,613.0,0.0,0.0,0.16,0.15999999999999998,0.43000000000000005,0.0,0.0,0.0,0.0,0.0,0.0,3.0,3.0
513,Xavi,Simons,Xavi,i,Knee injury - Unknown return date,,6.0,76,51,0.0,592,247,0.0,640,281,0,0,0,0,0,23,66,0.0,0.0,0.0,0.0,0.0,640,281,0.0,0.0,636,280,637,280,632,276,637,280,,2.0,4.0,,,,,0.0,0.0,0.0,0.0,0.0,0.0,0.0,0.0,0.0,3,0,0.0,0.0,0.0,0.0,0.0,0.0,0.0,0.0,0.0,0.0,0.0,0.0,0.0,0.0,23.0,66.0,0.0,0.0,0.0,0.0,0.0,0.0,0.0,0.0,0.0,0.0,0.0,0.0,0.0
514,Mathys,Tel,Tel,a,,,5.9,108,69,0.3,299,103,2.3,164,72,3,0,0,-1,1,343,1739,0.4,1.2,2.3,2.3,2.3,180,78,,,211,85,86,54,38,22,86,48,5.0,4.0,,,,,,0.08,0.05,0.13,2.0,0.0,0.39,1.57,1.17,5.09,3,3,73.0,0.0,0.0,1.0,0.0,0.0,0.0,0.0,0.0,0.0,0.0,1.0,0.0,11.0,356.0,1956.0,0.0,0.0,0.05000000000000002,0.050000000000000044,0.7600000000000007,0.0,0.0,0.0,0.0,0.0,0.0,2.0,2.0
515,James,Maddison,Maddison,d,Shoulder injury - 75% chance of playing,,6.4,48,33,0.5,249,83,0.3,382,179,0,0,0,-1,1,39,3843,0.0,0.2,0.2,0.2,1.0,364,170,75.0,75.0,281,129,194,108,163,79,256,115,,,,,,,,0.0,0.04,0.04,3.48,0.0,0.0,0.0,0.0,8.18,3,0,0.0,0.0,0.0,0.0,0.0,0.0,0.0,0.0,0.0,0.0,0.0,0.0,0.0,0.0,39.0,4083.0,0.0,0.0,0.0,0.0,0.0,0.0,0.0,0.0,0.0,0.0,0.0,0.0,0.0
516,Rodrigo,Bentancur,Bentancur,a,,,5.5,138,84,0.2,349,129,2.7,131,54,5,0,0,0,0,280,296,0.5,1.5,2.7,2.7,2.7,148,60,,,193,75,118,72,593,248,193,87,,,,,,,,0.01,0.02,0.03,1.53,0.0,0.4,1.2,0.8,13.2,3,5,90.0,0.0,0.0,1.0,0.0,0.0,0.0,0.0,0.0,0.0,0.0,1.0,0.0,14.0,286.0,315.0,0.0,0.02,0.010000000000000002,0.03,0.9199999999999999,0.0,0.0,0.0,0.0,1.0,11.0,5.0,17.0
518,Pape Matar,Sarr,P.M.Sarr,u,Has joined Juventus on loan for the rest of the season,,4.9,403,243,0.1,397,150,0.0,540,217,0,0,0,-1,1,0,1618,0.0,0.0,0.0,0.0,0.0,540,217,0.0,0.0,507,197,508,205,456,165,517,202,,,,,,,,0.0,0.0,0.0,0.0,0.0,0.0,0.0,0.0,0.0,3,0,0.0,0.0,0.0,0.0,0.0,0.0,0.0,0.0,0.0,0.0,0.0,0.0,0.0,0.0,0.0,1649.0,0.0,0.0,0.0,0.0,0.0,0.0,0.0,0.0,0.0,0.0,0.0,0.0,0.0
519,Conor,Gallagher,Gallagher,a,,,5.4,207,128,0.2,334,120,1.0,261,117,3,0,0,-1,1,224,538,0.2,0.6,1.0,1.0,1.5,243,109,,,586,247,206,113,250,122,312,143,,,,,,,,0.01,0.08,0.09,1.81,0.0,0.7,1.41,1.41,9.84,3,3,83.0,0.0,0.0,1.0,0.0,0.0,0.0,0.0,0.0,0.0,0.0,1.0,0.0,23.0,230.0,574.0,0.0,0.0,0.06,0.06000000000000001,0.8800000000000001,0.0,0.0,0.0,0.0,4.0,1.0,6.0,11.0
520,Lucas,Bergvall,Bergvall,a,,,5.4,232,146,0.2,353,130,0.3,373,173,0,0,0,-1,1,105,499,0.1,0.2,0.3,0.3,1.0,339,154,,,600,257,249,130,239,115,606,258,,,,,,,,0.0,0.02,0.02,3.4,0.0,0.0,4.0,2.0,16.0,3,0,0.0,0.0,0.0,0.0,0.0,0.0,0.0,0.0,0.0,0.0,0.0,0.0,0.0,0.0,107.0,522.0,0.0,0.0,0.0,0.0,0.0,0.0,0.0,0.0,0.0,0.0,0.0,0.0,0.0
521,Dejan,Kulusevski,Kulusevski,i,Knee injury - Unknown return date,,6.5,39,27,0.0,607,258,0.0,646,287,0,0,0,0,0,26,55,0.0,0.0,0.0,0.0,0.0,646,287,0.0,0.0,645,286,645,286,644,285,645,286,,,,,,,,0.0,0.0,0.0,0.0,0.0,0.0,0.0,0.0,0.0,3,0,0.0,0.0,0.0,0.0,0.0,0.0,0.0,0.0,0.0,0.0,0.0,0.0,0.0,0.0,27.0,55.0,0.0,0.0,0.0,0.0,0.0,0.0,0.0,0.0,0.0,0.0,0.0,0.0,0.0
522,Archie,Gray,Gray,a,,,5.0,352,213,0.2,338,124,1.3,227,102,0,0,0,0,0,304,855,0.3,0.8,1.3,1.3,2.0,206,90,,,248,107,212,117,542,216,285,128,,,,,,,,0.0,0.01,0.01,2.32,0.0,0.0,2.37,1.18,6.51,3,0,0.0,0.0,0.0,0.0,0.0,0.0,0.0,0.0,0.0,0.0,0.0,0.0,0.0,0.0,314.0,877.0,0.0,0.0,0.0,0.0,0.0,0.0,0.0,0.0,0.0,0.0,0.0,0.0,0.0
517,Wilson,Odobert,Odobert,i,Knee injury - Unknown return date,,5.5,186,115,0.0,650,288,0.0,626,272,0,0,0,0,0,10,5,0.0,0.0,0.0,0.0,0.0,626,272,0.0,0.0,617,269,621,270,610,262,621,269,,,,,,,,0.0,0.0,0.0,0.0,0.0,0.0,0.0,0.0,0.0,3,0,0.0,0.0,0.0,0.0,0.0,0.0,0.0,0.0,0.0,0.0,0.0,0.0,0.0,0.0,11.0,5.0,0.0,0.0,0.0,0.0,0.0,0.0,0.0,0.0,0.0,0.0,0.0,0.0,0.0
523,Mikey,Moore,Moore,u,Has joined FC Köln on loan for the rest of the season,,5.0,331,196,0.1,410,158,1.0,259,115,0,0,0,0,0,0,1849,0.2,0.6,0.0,0.0,1.5,242,108,0.0,0.0,210,84,200,110,27,17,112,57,,,,,,,,0.4,0.02,0.42,3.3,0.0,0.0,4.04,1.01,3.03,3,0,0.0,0.0,0.0,0.0,0.0,0.0,0.0,0.0,0.0,0.0,0.0,0.0,0.0,0.0,0.0,1935.0,0.0,0.0,0.0,0.0,0.0,0.0,0.0,0.0,0.0,0.0,0.0,0.0,0.0
524,Callum,Olusesi,Olusesi,a,,,4.5,513,270,0.7,229,75,0.0,480,191,0,0,0,0,0,381,1597,0.0,0.0,0.0,0.0,0.0,480,191,,,441,169,443,178,385,136,451,174,,,,,,,,0.0,0.0,0.0,0.0,0.0,0.0,0.0,0.0,0.0,3,0,0.0,0.0,0.0,0.0,0.0,0.0,0.0,0.0,0.0,0.0,0.0,0.0,0.0,0.0,394.0,1640.0,0.0,0.0,0.0,0.0,0.0,0.0,0.0,0.0,0.0,0.0,0.0,0.0,0.0
525,Mateus,Fernandes,Fernandes,a,,,5.9,110,70,1.1,178,55,1.0,276,127,0,0,0,-1,1,519,7846,0.2,0.5,1.0,1.0,1.0,359,167,,,173,65,11,11,214,103,71,43,2.0,,,,,,,0.01,0.15,0.16,1.86,0.0,0.0,1.9,0.63,6.34,3,0,7.0,0.0,0.0,0.0,0.0,0.0,0.0,0.0,1.0,0.0,0.0,0.0,0.0,-1.0,551.0,8121.0,0.0,0.0,0.0,0.0,0.040000000000000036,0.0,0.0,0.0,0.0,0.0,0.0,0.0,0.0
526,Dominic,Solanke-Mitchell,Solanke,a,,,5.9,89,23,1.0,191,31,1.0,272,33,1,0,0,-1,1,1927,4757,0.2,0.5,1.0,1.0,1.0,353,42,,,300,30,319,40,142,25,278,33,,,1.0,,,,,0.92,0.0,0.92,1.86,0.0,0.0,0.0,0.0,2.09,3,1,6.0,0.0,0.0,0.0,0.0,0.0,0.0,0.0,0.0,0.0,0.0,0.0,0.0,-1.0,1970.0,4968.0,0.0,0.16999999999999998,0.0,0.16999999999999998,0.040000000000000036,0.0,0.0,0.0,0.0,0.0,1.0,0.0,1.0
527,Richarlison,de Andrade,Richarlison,u,not included in squad.,,5.9,94,25,1.4,156,23,0.7,325,40,0,0,0,-1,1,0,22767,0.1,0.3,0.0,0.0,2.0,216,21,0.0,0.0,626,71,242,34,619,72,337,39,,,,,,,,0.0,0.0,0.0,4.06,0.0,0.0,4.03,1.34,1.34,3,0,0.0,0.0,0.0,0.0,0.0,0.0,0.0,0.0,0.0,0.0,0.0,0.0,0.0,0.0,0.0,24081.0,0.0,0.0,0.0,0.0,0.0,0.0,0.0,0.0,0.0,0.0,0.0,0.0,0.0
528,Dane,Scarlett,Scarlett,u,Has joined Leyton Orient permanently,,4.5,508,66,1.6,144,22,0.0,475,46,0,0,0,0,0,0,10391,0.0,0.0,0.0,0.0,0.0,475,46,0.0,0.0,436,36,438,42,380,38,446,41,,,,,,,,0.0,0.0,0.0,0.0,0.0,0.0,0.0,0.0,0.0,3,0,0.0,0.0,0.0,0.0,0.0,0.0,0.0,0.0,0.0,0.0,0.0,0.0,0.0,0.0,0.0,10609.0,0.0,0.0,0.0,0.0,0.0,0.0,0.0,0.0,0.0,0.0,0.0,0.0,0.0
578,Mykhailo,Mudryk,Mudryk,a,,,5.4,219,135,0.1,466,184,0.3,369,170,1,0,0,-1,1,823,360,0.1,0.2,0.3,0.3,1.0,332,149,,,591,249,597,254,573,235,598,251,,,,,,,,0.0,0.0,0.0,0.9,0.0,0.0,0.0,0.0,0.0,3,1,16.0,0.0,0.0,0.0,0.0,0.0,0.0,0.0,0.0,0.0,0.0,0.0,0.0,3.0,851.0,369.0,0.0,0.0,0.0,0.0,0.16,0.0,0.0,0.0,0.0,0.0,0.0,0.0,0.0
501,Kevin,Danso,Danso,a,,,5.0,248,38,0.2,357,133,0.7,302,112,2,0,0,0,0,463,397,0.1,0.4,0.7,0.7,2.0,198,77,,,521,198,523,198,477,191,530,198,,,,,,,,0.0,0.08,0.08,1.21,0.0,0.0,1.0,1.0,8.0,3,2,90.0,0.0,0.0,0.0,1.0,0.0,0.0,0.0,0.0,0.0,0.0,1.0,0.0,9.0,475.0,414.0,0.0,0.0,0.08,0.08,1.21,0.0,0.0,0.0,0.0,1.0,7.0,3.0,8.0
529,Robin,Roefs,Roefs,a,,,5.0,329,16,3.3,97,17,3.0,116,13,2,0,0,0,0,641,10706,0.6,1.8,3.0,3.0,3.0,130,13,,,181,19,565,66,530,66,262,19,,,,,,,,0.0,0.0,0.0,1.32,0.67,0.33,1.0,1.0,0.0,3,2,90.0,0.0,0.0,0.0,1.0,0.0,0.0,0.0,0.0,0.0,1.0,1.0,0.0,11.0,714.0,11355.0,0.0,0.0,0.0,0.0,1.21,0.0,0.0,0.0,0.0,0.0,1.0,13.0,0.0
530,Anthony,Patterson,Patterson,u,Has joined Wrexham permanently,,4.0,608,63,0.1,384,45,0.0,407,37,0,0,0,0,0,0,277,0.0,0.0,0.0,0.0,0.0,407,37,0.0,0.0,362,37,354,16,278,15,372,37,,,,,,,,0.0,0.0,0.0,0.0,0.0,0.0,0.0,0.0,0.0,3,0,0.0,0.0,0.0,0.0,0.0,0.0,0.0,0.0,0.0,0.0,0.0,0.0,0.0,0.0,0.0,282.0,0.0,0.0,0.0,0.0,0.0,0.0,0.0,0.0,0.0,0.0,0.0,0.0,0.0
531,Melker,Ellborg,Ellborg,a,,,4.5,520,45,0.1,448,49,0.0,486,61,0,0,0,0,0,59,150,0.0,0.0,0.0,0.0,0.0,486,61,,,448,61,450,47,392,46,458,61,,,,,,,,0.0,0.0,0.0,0.0,0.0,0.0,0.0,0.0,0.0,3,0,0.0,0.0,0.0,0.0,0.0,0.0,0.0,0.0,0.0,0.0,0.0,0.0,0.0,0.0,61.0,155.0,0.0,0.0,0.0,0.0,0.0,0.0,0.0,0.0,0.0,0.0,0.0,0.0,0.0
532,Daniel,Ballard,Ballard,a,,,5.0,282,48,3.8,87,34,4.0,74,30,4,0,0,0,0,1864,21969,0.8,2.4,4.0,4.0,4.0,80,33,,,85,38,235,76,170,59,169,62,,,,,,,,0.03,0.05,0.08,1.32,0.0,0.33,1.0,1.0,9.67,3,4,90.0,0.0,0.0,0.0,1.0,0.0,0.0,0.0,0.0,0.0,0.0,1.0,0.0,12.0,1960.0,24364.0,0.0,0.06,0.13999999999999999,0.19999999999999998,1.21,0.0,0.0,0.0,0.0,2.0,8.0,5.0,10.0
536,Reinildo,Mandava,Reinildo,a,,,4.5,486,120,0.4,273,100,3.0,108,42,2,0,0,0,0,233,966,0.7,2.0,3.0,3.0,3.0,120,49,,,95,43,70,18,185,64,101,36,,,,,,,,0.0,0.1,0.1,1.32,0.0,0.33,1.0,1.0,7.33,3,2,90.0,0.0,0.0,0.0,1.0,0.0,0.0,0.0,0.0,0.0,0.0,1.0,0.0,14.0,250.0,1008.0,0.0,0.0,0.010000000000000009,0.010000000000000009,1.21,0.0,0.0,0.0,0.0,3.0,4.0,7.0,7.0
537,Jenson,Seelt,Seelt,u,Has joined Swansea City on loan for the rest of the season,,4.5,521,138,0.0,617,206,0.0,487,187,0,0,0,0,0,0,33,0.0,0.0,0.0,0.0,0.0,487,187,0.0,0.0,449,181,451,182,393,171,459,181,,,,,,,,0.0,0.0,0.0,0.0,0.0,0.0,0.0,0.0,0.0,3,0,0.0,0.0,0.0,0.0,0.0,0.0,0.0,0.0,0.0,0.0,0.0,0.0,0.0,0.0,0.0,34.0,0.0,0.0,0.0,0.0,0.0,0.0,0.0,0.0,0.0,0.0,0.0,0.0,0.0
538,Leo Fuhr,Hjelde,Hjelde,u,Has joined KV Mechelen on loan for the rest of the season,,4.0,621,186,0.0,506,176,0.0,415,148,0,0,0,0,0,0,126,0.0,0.0,0.0,0.0,0.0,415,148,0.0,0.0,370,136,362,134,287,108,380,136,,,,,,,,0.0,0.0,0.0,0.0,0.0,0.0,0.0,0.0,0.0,3,0,0.0,0.0,0.0,0.0,0.0,0.0,0.0,0.0,0.0,0.0,0.0,0.0,0.0,0.0,0.0,128.0,0.0,0.0,0.0,0.0,0.0,0.0,0.0,0.0,0.0,0.0,0.0,0.0,0.0
539,Luke,O'Nien,O'Nien,a,,,4.0,592,165,2.9,107,42,0.3,333,118,0,0,0,0,0,587,7157,0.1,0.2,0.3,0.3,1.0,263,92,,,226,92,267,93,196,69,268,98,,,,,,,,0.01,0.01,0.02,2.3,0.0,0.0,1.36,1.36,6.82,3,0,0.0,0.0,0.0,0.0,0.0,0.0,0.0,0.0,0.0,0.0,0.0,0.0,0.0,0.0,614.0,7487.0,0.0,0.0,0.0,0.0,0.0,0.0,0.0,0.0,0.0,0.0,0.0,0.0,0.0
540,Arthur,Masuaku,Masuaku,u,Has joined Konyaspor permanently,,4.0,585,161,0.2,355,132,0.0,394,138,0,0,0,0,0,0,529,0.0,0.0,0.0,0.0,0.0,394,138,0.0,0.0,349,126,339,122,261,93,358,125,,,,,,,,0.0,0.0,0.0,0.0,0.0,0.0,0.0,0.0,0.0,3,0,0.0,0.0,0.0,0.0,0.0,0.0,0.0,0.0,0.0,0.0,0.0,0.0,0.0,0.0,0.0,542.0,0.0,0.0,0.0,0.0,0.0,0.0,0.0,0.0,0.0,0.0,0.0,0.0,0.0
533,Nordi,Mukiele,Mukiele,a,,,5.5,137,16,2.4,117,47,4.3,62,26,4,0,0,0,0,1860,4899,0.8,2.4,4.3,4.3,6.5,28,13,100.0,100.0,83,36,195,62,242,89,161,60,,,,,,,,0.0,0.02,0.02,1.08,0.0,0.5,0.5,1.0,16.5,3,4,90.0,0.0,0.0,0.0,1.0,0.0,0.0,0.0,0.0,0.0,0.0,1.0,0.0,16.0,1967.0,5170.0,0.0,0.0,0.019999999999999997,0.019999999999999997,1.2100000000000002,0.0,0.0,0.0,0.0,4.0,10.0,6.0,14.0
534,Trai,Hume,Hume,a,,,4.5,505,132,5.1,73,31,3.0,110,43,1,0,0,0,0,981,33130,0.7,2.0,3.0,3.0,3.0,122,50,,,142,63,21,3,113,34,68,17,3.0,,,,,,,0.02,0.13,0.15,1.43,0.0,0.46,0.46,0.92,5.54,3,1,26.0,0.0,0.0,0.0,0.0,0.0,0.0,0.0,0.0,0.0,0.0,0.0,0.0,8.0,1067.0,34800.0,0.0,0.0,0.0,0.0,0.44999999999999973,0.0,0.0,0.0,0.0,2.0,0.0,2.0,2.0
535,Omar,Alderete,Alderete,a,,,4.9,384,69,0.3,286,107,0.3,345,126,0,-1,1,-1,1,137,1765,0.1,0.2,0.3,0.3,1.0,294,117,100.0,100.0,496,193,297,110,442,185,505,193,,,,,,,,0.0,0.04,0.04,0.39,0.0,0.0,3.91,0.0,0.0,3,0,0.0,0.0,0.0,0.0,0.0,0.0,0.0,0.0,0.0,0.0,0.0,0.0,0.0,0.0,142.0,1865.0,0.0,0.0,0.0,0.0,0.0,0.0,0.0,0.0,0.0,0.0,0.0,0.0,0.0
541,Thomas,Meunier,Meunier,a,,,4.5,430,83,0.3,301,110,3.0,107,41,2,0,0,0,0,245,462,0.7,2.0,3.0,3.0,3.0,118,47,100.0,100.0,112,51,103,32,90,23,94,32,,,,,,,,0.08,0.05,0.13,1.3,0.0,0.37,1.11,1.11,5.19,3,2,63.0,0.0,0.0,0.0,1.0,0.0,0.0,0.0,0.0,0.0,0.0,1.0,0.0,0.0,262.0,480.0,0.0,0.10999999999999999,0.0,0.11000000000000001,0.7599999999999998,0.0,0.0,0.0,0.0,0.0,2.0,0.0,2.0
542,Enzo,Le Fée,E.Le Fée,a,,,5.9,106,67,5.5,66,21,4.3,67,32,8,0,0,-1,1,2796,30651,0.7,2.2,4.3,4.3,4.3,72,33,,,249,108,78,50,64,38,124,62,1.0,2.0,2.0,,,,,0.42,0.08,0.5,1.31,0.0,0.35,0.7,1.05,4.88,3,8,90.0,1.0,0.0,0.0,1.0,0.0,0.0,0.0,0.0,0.0,0.0,1.0,1.0,25.0,2842.0,34079.0,0.0,0.84,0.03,0.87,1.21,0.0,0.0,0.0,0.0,4.0,0.0,2.0,6.0
543,Habib,Diarra,Diarra,i,Hamstring injury - Unknown return date,,5.4,228,143,0.0,507,207,1.7,208,96,0,-1,1,-1,1,6,440,0.3,0.9,0.0,0.0,2.5,160,68,0.0,0.0,203,81,181,103,238,114,221,98,,,1.0,,,,,0.1,0.51,0.61,0.39,0.0,0.0,3.21,0.0,0.0,3,0,0.0,0.0,0.0,0.0,0.0,0.0,0.0,0.0,0.0,0.0,0.0,0.0,0.0,0.0,6.0,465.0,0.0,0.0,0.0,0.0,0.0,0.0,0.0,0.0,0.0,0.0,0.0,0.0,0.0
544,Granit,Xhaka,Xhaka,a,,,5.5,123,79,4.6,79,26,6.0,32,13,3,0,0,0,0,7467,10614,1.1,3.3,6.0,6.0,6.0,35,14,,,97,34,6,6,585,245,38,29,2.0,1.0,,,,,,0.02,0.19,0.21,1.32,0.0,0.33,1.0,1.0,11.67,3,3,90.0,0.0,0.0,0.0,1.0,0.0,0.0,0.0,1.0,0.0,0.0,1.0,0.0,12.0,7728.0,10997.0,0.0,0.06,0.11999999999999994,0.18,1.21,0.0,0.0,0.0,0.0,2.0,4.0,9.0,15.0
545,Noah,Sadiki,Sadiki,a,,,5.0,360,219,0.3,305,105,2.0,186,84,1,0,0,0,0,229,1030,0.4,1.2,2.0,2.0,2.0,208,91,,,125,46,51,40,61,36,64,40,,,,,,,,0.13,0.08,0.21,1.27,0.0,0.36,1.07,1.07,5.69,3,1,73.0,0.0,0.0,0.0,1.0,0.0,0.0,0.0,1.0,0.0,0.0,1.0,0.0,16.0,247.0,1062.0,0.0,0.27999999999999997,0.18,0.45999999999999996,0.8199999999999998,0.0,0.0,0.0,0.0,0.0,0.0,3.0,3.0
546,Simon,Adingra,Adingra,u,Has joined Ajax on loan for the rest of the season,,4.9,410,248,0.0,513,210,0.0,543,219,0,0,0,-1,1,0,297,0.0,0.0,0.0,0.0,0.0,543,219,0.0,0.0,510,199,511,207,459,167,520,204,,,,,,,,0.0,0.0,0.0,0.0,0.0,0.0,0.0,0.0,0.0,3,0,0.0,0.0,0.0,0.0,0.0,0.0,0.0,0.0,0.0,0.0,0.0,0.0,0.0,0.0,0.0,312.0,0.0,0.0,0.0,0.0,0.0,0.0,0.0,0.0,0.0,0.0,0.0,0.0,0.0
547,Romaine,Mundle,Mundle,a,,,5.0,303,182,0.0,613,262,0.3,358,163,0,0,0,0,0,16,34,0.1,0.2,0.3,0.3,1.0,313,134,,,247,106,327,165,102,53,233,104,,,,,,,,15.3,0.0,15.3,8.1,0.0,0.0,0.0,0.0,90.0,3,0,0.0,0.0,0.0,0.0,0.0,0.0,0.0,0.0,0.0,0.0,0.0,0.0,0.0,0.0,17.0,34.0,0.0,0.0,0.0,0.0,0.0,0.0,0.0,0.0,0.0,0.0,0.0,0.0,0.0
548,Chris,Rigg,Rigg,a,,,5.0,356,216,0.1,490,197,0.7,309,139,0,0,0,0,0,24,155,0.1,0.4,0.7,0.7,1.0,322,141,,,571,238,315,160,546,219,579,241,,,,,,,,0.0,0.0,0.0,2.33,0.0,0.0,5.29,0.0,5.29,3,0,0.0,0.0,0.0,0.0,0.0,0.0,0.0,0.0,0.0,0.0,0.0,0.0,0.0,0.0,24.0,160.0,0.0,0.0,0.0,0.0,0.0,0.0,0.0,0.0,0.0,0.0,0.0,0.0,0.0
549,Chemsdine,Talbi,Talbi,a,,,5.4,229,144,0.2,356,131,0.3,371,172,0,0,0,-1,1,63,640,0.1,0.2,0.3,0.3,1.0,336,152,,,598,256,287,146,580,242,604,257,,,,,,,,0.0,0.0,0.0,0.41,0.0,0.0,2.9,0.0,5.81,3,0,0.0,0.0,0.0,0.0,0.0,0.0,0.0,0.0,0.0,0.0,0.0,0.0,0.0,0.0,63.0,663.0,0.0,0.0,0.0,0.0,0.0,0.0,0.0,0.0,0.0,0.0,0.0,0.0,0.0
550,Djiamgone Jocelin Ta,Bi,Jocelin.T,a,,,5.0,377,229,0.0,622,267,0.0,603,255,0,0,0,0,0,16,16,0.0,0.0,0.0,0.0,0.0,603,255,,,580,242,587,248,558,226,588,245,,,,,,,,0.0,0.0,0.0,0.0,0.0,0.0,0.0,0.0,0.0,3,0,0.0,0.0,0.0,0.0,0.0,0.0,0.0,0.0,0.0,0.0,0.0,0.0,0.0,0.0,16.0,16.0,0.0,0.0,0.0,0.0,0.0,0.0,0.0,0.0,0.0,0.0,0.0,0.0,0.0
551,Nilson,Angulo,N.Angulo,a,,,5.0,347,208,0.1,370,136,3.3,99,46,2,0,0,0,0,435,668,0.7,2.0,3.3,3.3,3.3,110,48,,,91,32,127,76,107,56,109,56,,3.0,,,,,,0.07,0.06,0.13,1.46,0.0,0.49,0.97,1.46,8.27,3,2,63.0,0.0,0.0,0.0,1.0,0.0,0.0,0.0,0.0,0.0,0.0,1.0,0.0,11.0,452.0,683.0,0.0,0.0,0.06999999999999999,0.07,0.7599999999999998,0.0,0.0,0.0,0.0,1.0,1.0,3.0,5.0
552,Brian,Brobbey,Brobbey,a,,,5.9,99,26,8.7,49,7,2.0,194,17,2,0,0,-1,1,5072,59218,0.3,1.0,2.0,2.0,2.0,218,22,,,627,72,216,29,118,23,265,31,,,,,,,,0.24,0.02,0.26,1.43,0.0,0.41,0.82,1.23,2.88,3,2,90.0,0.0,0.0,0.0,1.0,0.0,0.0,0.0,0.0,0.0,0.0,1.0,0.0,11.0,5215.0,63386.0,0.0,0.25999999999999995,0.06,0.32,1.21,0.0,0.0,0.0,0.0,0.0,0.0,3.0,3.0
553,Wilson,Isidor,Isidor,a,,,5.5,154,40,1.2,167,25,4.3,63,5,4,0,0,0,0,11007,3610,0.8,2.4,4.3,4.3,4.3,68,6,,,135,12,318,39,76,17,158,18,,,,,,,,1.79,0.01,1.8,1.1,0.0,0.0,1.2,0.0,2.4,3,4,26.0,0.0,1.0,0.0,0.0,0.0,0.0,0.0,0.0,0.0,0.0,0.0,0.0,15.0,11258.0,3714.0,0.0,0.10000000000000009,0.01,0.1100000000000001,0.45000000000000007,0.0,0.0,0.0,0.0,0.0,0.0,2.0,2.0
612,Dayann,Méthalie,Methalie,a,,,4.5,562,151,0.0,621,207,0.0,520,196,0,0,0,0,0,39,26,0.0,0.0,0.0,0.0,0.0,520,196,100.0,100.0,484,190,484,191,429,182,493,190,,,,,,,,0.0,0.0,0.0,0.0,0.0,0.0,0.0,0.0,0.0,3,0,0.0,0.0,0.0,0.0,0.0,0.0,0.0,0.0,0.0,0.0,0.0,0.0,0.0,0.0,41.0,26.0,0.0,0.0,0.0,0.0,0.0,0.0,0.0,0.0,0.0,0.0,0.0,0.0,0.0
613,Jules,Ahoka,Ahoka,a,,,4.5,567,290,0.2,323,116,0.0,525,208,0,0,0,0,0,2199,1049,0.0,0.0,0.0,0.0,0.0,525,208,,,489,187,489,195,434,153,498,191,,,,,,,,0.0,0.0,0.0,0.0,0.0,0.0,0.0,0.0,0.0,3,0,0.0,0.0,0.0,0.0,0.0,0.0,0.0,0.0,0.0,0.0,0.0,0.0,0.0,0.0,2287.0,1069.0,0.0,0.0,0.0,0.0,0.0,0.0,0.0,0.0,0.0,0.0,0.0,0.0,0.0
646,Malick,Fofana,Fofana,a,,,5.5,184,113,0.0,551,226,1.0,270,123,1,0,0,0,0,530,114,0.2,0.2,2.0,2.0,1.0,350,161,,,616,268,620,269,609,261,620,268,,,,,,,,0.0,0.0,0.0,2.19,0.0,0.0,0.0,0.0,0.0,3,1,16.0,0.0,0.0,0.0,0.0,0.0,0.0,0.0,0.0,0.0,0.0,0.0,0.0,3.0,553.0,115.0,0.0,0.0,0.0,0.0,0.39,0.0,0.0,0.0,0.0,0.0,0.0,0.0,0.0
651,Juan,Angulo,J.Angulo,a,,,4.5,564,78,0.3,304,51,0.0,522,57,0,0,0,0,0,9258,1651,0.0,0.0,1.0,1.0,0.0,522,57,,,486,48,486,53,431,50,495,53,,,,,,,,0.0,0.0,0.0,0.0,0.0,0.0,0.0,0.0,0.0,3,0,0.0,0.0,0.0,0.0,0.0,0.0,0.0,0.0,0.0,0.0,0.0,0.0,0.0,0.0,9577.0,1693.0,0.0,0.0,0.0,0.0,0.0,0.0,0.0,0.0,0.0,0.0,0.0,0.0,0.0
